Temps,Ecart,I moteur,Mesure,vitesse,accélération,position,U moteur,Consigne,Sortie Reg.,S. Action P.
s,mm/s,mA,mm/s,mm/s,mm/s²,mm,V,mm/s,inc,mm/s
0.000,0.000,-4.395,0.000,0.000,0.000,25.818,0.315,0.000,0.000,0.000
0.010,0.000,-9.277,0.000,0.000,0.000,25.818,0.163,0.000,0.000,0.000
0.020,0.000,2.930,0.000,0.000,0.000,25.818,-0.336,0.000,0.000,0.000
0.030,0.000,9.277,0.000,0.000,0.000,25.818,-0.033,0.000,0.000,0.000
0.040,0.000,-33.691,0.000,0.000,0.000,25.818,0.532,0.000,0.000,0.000
0.050,0.000,7.813,0.000,0.000,0.000,25.818,-0.217,0.000,0.000,0.000
0.060,0.000,8.789,0.000,0.000,0.000,25.818,-0.282,0.000,0.000,0.000
0.070,0.000,-19.043,0.000,0.000,0.000,25.818,0.369,0.000,0.000,0.000
0.080,0.000,-20.508,0.000,0.000,0.000,25.818,-0.098,0.000,0.000,0.000
0.090,0.000,22.949,0.000,0.000,0.000,25.818,-0.553,0.000,0.000,0.000
0.100,99.915,526.367,4.884,4.884,100.021,25.851,4.601,99.915,1023.000,199.829
0.110,95.031,532.715,12.935,12.935,264.921,25.967,6.890,99.915,1023.000,190.062
0.120,86.980,547.363,21.250,21.250,435.228,26.162,8.453,99.915,1023.000,173.960
0.130,78.665,542.969,29.565,29.565,505.513,26.438,10.449,99.915,1023.000,157.329
0.140,70.349,546.387,37.880,37.880,610.941,26.797,12.294,99.915,1023.000,140.699
0.150,62.034,513.184,45.932,45.932,670.413,27.234,13.628,99.915,940.000,124.068
0.160,53.983,448.242,52.663,52.663,643.380,27.739,14.670,99.915,818.000,107.966
0.170,47.252,401.367,58.734,58.734,597.425,28.304,15.517,99.915,716.000,94.503
0.180,41.180,352.539,63.618,63.618,532.546,28.919,16.309,99.915,624.000,82.360
0.190,36.297,310.059,67.842,67.842,475.777,29.575,16.949,99.915,550.000,72.593
0.200,32.073,288.574,71.273,71.273,394.679,30.267,17.567,99.915,486.000,64.146
0.210,28.641,260.254,74.441,74.441,346.020,30.990,17.969,99.915,434.000,57.283
0.220,25.474,240.723,76.949,76.949,286.548,31.737,18.555,99.915,386.000,50.947
0.230,22.966,218.750,79.061,79.061,245.998,32.507,18.750,99.915,348.000,45.932
0.240,20.854,202.148,80.908,80.908,202.746,33.295,19.032,99.915,316.000,41.708
0.250,19.006,187.988,82.492,82.492,178.416,34.099,19.358,99.915,288.000,38.012
0.260,17.422,177.734,83.812,83.812,148.680,34.915,19.510,99.915,264.000,34.845
0.270,16.102,167.969,84.868,84.868,124.351,35.742,19.661,99.915,244.000,32.205
0.280,15.047,153.809,85.660,85.660,102.725,36.578,19.965,99.915,228.000,30.093
0.290,14.255,151.855,86.584,86.584,89.208,37.422,20.237,99.915,216.000,28.509
0.300,13.331,150.391,87.244,87.244,75.692,38.273,20.041,99.915,202.000,26.661
0.310,12.671,140.137,87.772,87.772,64.879,39.129,20.030,99.915,192.000,25.342
0.320,12.143,132.324,88.300,88.300,51.362,39.991,20.215,99.915,184.000,24.286
0.330,11.615,135.254,88.696,88.696,48.659,40.856,20.367,99.915,176.000,23.230
0.340,11.219,128.906,89.092,89.092,40.549,41.726,20.454,99.915,170.000,22.438
0.350,10.823,128.906,89.488,89.488,35.143,42.599,20.605,99.915,164.000,21.646
0.360,10.427,127.930,89.620,89.620,29.736,43.474,20.258,99.915,158.000,20.854
0.370,10.295,126.953,89.752,89.752,21.626,44.350,20.313,99.915,156.000,20.590
0.380,10.163,115.723,89.356,89.356,5.407,45.225,20.605,99.915,154.000,20.326
0.390,10.559,129.883,90.148,90.148,18.923,46.105,20.475,99.915,160.000,21.118
0.400,9.767,125.000,90.148,90.148,10.813,46.986,20.497,99.915,148.000,19.534
0.410,9.767,119.141,90.411,90.411,24.330,47.869,20.595,99.915,148.000,19.534
0.420,9.503,127.441,90.543,90.543,0.000,48.752,20.475,99.915,144.000,19.006
0.430,9.371,120.605,90.411,90.411,21.626,49.636,20.486,99.915,142.000,18.742
0.440,9.503,117.676,90.675,90.675,5.407,50.521,20.736,99.915,144.000,19.006
0.450,9.239,118.652,90.807,90.807,10.813,51.408,20.573,99.915,140.000,18.478
0.460,9.107,117.676,90.675,90.675,8.110,52.294,20.627,99.915,138.000,18.214
0.470,9.239,120.117,90.939,90.939,2.703,53.182,20.605,99.915,140.000,18.478
0.480,8.975,117.676,90.807,90.807,5.407,54.068,20.388,99.915,136.000,17.950
0.490,9.107,116.699,90.939,90.939,8.110,54.956,20.866,99.915,138.000,18.214
0.500,8.975,114.258,90.939,90.939,-2.703,55.844,20.551,99.915,136.000,17.950
0.510,8.975,112.793,91.071,91.071,10.813,56.734,20.736,99.915,136.000,17.950
0.520,8.843,118.164,91.203,91.203,2.703,57.624,20.660,99.915,134.000,17.686
0.530,8.711,109.375,91.071,91.071,5.407,58.514,20.844,99.915,132.000,17.422
0.540,8.843,114.746,91.335,91.335,5.407,59.405,20.736,99.915,134.000,17.686
0.550,8.579,116.699,91.335,91.335,5.407,60.297,20.562,99.915,130.000,17.158
0.560,8.579,113.281,91.203,91.203,5.407,61.189,20.801,99.915,130.000,17.158
0.570,8.711,108.398,91.335,91.335,-2.703,62.082,20.768,99.915,132.000,17.422
0.580,8.579,118.164,91.599,91.599,10.813,62.974,20.703,99.915,130.000,17.158
0.590,8.315,110.840,91.335,91.335,2.703,63.867,20.909,99.915,126.000,16.630
0.600,8.579,111.328,91.335,91.335,-2.703,64.761,20.844,99.915,130.000,17.158
0.610,8.579,116.699,91.335,91.335,-2.703,65.649,20.638,99.915,130.000,17.158
0.620,8.579,122.070,91.467,91.467,8.110,66.542,20.681,99.915,130.000,17.158
0.630,8.447,117.676,91.203,91.203,-8.110,67.434,20.768,99.915,128.000,16.894
0.640,8.711,112.793,91.203,91.203,-2.703,68.321,20.681,99.915,132.000,17.422
0.650,8.711,114.746,91.599,91.599,2.703,69.215,20.844,99.915,132.000,17.422
0.660,8.315,112.793,91.599,91.599,10.813,70.109,20.844,99.915,126.000,16.630
0.670,8.315,110.840,91.599,91.599,2.703,71.003,20.833,99.915,126.000,16.630
0.680,8.315,113.770,91.467,91.467,-2.703,71.895,20.692,99.915,126.000,16.630
0.690,8.447,106.934,91.071,91.071,-2.703,72.786,20.736,99.915,128.000,16.894
0.700,8.843,115.234,91.203,91.203,-8.110,73.676,20.671,99.915,134.000,17.686
0.710,8.711,116.699,91.203,91.203,-5.407,74.566,20.714,99.915,132.000,17.422
0.720,8.711,114.258,90.939,90.939,-5.407,75.454,20.345,99.915,132.000,17.422
0.730,8.975,110.352,90.939,90.939,-13.516,76.342,20.801,99.915,136.000,17.950
0.740,8.975,117.188,91.071,91.071,0.000,77.232,20.562,99.915,136.000,17.950
0.750,8.843,113.770,90.939,90.939,0.000,78.120,20.432,99.915,134.000,17.686
0.760,8.975,111.328,90.939,90.939,-5.407,79.006,20.768,99.915,136.000,17.950
0.770,8.975,114.258,91.467,91.467,8.110,79.894,20.779,99.915,136.000,17.950
0.780,8.447,115.234,90.675,90.675,-2.703,80.782,20.638,99.915,128.000,16.894
0.790,9.239,112.793,91.203,91.203,2.703,81.672,20.812,99.915,140.000,18.478
0.800,8.711,104.492,91.203,91.203,-5.407,82.563,20.898,99.915,132.000,17.422
0.810,8.711,111.816,91.203,91.203,21.626,83.451,20.616,99.915,132.000,17.422
0.820,8.711,119.629,91.071,91.071,-18.923,84.338,20.768,99.915,132.000,17.422
0.830,8.843,114.746,91.071,91.071,8.110,85.228,20.519,0.000,134.000,17.686
0.840,-91.071,-396.484,84.868,84.868,-129.757,86.077,16.938,0.000,-1023.000,-182.143
0.850,-84.868,-333.984,75.101,75.101,-327.097,86.825,10.818,0.000,-1023.000,-169.736
0.860,-75.101,-529.297,64.278,64.278,-551.469,87.467,11.719,0.000,-1023.000,-150.202
0.870,-64.278,-412.598,54.115,54.115,-629.864,88.011,8.149,0.000,-974.000,-128.556
0.880,-54.115,-353.516,45.008,45.008,-743.402,88.461,6.977,0.000,-820.000,-108.230
0.890,-45.008,-291.504,36.825,36.825,-762.325,88.832,5.718,0.000,-682.000,-90.016
0.900,-36.825,-222.168,30.225,30.225,-710.962,89.136,4.677,0.000,-558.000,-73.649
0.910,-30.225,-178.711,24.286,24.286,-632.567,89.380,3.819,0.000,-458.000,-60.450
0.920,-24.286,-136.719,19.666,19.666,-537.953,89.578,3.147,0.000,-368.000,-48.571
0.930,-19.666,-97.168,15.839,15.839,-462.261,89.738,2.582,0.000,-298.000,-39.332
0.940,-15.839,-89.355,12.539,12.539,-375.756,89.864,2.376,0.000,-240.000,-31.677
0.950,-12.539,-78.125,10.427,10.427,-310.877,89.969,2.333,0.000,-190.000,-25.078
0.960,-10.427,-31.738,8.579,8.579,-243.295,90.056,1.454,0.000,-158.000,-20.854
0.970,-8.579,-14.648,6.731,6.731,-197.339,90.125,1.248,0.000,-130.000,-17.158
0.980,-6.731,-3.906,5.016,5.016,-178.416,90.176,1.042,0.000,-102.000,-13.463
0.990,-5.016,12.207,3.828,3.828,-140.570,90.215,0.760,0.000,-76.000,-10.031
1.000,-3.828,23.926,2.508,2.508,-124.351,90.241,0.575,0.000,-58.000,-7.655
1.010,-2.508,29.785,1.320,1.320,-113.538,90.255,0.467,0.000,-38.000,-5.016
1.020,-1.320,12.695,0.000,0.000,-113.538,90.257,-0.553,0.000,-20.000,-2.640
1.030,0.000,-7.813,-0.264,-0.264,-81.098,90.255,0.336,0.000,0.000,0.000
1.040,0.264,-9.277,0.132,0.132,-51.362,90.256,-0.250,0.000,4.000,0.528
1.050,-0.132,-13.672,0.000,0.000,-24.330,90.256,0.347,0.000,-2.000,-0.264
1.060,0.000,-12.207,-0.132,-0.132,-24.330,90.255,0.174,0.000,0.000,0.000
1.070,0.132,26.367,0.000,0.000,-8.110,90.255,-0.315,0.000,2.000,0.264
1.080,0.000,-10.254,0.000,0.000,8.110,90.255,0.445,0.000,0.000,0.000
1.090,0.000,-2.441,0.000,0.000,0.000,90.254,-0.326,0.000,0.000,0.000
1.100,0.000,2.930,-0.132,-0.132,-5.407,90.252,-0.326,0.000,0.000,0.000
1.110,0.132,38.086,0.792,0.792,18.923,90.259,0.608,0.000,2.000,0.264
1.120,-0.792,-7.813,0.000,0.000,0.000,90.259,-0.380,0.000,-12.000,-1.584
1.130,0.000,16.113,-0.264,-0.264,-2.703,90.256,-0.510,0.000,0.000,0.000
1.140,0.264,-6.836,0.000,0.000,-18.923,90.257,0.326,0.000,4.000,0.528
1.150,0.000,-9.766,0.000,0.000,18.923,90.256,0.022,0.000,0.000,0.000
1.160,0.000,20.020,0.000,0.000,-10.813,90.256,-0.553,0.000,0.000,0.000
1.170,0.000,-23.438,0.000,0.000,-5.407,90.256,0.391,0.000,0.000,0.000
1.180,0.000,-4.883,0.000,0.000,5.407,90.256,0.065,0.000,0.000,0.000
1.190,0.000,25.879,0.000,0.000,0.000,90.256,-0.575,0.000,0.000,0.000
1.200,0.000,-19.043,0.000,0.000,0.000,90.256,0.336,0.000,0.000,0.000
1.210,0.000,4.395,0.000,0.000,0.000,90.256,-0.510,0.000,0.000,0.000
1.220,0.000,3.906,0.000,0.000,0.000,90.256,-0.174,0.000,0.000,0.000
1.230,0.000,-25.391,0.000,0.000,0.000,90.256,0.456,0.000,0.000,0.000
1.240,0.000,20.996,0.000,0.000,0.000,90.256,-0.488,0.000,0.000,0.000
1.250,0.000,-2.930,0.528,0.528,10.813,90.259,0.282,0.000,0.000,0.000
1.260,-0.528,0.977,0.264,0.264,5.407,90.263,0.271,0.000,-8.000,-1.056
1.270,-0.264,11.230,-0.924,-0.924,-18.923,90.254,-0.684,0.000,-4.000,-0.528
1.280,0.924,26.367,0.132,0.132,-8.110,90.254,-0.119,0.000,14.000,1.848
1.290,-0.132,-23.438,0.000,0.000,5.407,90.254,0.358,0.000,-2.000,-0.264
1.300,0.000,12.207,0.000,0.000,13.516,90.254,-0.391,0.000,0.000,0.000
1.310,0.000,9.277,0.000,0.000,-27.033,90.254,-0.282,0.000,0.000,0.000
1.320,0.000,-10.742,0.000,0.000,21.626,90.253,0.152,0.000,0.000,0.000
1.330,0.000,-16.602,0.132,0.132,0.000,90.253,-0.022,0.000,0.000,0.000
1.340,-0.132,12.695,0.132,0.132,2.703,90.254,-0.532,0.000,-2.000,-0.264
1.350,-0.132,3.418,0.000,0.000,0.000,90.254,-0.076,0.000,-2.000,-0.264
1.360,0.000,3.418,0.132,0.132,0.000,90.254,-0.250,0.000,0.000,0.000
1.370,-0.132,11.719,0.000,0.000,0.000,90.254,-0.260,0.000,-2.000,-0.264
1.380,0.000,-8.301,0.000,0.000,0.000,90.254,0.391,0.000,0.000,0.000
1.390,0.000,18.066,0.000,0.000,-5.407,90.254,-0.358,0.000,0.000,0.000
1.400,0.000,18.555,-0.264,-0.264,-2.703,90.252,-0.347,0.000,0.000,0.000
1.410,0.264,10.742,-0.396,0.000,-2.703,90.251,-0.250,0.000,4.000,0.528
1.420,0.000,32.715,0.924,0.924,18.923,90.259,0.000,0.000,0.000,0.000
1.430,-0.924,5.859,-0.264,-0.264,0.000,90.258,-0.119,0.000,-14.000,-1.848
1.440,0.264,-15.137,0.000,0.000,-5.407,90.257,0.217,0.000,4.000,0.528
1.450,0.000,8.789,0.000,0.000,-13.516,90.257,-0.412,0.000,0.000,0.000
1.460,0.000,16.602,-0.132,-0.132,21.626,90.257,-0.228,0.000,0.000,0.000
1.470,0.132,-14.160,0.000,0.000,-24.330,90.257,0.467,0.000,2.000,0.264
1.480,0.000,11.719,0.000,0.000,5.407,90.257,-0.380,0.000,0.000,0.000
1.490,0.000,17.090,0.000,0.000,2.703,90.257,-0.629,0.000,0.000,0.000
1.500,0.000,-8.789,0.000,0.000,-2.703,90.257,0.401,0.000,0.000,0.000
1.510,0.000,-1.953,0.000,0.000,2.703,90.257,-0.087,0.000,0.000,0.000
1.520,0.000,15.137,0.000,0.000,0.000,90.257,-0.575,0.000,0.000,0.000
1.530,0.000,-19.043,0.000,0.000,0.000,90.257,0.445,0.000,0.000,0.000
1.540,0.000,-4.883,0.132,0.132,2.703,90.257,-0.109,0.000,0.000,0.000
1.550,-0.132,-13.672,-0.132,-0.132,-2.703,90.257,0.391,0.000,-2.000,-0.264
1.560,0.132,-10.742,-0.528,-0.528,-10.813,90.254,-0.087,0.000,2.000,0.264
1.570,0.528,11.719,0.132,0.132,0.000,90.254,0.543,0.000,8.000,1.056
1.580,-0.132,5.371,0.000,0.000,5.407,90.256,-0.065,0.000,-2.000,-0.264
1.590,0.000,3.906,0.000,0.000,5.407,90.254,-0.358,0.000,0.000,0.000
1.600,0.000,18.555,0.000,0.000,-10.813,90.254,-0.076,0.000,0.000,0.000
1.610,0.000,-27.832,0.000,0.000,13.516,90.254,0.250,0.000,0.000,0.000
1.620,0.000,25.391,0.000,0.000,-2.703,90.254,-0.456,0.000,0.000,0.000
1.630,0.000,-21.973,0.000,0.000,0.000,90.254,0.217,0.000,0.000,0.000
1.640,0.000,-15.625,0.000,0.000,0.000,90.254,0.174,0.000,0.000,0.000
1.650,0.000,13.184,0.132,0.132,2.703,90.254,-0.488,0.000,0.000,0.000
1.660,-0.132,15.137,0.000,0.000,0.000,90.254,-0.228,0.000,-2.000,-0.264
1.670,0.000,-17.578,-0.132,-0.132,-2.703,90.254,0.347,0.000,0.000,0.000
1.680,0.132,-11.230,0.132,0.132,0.000,90.254,0.217,0.000,2.000,0.264
1.690,-0.132,18.555,0.000,0.000,2.703,90.254,-0.076,0.000,-2.000,-0.264
1.700,0.000,-24.414,0.000,0.000,0.000,90.254,0.315,0.000,0.000,0.000
1.710,0.000,4.883,-0.396,-0.396,-13.516,90.252,-0.163,0.000,0.000,0.000
1.720,0.396,0.000,-0.264,-0.264,0.000,90.248,-0.326,0.000,6.000,0.792
1.730,0.264,-23.438,0.528,0.528,8.110,90.254,0.456,0.000,4.000,0.528
1.740,-0.528,4.395,-0.132,-0.132,5.407,90.253,-0.445,0.000,-8.000,-1.056
1.750,0.132,23.926,-0.132,-0.132,-5.407,90.252,-0.282,0.000,2.000,0.264
1.760,0.132,-10.742,0.132,0.132,-5.407,90.252,0.174,0.000,2.000,0.264
1.770,-0.132,-17.578,0.000,0.000,18.923,90.252,0.326,0.000,-2.000,-0.264
1.780,0.000,13.184,0.000,0.000,-10.813,90.252,-0.640,0.000,0.000,0.000
1.790,0.000,4.395,0.000,0.000,-2.703,90.252,-0.119,0.000,0.000,0.000
1.800,0.000,-13.672,0.000,0.000,5.407,90.252,0.412,0.000,0.000,0.000
1.810,0.000,11.719,0.000,0.000,-2.703,90.252,-0.336,0.000,0.000,0.000
1.820,0.000,9.277,0.000,0.000,0.000,90.252,-0.011,0.000,0.000,0.000
1.830,0.000,-20.996,0.000,0.000,0.000,90.252,0.499,0.000,0.000,0.000
1.840,0.000,-2.930,0.000,0.000,0.000,90.252,0.022,0.000,0.000,0.000
1.850,0.000,9.766,0.000,0.000,0.000,90.252,0.098,0.000,0.000,0.000
1.860,0.000,-21.973,0.000,0.000,0.000,90.252,0.358,0.000,0.000,0.000
1.870,0.000,-8.301,-0.660,-0.660,-13.516,90.247,-0.434,0.000,0.000,0.000
1.880,0.660,64.453,0.396,0.396,8.110,90.247,-0.532,0.000,10.000,1.320
1.890,-0.396,-0.488,0.000,0.000,0.000,90.249,0.217,0.000,-6.000,-0.792
1.900,0.000,-9.277,0.000,0.000,13.516,90.248,-0.217,0.000,0.000,0.000
1.910,0.000,19.043,0.000,0.000,-21.626,90.248,-0.564,0.000,0.000,0.000
1.920,0.000,-22.461,0.000,0.000,21.626,90.248,0.336,0.000,0.000,0.000
1.930,0.000,3.906,0.000,0.000,-8.110,90.248,-0.380,0.000,0.000,0.000
1.940,0.000,17.578,0.132,0.132,2.703,90.248,-0.477,0.000,0.000,0.000
1.950,-0.132,-7.324,0.132,0.132,2.703,90.248,0.206,0.000,-2.000,-0.264
1.960,-0.132,-11.719,0.000,0.000,0.000,90.248,-0.043,0.000,-2.000,-0.264
1.970,0.000,12.695,0.000,0.000,-2.703,90.248,-0.260,0.000,0.000,0.000
1.980,0.000,-16.602,0.000,0.000,0.000,90.248,0.315,0.000,0.000,0.000
1.990,0.000,-17.578,0.000,0.000,0.000,90.248,0.467,0.000,0.000,0.000
2.000,0.000,19.043,0.132,0.132,0.000,90.248,-0.423,0.000,0.000,0.000
2.010,-0.132,-25.391,0.000,0.000,0.000,90.248,0.271,0.000,-2.000,-0.264
2.020,0.000,3.906,0.000,0.000,0.000,90.248,-0.228,0.000,0.000,0.000
2.030,0.000,2.930,1.320,1.320,24.330,90.259,0.543,0.000,0.000,0.000
2.040,-1.320,-89.355,-0.924,-0.924,-16.220,90.255,0.109,0.000,-20.000,-2.640
2.050,0.924,-19.531,-0.132,-0.132,-5.407,90.251,0.141,0.000,14.000,1.848
2.060,0.132,9.277,0.000,0.000,-27.033,90.252,-0.065,0.000,2.000,0.264
2.070,0.000,-22.461,0.000,0.000,45.956,90.252,0.315,0.000,0.000,0.000
2.080,0.000,0.977,-0.132,-0.132,-45.956,90.252,-0.109,0.000,0.000,0.000
2.090,0.132,16.602,0.000,0.000,16.220,90.252,-0.467,0.000,2.000,0.264
2.100,0.000,-11.719,0.000,0.000,2.703,90.252,0.282,0.000,0.000,0.000
2.110,0.000,-18.066,0.000,0.000,2.703,90.252,-0.043,0.000,0.000,0.000
2.120,0.000,9.766,0.000,0.000,-2.703,90.252,-0.239,0.000,0.000,0.000
2.130,0.000,-15.137,0.132,0.132,5.407,90.252,0.358,0.000,0.000,0.000
2.140,-0.132,-11.230,0.000,0.000,0.000,90.252,0.098,0.000,-2.000,-0.264
2.150,0.000,-6.836,0.132,0.132,2.703,90.252,-0.087,0.000,0.000,0.000
2.160,-0.132,8.301,0.000,0.000,-2.703,90.252,-0.358,0.000,-2.000,-0.264
2.170,0.000,16.602,-0.132,-0.132,0.000,90.250,-0.553,0.000,0.000,0.000
2.180,0.132,8.301,0.396,0.396,2.703,90.252,-0.195,0.000,2.000,0.264
2.190,-0.396,36.133,1.188,1.188,27.033,90.261,-0.174,0.000,-6.000,-0.792
2.200,-1.188,-6.348,-0.264,-0.264,-5.407,90.260,-0.608,0.000,-18.000,-2.376
2.210,0.264,-6.348,-0.132,-0.132,-13.516,90.257,0.163,0.000,4.000,0.528
2.220,0.132,-18.066,0.000,0.000,-13.516,90.258,0.369,0.000,2.000,0.264
2.230,0.000,16.602,0.000,0.000,21.626,90.258,-0.499,0.000,0.000,0.000
2.240,0.000,12.695,-0.132,-0.132,-29.736,90.258,-0.304,0.000,0.000,0.000
2.250,0.132,-17.090,0.000,0.000,2.703,90.258,0.347,0.000,2.000,0.264
2.260,0.000,14.648,0.000,0.000,2.703,90.258,-0.553,0.000,0.000,0.000
2.270,0.000,-7.324,-0.132,-0.132,0.000,90.257,0.228,0.000,0.000,0.000
2.280,0.132,4.883,0.132,0.132,0.000,90.258,-0.282,0.000,2.000,0.264
2.290,-0.132,19.531,0.000,0.000,2.703,90.258,-0.521,0.000,-2.000,-0.264
2.300,0.000,-24.902,-0.132,-0.132,0.000,90.257,0.434,0.000,0.000,0.000
2.310,0.132,-7.324,0.000,0.000,-5.407,90.258,0.011,0.000,2.000,0.264
2.320,0.000,-23.438,-0.132,-0.132,2.703,90.258,0.347,0.000,0.000,0.000
2.330,0.132,-12.695,-0.396,-0.396,-8.110,90.255,-0.304,0.000,2.000,0.264
2.340,0.396,2.930,0.396,0.396,5.407,90.256,0.347,0.000,6.000,0.792
2.350,-0.396,8.789,0.000,0.000,5.407,90.259,-0.575,0.000,-6.000,-0.792
2.360,0.000,5.371,-0.264,-0.264,0.000,90.257,0.109,0.000,0.000,0.000
2.370,0.264,-19.043,0.132,0.132,-10.813,90.257,0.532,0.000,4.000,0.528
2.380,-0.132,23.926,-0.132,-0.132,13.516,90.257,-0.499,0.000,-2.000,-0.264
2.390,0.132,-22.461,-0.132,-0.132,-5.407,90.256,0.315,0.000,2.000,0.264
2.400,0.132,-9.277,0.132,0.132,-5.407,90.257,0.206,0.000,2.000,0.264
2.410,-0.132,15.137,0.000,0.000,10.813,90.257,-0.532,0.000,-2.000,-0.264
2.420,0.000,-23.926,-0.132,-0.132,-5.407,90.256,0.271,0.000,0.000,0.000
2.430,0.132,-11.230,0.132,0.132,0.000,90.257,0.174,0.000,2.000,0.264
2.440,-0.132,16.113,0.000,0.000,5.407,90.257,-0.586,0.000,-2.000,-0.264
2.450,0.000,9.277,0.000,0.000,0.000,90.257,-0.315,0.000,0.000,0.000
2.460,0.000,-6.348,0.000,0.000,-5.407,90.257,0.184,0.000,0.000,0.000
2.470,0.000,-26.367,0.000,0.000,5.407,90.257,0.326,0.000,0.000,0.000
2.480,0.000,-1.465,-0.396,-0.396,-10.813,90.254,-0.358,0.000,0.000,0.000
2.490,0.396,-3.418,-0.528,-0.528,-10.813,90.249,-0.456,0.000,6.000,0.792
2.500,0.528,-29.297,1.056,1.056,21.626,90.257,0.564,0.000,8.000,1.056
2.510,-1.056,5.859,-0.264,-0.264,2.703,90.256,-0.532,0.000,-16.000,-2.112
2.520,0.264,-7.813,0.000,0.000,2.703,90.254,0.401,0.000,4.000,0.528
2.530,0.000,-17.578,0.000,0.000,-24.330,90.255,0.326,0.000,0.000,0.000
2.540,0.000,6.348,0.000,0.000,37.846,90.254,-0.347,0.000,0.000,0.000
2.550,0.000,8.789,0.000,0.000,-27.033,90.254,-0.206,0.000,0.000,0.000
2.560,0.000,0.000,0.132,0.132,8.110,90.255,0.206,0.000,0.000,0.000
2.570,-0.132,-14.160,0.000,0.000,0.000,90.255,0.271,0.000,-2.000,-0.264
2.580,0.000,0.977,0.000,0.000,0.000,90.255,-0.239,0.000,0.000,0.000
2.590,0.000,20.996,0.000,0.000,-2.703,90.255,-0.618,0.000,0.000,0.000
2.600,0.000,11.230,0.000,0.000,2.703,90.255,-0.358,0.000,0.000,0.000
2.610,0.000,-8.301,-0.132,-0.132,-5.407,90.254,0.217,0.000,0.000,0.000
2.620,0.132,-1.465,0.000,0.000,0.000,90.255,0.206,0.000,2.000,0.264
2.630,0.000,-15.137,0.000,0.000,0.000,90.256,0.260,0.000,0.000,0.000
2.640,0.000,-4.395,-0.528,-0.528,-8.110,90.251,-0.239,0.000,0.000,0.000
2.650,0.528,44.434,0.132,0.132,0.000,90.250,-0.174,0.000,8.000,1.056
2.660,-0.132,-25.391,0.000,0.000,2.703,90.251,0.326,0.000,-2.000,-0.264
2.670,0.000,-18.066,-0.132,-0.132,8.110,90.250,-0.109,0.000,0.000,0.000
2.680,0.132,16.602,0.000,0.000,-13.516,90.250,-0.575,0.000,2.000,0.264
2.690,0.000,-13.672,0.132,0.132,16.220,90.250,0.271,0.000,0.000,0.000
2.700,-0.132,9.277,-0.132,-0.132,-2.703,90.250,-0.315,0.000,-2.000,-0.264
2.710,0.132,1.953,0.000,0.000,-2.703,90.250,0.043,0.000,2.000,0.264
2.720,0.000,19.043,0.000,0.000,0.000,90.250,-0.521,0.000,0.000,0.000
2.730,0.000,-7.813,0.132,0.132,8.110,90.250,0.293,0.000,0.000,0.000
2.740,-0.132,-23.438,0.000,0.000,-5.407,90.250,0.532,0.000,-2.000,-0.264
2.750,0.000,16.113,0.000,0.000,2.703,90.250,-0.250,0.000,0.000,0.000
2.760,0.000,23.926,0.000,0.000,-2.703,90.250,-0.510,0.000,0.000,0.000
2.770,0.000,-7.324,0.000,0.000,2.703,90.250,0.239,0.000,0.000,0.000
2.780,0.000,-29.785,0.000,0.000,-2.703,90.250,0.412,0.000,0.000,0.000
2.790,0.000,-5.859,-0.264,-0.264,-5.407,90.248,-0.011,0.000,0.000,0.000
2.800,0.264,-3.906,-0.660,-0.660,-13.516,90.242,-0.347,0.000,4.000,0.528
2.810,0.660,-11.719,0.660,0.660,13.516,90.247,0.401,0.000,10.000,1.320
2.820,-0.660,14.160,-0.132,-0.132,2.703,90.247,-0.608,0.000,-10.000,-1.320
2.830,0.132,9.277,-0.132,-0.132,5.407,90.246,-0.195,0.000,2.000,0.264
2.840,0.132,-14.160,0.000,0.000,-21.626,90.246,0.401,0.000,2.000,0.264
2.850,0.000,14.648,0.000,0.000,29.736,90.246,-0.553,0.000,0.000,0.000
2.860,0.000,2.441,0.000,0.000,-13.516,90.246,0.109,0.000,0.000,0.000
2.870,0.000,-18.066,0.000,0.000,0.000,90.246,0.412,0.000,0.000,0.000
2.880,0.000,-7.324,0.000,0.000,2.703,90.246,-0.130,0.000,0.000,0.000
2.890,0.000,11.230,0.000,0.000,0.000,90.247,0.152,0.000,0.000,0.000
2.900,0.000,-11.230,0.000,0.000,0.000,90.246,-0.065,0.000,0.000,0.000
2.910,0.000,27.832,0.000,0.000,0.000,90.246,-0.282,0.000,0.000,0.000
2.920,0.000,-2.441,0.132,0.132,2.703,90.247,0.336,0.000,0.000,0.000
2.930,-0.132,-12.207,0.000,0.000,0.000,90.247,0.141,0.000,-2.000,-0.264
2.940,0.000,-9.277,0.000,0.000,0.000,90.247,0.304,0.000,0.000,0.000
2.950,0.000,-5.859,0.396,0.396,5.407,90.250,0.543,0.000,0.000,0.000
2.960,-0.396,-91.309,-1.188,-1.188,-21.626,90.241,0.206,0.000,-6.000,-0.792
2.970,1.188,18.066,0.000,0.000,-2.703,90.239,-0.152,0.000,18.000,2.376
2.980,0.000,16.113,0.132,0.132,-5.407,90.240,-0.618,0.000,0.000,0.000
2.990,-0.132,6.348,0.000,0.000,32.439,90.240,0.054,0.000,-2.000,-0.264
3.000,0.000,-12.207,0.000,0.000,-32.439,90.239,0.445,0.000,0.000,0.000
3.010,0.000,23.926,0.000,0.000,21.626,90.239,-0.521,0.000,0.000,0.000
3.020,0.000,8.301,0.000,0.000,2.703,90.240,-0.054,0.000,0.000,0.000
3.030,0.000,-14.648,0.000,0.000,-2.703,90.240,0.358,0.000,0.000,0.000
3.040,0.000,13.672,0.000,0.000,0.000,90.240,-0.629,0.000,0.000,0.000
3.050,0.000,-0.977,0.132,0.132,2.703,90.240,0.163,0.000,0.000,0.000
3.060,-0.132,-3.906,-0.132,-0.132,-2.703,90.239,0.217,0.000,-2.000,-0.264
3.070,0.132,10.254,0.000,0.000,0.000,90.239,-0.304,0.000,2.000,0.264
3.080,0.000,19.531,0.000,0.000,-2.703,90.240,0.076,0.000,0.000,0.000
3.090,0.000,16.113,0.000,0.000,5.407,90.240,-0.347,0.000,0.000,0.000
3.100,0.000,-2.930,0.528,0.528,5.407,90.244,0.195,0.000,0.000,0.000
3.110,-0.528,2.930,0.132,0.132,5.407,90.247,-0.076,0.000,-8.000,-1.056
3.120,-0.132,-29.785,-0.660,-0.660,-13.516,90.239,0.250,0.000,-2.000,-0.264
3.130,0.660,10.254,0.264,0.264,-5.407,90.241,0.195,0.000,10.000,1.320
3.140,-0.264,16.113,0.000,0.000,8.110,90.241,-0.434,0.000,-4.000,-0.528
3.150,0.000,0.977,0.000,0.000,5.407,90.241,0.043,0.000,0.000,0.000
3.160,0.000,-18.066,0.000,0.000,-21.626,90.240,0.380,0.000,0.000,0.000
3.170,0.000,-5.371,0.000,0.000,18.923,90.241,0.119,0.000,0.000,0.000
3.180,0.000,9.277,0.000,0.000,-5.407,90.241,-0.293,0.000,0.000,0.000
3.190,0.000,-9.277,0.000,0.000,0.000,90.241,0.336,0.000,0.000,0.000
3.200,0.000,-4.395,0.000,0.000,0.000,90.241,0.152,0.000,0.000,0.000
3.210,0.000,19.043,0.000,0.000,0.000,90.241,-0.488,0.000,0.000,0.000
3.220,0.000,-4.883,0.000,0.000,0.000,90.241,0.239,0.000,0.000,0.000
3.230,0.000,-23.926,0.000,0.000,0.000,90.241,0.401,0.000,0.000,0.000
3.240,0.000,11.719,0.000,0.000,0.000,90.241,-0.315,0.000,0.000,0.000
3.250,0.000,19.043,-0.132,-0.132,-2.703,90.239,-0.543,0.000,0.000,0.000
3.260,0.132,11.230,0.264,0.264,5.407,90.240,-0.119,0.000,2.000,0.264
3.270,-0.264,31.250,0.924,0.924,18.923,90.248,-0.119,0.000,-4.000,-0.528
3.280,-0.924,4.395,-0.264,-0.264,-2.703,90.247,-0.521,0.000,-14.000,-1.848
3.290,0.264,-17.578,-0.132,-0.132,-10.813,90.245,0.260,0.000,4.000,0.528
3.300,0.132,-6.836,0.132,0.132,-8.110,90.247,0.228,0.000,2.000,0.264
3.310,-0.132,17.578,0.000,0.000,18.923,90.247,-0.467,0.000,-2.000,-0.264
3.320,0.000,-12.207,0.000,0.000,-21.626,90.246,0.293,0.000,0.000,0.000
3.330,0.000,-7.813,0.132,0.132,2.703,90.247,-0.033,0.000,0.000,0.000
3.340,-0.132,14.160,0.000,0.000,5.407,90.247,-0.629,0.000,-2.000,-0.264
3.350,0.000,0.977,-0.132,-0.132,-5.407,90.246,0.098,0.000,0.000,0.000
3.360,0.132,20.996,0.000,0.000,-2.703,90.246,-0.271,0.000,2.000,0.264
3.370,0.000,8.789,0.000,0.000,2.703,90.247,0.250,0.000,0.000,0.000
3.380,0.000,-20.508,0.000,0.000,0.000,90.246,-0.022,0.000,0.000,0.000
3.390,0.000,24.414,0.000,0.000,-2.703,90.246,-0.499,0.000,0.000,0.000
3.400,0.000,22.949,0.000,0.000,2.703,90.245,-0.532,0.000,0.000,0.000
3.410,0.000,11.230,0.396,0.396,8.110,90.247,0.043,0.000,0.000,0.000
3.420,-0.396,-18.066,0.264,0.264,5.407,90.251,0.000,0.000,-6.000,-0.792
3.430,-0.264,19.531,-0.132,-0.132,-2.703,90.248,-0.618,0.000,-4.000,-0.528
3.440,0.132,-23.926,0.000,0.000,-8.110,90.248,0.347,0.000,2.000,0.264
3.450,0.000,-6.836,0.132,0.132,5.407,90.249,0.087,0.000,0.000,0.000
3.460,-0.132,18.066,0.000,0.000,0.000,90.248,-0.553,0.000,-2.000,-0.264
3.470,0.000,-11.719,-0.132,-0.132,-10.813,90.248,0.369,0.000,0.000,0.000
3.480,0.132,-17.578,0.000,0.000,0.000,90.249,0.423,0.000,2.000,0.264
3.490,0.000,14.648,-0.132,-0.132,0.000,90.248,-0.488,0.000,0.000,0.000
3.500,0.132,12.695,0.132,0.132,2.703,90.248,0.033,0.000,2.000,0.264
3.510,-0.132,-32.715,0.000,0.000,-2.703,90.248,0.477,0.000,-2.000,-0.264
3.520,0.000,2.930,-0.132,-0.132,2.703,90.248,-0.358,0.000,0.000,0.000
3.530,0.132,10.742,0.000,0.000,-5.407,90.249,-0.206,0.000,2.000,0.264
3.540,0.000,9.766,0.000,0.000,5.407,90.248,-0.076,0.000,0.000,0.000
3.550,0.000,-4.395,0.000,0.000,0.000,90.248,0.184,0.000,0.000,0.000
3.560,0.000,-9.277,0.396,0.396,5.407,90.252,0.401,0.000,0.000,0.000
3.570,-0.396,-7.813,-0.792,-0.792,-13.516,90.247,-0.141,0.000,-6.000,-0.792
3.580,0.792,-17.578,-0.396,-0.396,-8.110,90.241,0.391,0.000,12.000,1.584
3.590,0.396,5.859,0.132,0.132,-5.407,90.241,-0.022,0.000,6.000,0.792
3.600,-0.132,17.090,0.000,0.000,24.330,90.242,-0.477,0.000,-2.000,-0.264
3.610,0.000,-10.254,0.000,0.000,-16.220,90.242,0.271,0.000,0.000,0.000
3.620,0.000,-15.625,0.000,0.000,5.407,90.242,0.326,0.000,0.000,0.000
3.630,0.000,10.254,0.000,0.000,10.813,90.242,-0.336,0.000,0.000,0.000
3.640,0.000,-2.441,0.000,0.000,-2.703,90.242,-0.184,0.000,0.000,0.000
3.650,0.000,-30.762,0.000,0.000,0.000,90.241,0.239,0.000,0.000,0.000
3.660,0.000,27.344,0.000,0.000,0.000,90.242,-0.488,0.000,0.000,0.000
3.670,0.000,-5.371,0.000,0.000,0.000,90.241,0.174,0.000,0.000,0.000
3.680,0.000,-20.020,0.000,0.000,0.000,90.242,0.445,0.000,0.000,0.000
3.690,0.000,3.418,0.000,0.000,0.000,90.242,-0.011,0.000,0.000,0.000
3.700,0.000,18.066,0.000,0.000,0.000,90.242,-0.152,0.000,0.000,0.000
3.710,0.000,-11.719,0.132,0.132,2.703,90.243,0.152,0.000,0.000,0.000
3.720,-0.132,-11.719,-0.660,-0.660,-13.516,90.237,-0.315,0.000,-2.000,-0.264
3.730,0.660,34.668,0.396,0.396,8.110,90.238,-0.315,0.000,10.000,1.320
3.740,-0.396,10.254,0.000,0.000,-2.703,90.239,-0.184,0.000,-6.000,-0.792
3.750,0.000,-17.090,0.000,0.000,16.220,90.238,0.315,0.000,0.000,0.000
3.760,0.000,13.672,0.000,0.000,-24.330,90.238,-0.521,0.000,0.000,0.000
3.770,0.000,1.953,0.000,0.000,21.626,90.238,0.087,0.000,0.000,0.000
3.780,0.000,-16.602,0.000,0.000,-8.110,90.238,0.369,0.000,0.000,0.000
3.790,0.000,0.000,0.000,0.000,0.000,90.237,0.011,0.000,0.000,0.000
3.800,0.000,18.555,0.000,0.000,0.000,90.237,-0.521,0.000,0.000,0.000
3.810,0.000,-13.672,0.000,0.000,0.000,90.237,0.293,0.000,0.000,0.000
3.820,0.000,12.207,0.000,0.000,0.000,90.237,-0.347,0.000,0.000,0.000
3.830,0.000,20.996,0.000,0.000,0.000,90.237,-0.109,0.000,0.000,0.000
3.840,0.000,-16.602,0.000,0.000,0.000,90.237,0.217,0.000,0.000,0.000
3.850,0.000,-18.555,0.000,0.000,0.000,90.237,0.347,0.000,0.000,0.000
3.860,0.000,-25.391,0.000,0.000,0.000,90.238,0.336,0.000,0.000,0.000
3.870,0.000,-13.672,-0.264,-0.264,-5.407,90.237,-0.152,0.000,0.000,0.000
3.880,0.264,4.883,-0.396,-0.396,-8.110,90.232,0.304,0.000,4.000,0.528
3.890,0.396,5.859,0.132,0.132,2.703,90.234,-0.271,0.000,6.000,0.792
3.900,-0.132,10.254,-0.132,-0.132,2.703,90.234,-0.250,0.000,-2.000,-0.264
3.910,0.132,-10.742,0.000,0.000,2.703,90.234,0.401,0.000,2.000,0.264
3.920,0.000,-9.277,0.000,0.000,-5.407,90.234,-0.336,0.000,0.000,0.000
3.930,0.000,1.953,0.000,0.000,13.516,90.234,-0.119,0.000,0.000,0.000
3.940,0.000,-30.762,-0.132,-0.132,-8.110,90.233,0.228,0.000,0.000,0.000
3.950,0.132,0.488,0.000,0.000,2.703,90.233,-0.250,0.000,2.000,0.264
3.960,0.000,18.066,0.000,0.000,0.000,90.234,-0.564,0.000,0.000,0.000
3.970,0.000,-26.367,0.000,0.000,2.703,90.234,0.434,0.000,0.000,0.000
3.980,0.000,4.395,0.000,0.000,-2.703,90.234,-0.553,0.000,0.000,0.000
3.990,0.000,5.859,0.000,0.000,2.703,90.234,-0.260,0.000,0.000,0.000
4.000,0.000,-26.855,0.000,0.000,0.000,90.234,0.336,0.000,0.000,0.000
4.010,0.000,11.230,-0.132,-0.132,-2.703,90.233,-0.597,0.000,0.000,0.000
4.020,0.132,-5.859,0.792,0.792,16.220,90.237,0.336,0.000,2.000,0.264
4.030,-0.792,0.488,0.528,0.528,10.813,90.244,0.401,0.000,-12.000,-1.584
4.040,-0.528,-6.836,-0.924,-0.924,-16.220,90.234,-0.423,0.000,-8.000,-1.056
4.050,0.924,20.020,0.000,0.000,-18.923,90.234,0.000,0.000,14.000,1.848
4.060,0.000,-19.531,0.000,0.000,8.110,90.234,0.369,0.000,0.000,0.000
4.070,0.000,-9.277,0.000,0.000,13.516,90.234,-0.033,0.000,0.000,0.000
4.080,0.000,8.301,0.000,0.000,-29.736,90.234,-0.109,0.000,0.000,0.000
4.090,0.000,-24.902,0.000,0.000,18.923,90.234,0.380,0.000,0.000,0.000
4.100,0.000,22.949,0.000,0.000,0.000,90.234,-0.543,0.000,0.000,0.000
4.110,0.000,-7.324,0.000,0.000,0.000,90.234,0.184,0.000,0.000,0.000
4.120,0.000,-27.832,0.000,0.000,0.000,90.234,0.391,0.000,0.000,0.000
4.130,0.000,27.832,0.000,0.000,0.000,90.234,-0.586,0.000,0.000,0.000
4.140,0.000,-2.441,0.000,0.000,0.000,90.234,0.152,0.000,0.000,0.000
4.150,0.000,-23.438,0.000,0.000,0.000,90.234,0.412,0.000,0.000,0.000
4.160,0.000,18.066,0.132,0.132,2.703,90.234,-0.488,0.000,0.000,0.000
4.170,-0.132,-3.418,-0.132,-0.132,-2.703,90.233,0.206,0.000,-2.000,-0.264
4.180,0.132,-2.441,-0.660,-0.660,-13.516,90.228,-0.358,0.000,2.000,0.264
4.190,0.660,58.594,0.924,0.924,16.220,90.233,-0.098,0.000,10.000,1.320
4.200,-0.924,12.207,0.000,0.000,5.407,90.235,-0.228,0.000,-14.000,-1.848
4.210,0.000,-25.879,0.000,0.000,8.110,90.233,0.358,0.000,0.000,0.000
4.220,0.000,12.207,0.000,0.000,-29.736,90.233,-0.477,0.000,0.000,0.000
4.230,0.000,-9.277,0.000,0.000,32.439,90.233,0.315,0.000,0.000,0.000
4.240,0.000,-6.836,0.000,0.000,-18.923,90.232,-0.043,0.000,0.000,0.000
4.250,0.000,12.695,0.000,0.000,0.000,90.233,-0.543,0.000,0.000,0.000
4.260,0.000,9.277,0.000,0.000,0.000,90.233,-0.076,0.000,0.000,0.000
4.270,0.000,-15.137,0.000,0.000,0.000,90.233,0.347,0.000,0.000,0.000
4.280,0.000,-8.301,0.000,0.000,0.000,90.233,0.206,0.000,0.000,0.000
4.290,0.000,24.414,0.000,0.000,0.000,90.233,-0.575,0.000,0.000,0.000
4.300,0.000,6.348,0.000,0.000,0.000,90.233,0.000,0.000,0.000,0.000
4.310,0.000,-21.973,0.132,0.132,2.703,90.233,0.434,0.000,0.000,0.000
4.320,-0.132,-3.906,0.000,0.000,0.000,90.233,0.152,0.000,-2.000,-0.264
4.330,0.000,7.324,-0.792,-0.792,-16.220,90.227,-0.336,0.000,0.000,0.000
4.340,0.792,14.160,-0.132,-0.132,-5.407,90.222,0.857,0.000,12.000,1.584
4.350,0.132,4.395,0.396,0.396,10.813,90.227,0.206,0.000,2.000,0.264
4.360,-0.396,23.926,-0.264,-0.264,8.110,90.225,-0.586,0.000,-6.000,-0.792
4.370,0.264,4.883,0.000,0.000,-13.516,90.225,0.022,0.000,4.000,0.528
4.380,0.000,-15.625,0.132,0.132,8.110,90.226,0.369,0.000,0.000,0.000
4.390,-0.132,5.859,0.000,0.000,16.220,90.225,-0.260,0.000,-2.000,-0.264
4.400,0.000,19.043,0.132,0.132,-10.813,90.226,-0.521,0.000,0.000,0.000
4.410,-0.132,-2.441,0.000,0.000,2.703,90.226,0.098,0.000,-2.000,-0.264
4.420,0.000,-17.090,0.000,0.000,2.703,90.226,0.380,0.000,0.000,0.000
4.430,0.000,14.648,0.000,0.000,-5.407,90.226,-0.250,0.000,0.000,0.000
4.440,0.000,4.883,0.000,0.000,2.703,90.226,-0.011,0.000,0.000,0.000
4.450,0.000,-21.973,0.000,0.000,-2.703,90.225,0.369,0.000,0.000,0.000
4.460,0.000,-8.301,0.000,0.000,0.000,90.226,-0.054,0.000,0.000,0.000
4.470,0.000,14.160,0.000,0.000,0.000,90.226,-0.477,0.000,0.000,0.000
4.480,0.000,-6.836,0.660,0.660,13.516,90.229,0.315,0.000,0.000,0.000
4.490,-0.660,0.000,0.528,0.528,10.813,90.235,0.662,0.000,-10.000,-1.320
4.500,-0.528,16.113,-1.320,-1.320,-27.033,90.222,-0.662,0.000,-8.000,-1.056
4.510,1.320,-11.719,0.000,0.000,-13.516,90.220,0.282,0.000,20.000,2.640
4.520,0.000,-3.906,0.264,0.264,8.110,90.223,-0.206,0.000,0.000,0.000
4.530,-0.264,12.207,-0.132,-0.132,21.626,90.221,-0.618,0.000,-4.000,-0.528
4.540,0.132,-13.184,0.000,0.000,-37.846,90.221,0.347,0.000,2.000,0.264
4.550,0.000,-14.160,-0.132,-0.132,18.923,90.221,0.054,0.000,0.000,0.000
4.560,0.132,21.973,0.000,0.000,8.110,90.222,-0.401,0.000,2.000,0.264
4.570,0.000,-4.883,0.000,0.000,-8.110,90.221,0.293,0.000,0.000,0.000
4.580,0.000,-20.508,0.000,0.000,5.407,90.221,0.130,0.000,0.000,0.000
4.590,0.000,28.320,0.000,0.000,-2.703,90.222,-0.488,0.000,0.000,0.000
4.600,0.000,-2.441,0.000,0.000,2.703,90.221,0.119,0.000,0.000,0.000
4.610,0.000,-23.926,0.000,0.000,0.000,90.222,0.423,0.000,0.000,0.000
4.620,0.000,10.254,0.000,0.000,0.000,90.221,-0.380,0.000,0.000,0.000
4.630,0.000,7.813,0.000,0.000,0.000,90.221,-0.369,0.000,0.000,0.000
4.640,0.000,7.813,0.528,0.528,10.813,90.225,0.033,0.000,0.000,0.000
4.650,-0.528,-60.547,-0.528,-0.528,-10.813,90.223,0.304,0.000,-8.000,-1.056
4.660,0.528,11.230,0.000,0.000,0.000,90.223,-0.054,0.000,8.000,1.056
4.670,0.000,16.602,0.132,0.132,-8.110,90.225,-0.564,0.000,0.000,0.000
4.680,-0.132,-11.719,-0.132,-0.132,18.923,90.223,0.163,0.000,-2.000,-0.264
4.690,0.132,-34.180,0.132,0.132,-18.923,90.223,0.412,0.000,2.000,0.264
4.700,-0.132,8.301,0.000,0.000,8.110,90.224,-0.532,0.000,-2.000,-0.264
4.710,0.000,14.160,0.000,0.000,5.407,90.223,0.000,0.000,0.000,0.000
4.720,0.000,-17.578,0.000,0.000,-8.110,90.224,0.499,0.000,0.000,0.000
4.730,0.000,13.672,0.000,0.000,5.407,90.224,-0.315,0.000,0.000,0.000
4.740,0.000,12.207,0.000,0.000,-2.703,90.224,-0.282,0.000,0.000,0.000
4.750,0.000,-23.926,-0.132,-0.132,-2.703,90.223,0.358,0.000,0.000,0.000
4.760,0.132,-3.418,0.132,0.132,2.703,90.224,-0.022,0.000,2.000,0.264
4.770,-0.132,8.789,0.000,0.000,0.000,90.224,-0.564,0.000,-2.000,-0.264
4.780,0.000,-15.137,0.132,0.132,5.407,90.224,0.467,0.000,0.000,0.000
4.790,-0.132,-10.254,-0.396,-0.396,-13.516,90.223,-0.076,0.000,-2.000,-0.264
4.800,0.396,-10.254,-0.528,-0.528,-5.407,90.217,-0.271,0.000,6.000,0.792
4.810,0.528,26.855,0.264,0.264,0.000,90.220,-0.304,0.000,8.000,1.056
4.820,-0.264,0.977,-0.132,-0.132,8.110,90.219,-0.087,0.000,-4.000,-0.528
4.830,0.132,-31.738,0.000,0.000,0.000,90.219,0.369,0.000,2.000,0.264
4.840,0.000,19.043,0.132,0.132,-5.407,90.220,-0.510,0.000,0.000,0.000
4.850,-0.132,1.465,0.000,0.000,18.923,90.219,-0.022,0.000,-2.000,-0.264
4.860,0.000,-30.762,0.000,0.000,-8.110,90.219,0.347,0.000,0.000,0.000
4.870,0.000,26.367,0.000,0.000,0.000,90.219,-0.586,0.000,0.000,0.000
4.880,0.000,-24.414,0.000,0.000,2.703,90.219,0.358,0.000,0.000,0.000
4.890,0.000,-7.324,0.132,0.132,0.000,90.219,0.141,0.000,0.000,0.000
4.900,-0.132,17.090,0.000,0.000,0.000,90.219,-0.477,0.000,-2.000,-0.264
4.910,0.000,8.789,0.000,0.000,0.000,90.219,-0.043,0.000,0.000,0.000
4.920,0.000,-7.813,0.000,0.000,-2.703,90.219,0.391,0.000,0.000,0.000
4.930,0.000,-8.301,0.132,0.132,5.407,90.219,0.130,0.000,0.000,0.000
4.940,-0.132,-17.578,0.000,0.000,-2.703,90.220,0.304,0.000,-2.000,-0.264
4.950,0.000,-14.160,-0.396,-0.396,-8.110,90.216,-0.109,0.000,0.000,0.000
4.960,0.396,27.832,0.660,0.660,10.813,90.220,0.987,0.000,6.000,0.792
4.970,-0.660,-1.465,0.264,0.264,8.110,90.225,-0.033,0.000,-10.000,-1.320
4.980,-0.264,17.090,-0.264,-0.264,0.000,90.223,-0.597,0.000,-4.000,-0.528
4.990,0.264,-21.973,0.000,0.000,-21.626,90.223,0.347,0.000,4.000,0.528
5.000,0.000,-19.531,0.000,0.000,16.220,90.223,-0.022,0.000,0.000,0.000
5.010,0.000,19.531,0.000,0.000,-2.703,90.223,-0.608,0.000,0.000,0.000
5.020,0.000,-14.160,0.000,0.000,-10.813,90.223,0.456,0.000,0.000,0.000
5.030,0.000,-19.531,0.000,0.000,5.407,90.223,-0.054,0.000,0.000,0.000
5.040,0.000,7.813,0.000,0.000,0.000,90.223,-0.109,0.000,0.000,0.000
5.050,0.000,-18.066,0.000,0.000,0.000,90.223,0.401,0.000,0.000,0.000
5.060,0.000,10.254,0.000,0.000,0.000,90.223,-0.282,0.000,0.000,0.000
5.070,0.000,9.277,0.000,0.000,0.000,90.223,-0.315,0.000,0.000,0.000
5.080,0.000,-17.090,0.000,0.000,0.000,90.223,0.293,0.000,0.000,0.000
5.090,0.000,-6.348,0.000,0.000,0.000,90.223,-0.336,0.000,0.000,0.000
5.100,0.000,-26.855,0.528,0.528,10.813,90.227,0.369,0.000,0.000,0.000
5.110,-0.528,-6.348,-0.396,-0.396,-8.110,90.226,0.011,0.000,-8.000,-1.056
5.120,0.396,-2.930,-0.792,-0.792,-16.220,90.216,-0.282,0.000,6.000,0.792
5.130,0.792,27.344,0.264,0.264,-5.407,90.218,0.065,0.000,12.000,1.584
5.140,-0.264,-27.832,0.000,0.000,18.923,90.218,0.358,0.000,-4.000,-0.528
5.150,0.000,1.465,0.000,0.000,-2.703,90.218,-0.434,0.000,0.000,0.000
5.160,0.000,8.301,0.000,0.000,-13.516,90.218,-0.250,0.000,0.000,0.000
5.170,0.000,-21.484,0.000,0.000,21.626,90.218,0.477,0.000,0.000,0.000
5.180,0.000,-7.813,0.000,0.000,-5.407,90.218,-0.065,0.000,0.000,0.000
5.190,0.000,21.973,0.000,0.000,0.000,90.218,-0.412,0.000,0.000,0.000
5.200,0.000,-3.418,0.000,0.000,0.000,90.218,0.076,0.000,0.000,0.000
5.210,0.000,-20.996,0.000,0.000,0.000,90.218,0.152,0.000,0.000,0.000
5.220,0.000,25.879,0.000,0.000,0.000,90.218,-0.575,0.000,0.000,0.000
5.230,0.000,-27.832,0.000,0.000,0.000,90.218,0.423,0.000,0.000,0.000
5.240,0.000,-3.906,0.000,0.000,0.000,90.218,0.043,0.000,0.000,0.000
5.250,0.000,13.672,0.000,0.000,0.000,90.218,-0.271,0.000,0.000,0.000
5.260,0.000,10.254,0.396,0.396,8.110,90.222,0.315,0.000,0.000,0.000
5.270,-0.396,-69.336,-0.792,-0.792,-16.220,90.218,0.260,0.000,-6.000,-0.792
5.280,0.792,-18.066,0.132,0.132,2.703,90.217,-0.141,0.000,12.000,1.584
5.290,-0.132,9.766,0.132,0.132,-5.407,90.219,-0.141,0.000,-2.000,-0.264
5.300,-0.132,-9.766,0.000,0.000,24.330,90.219,0.250,0.000,-2.000,-0.264
5.310,0.000,-8.301,0.000,0.000,-27.033,90.218,0.087,0.000,0.000,0.000
5.320,0.000,27.832,0.000,0.000,16.220,90.219,-0.586,0.000,0.000,0.000
5.330,0.000,-5.371,-0.132,-0.132,-2.703,90.218,0.358,0.000,0.000,0.000
5.340,0.132,8.301,0.132,0.132,0.000,90.219,-0.315,0.000,2.000,0.264
5.350,-0.132,10.254,0.000,0.000,0.000,90.219,-0.228,0.000,-2.000,-0.264
5.360,0.000,-24.414,0.000,0.000,2.703,90.218,0.054,0.000,0.000,0.000
5.370,0.000,23.438,0.000,0.000,-5.407,90.219,-0.608,0.000,0.000,0.000
5.380,0.000,-19.531,0.000,0.000,5.407,90.219,0.326,0.000,0.000,0.000
5.390,0.000,-9.766,0.000,0.000,-2.703,90.219,0.152,0.000,0.000,0.000
5.400,0.000,1.953,0.000,0.000,0.000,90.219,-0.043,0.000,0.000,0.000
5.410,0.000,11.230,-0.792,-0.792,-16.220,90.212,-0.662,0.000,0.000,0.000
5.420,0.792,21.484,0.924,0.924,18.923,90.218,1.085,0.000,12.000,1.584
5.430,-0.924,12.695,0.792,0.792,16.220,90.227,-0.488,0.000,-14.000,-1.848
5.440,-0.792,-10.254,-0.264,-0.264,10.813,90.225,0.054,0.000,-12.000,-1.584
5.450,0.264,-10.742,0.000,0.000,-35.143,90.224,0.336,0.000,4.000,0.528
5.460,0.000,-5.371,0.132,0.132,21.626,90.225,0.065,0.000,0.000,0.000
5.470,-0.132,20.508,0.000,0.000,2.703,90.225,-0.477,0.000,-2.000,-0.264
5.480,0.000,-11.230,0.000,0.000,-21.626,90.225,0.358,0.000,0.000,0.000
5.490,0.000,5.859,0.132,0.132,5.407,90.225,-0.260,0.000,0.000,0.000
5.500,-0.132,9.766,0.000,0.000,2.703,90.225,-0.184,0.000,-2.000,-0.264
5.510,0.000,-10.742,0.000,0.000,-2.703,90.225,0.423,0.000,0.000,0.000
5.520,0.000,-10.742,0.000,0.000,-2.703,90.225,0.130,0.000,0.000,0.000
5.530,0.000,20.996,-0.132,-0.132,0.000,90.225,-0.499,0.000,0.000,0.000
5.540,0.132,-11.719,0.132,0.132,0.000,90.225,0.336,0.000,2.000,0.264
5.550,-0.132,-8.789,0.000,0.000,0.000,90.225,0.065,0.000,-2.000,-0.264
5.560,0.000,-12.695,0.000,0.000,2.703,90.225,0.022,0.000,0.000,0.000
5.570,0.000,-8.789,-0.792,-0.792,-21.626,90.218,-0.358,0.000,0.000,0.000
5.580,0.792,-12.695,0.132,0.132,8.110,90.218,0.304,0.000,12.000,1.584
5.590,-0.132,-6.348,0.132,0.132,0.000,90.219,-0.011,0.000,-2.000,-0.264
5.600,-0.132,-1.953,-0.132,-0.132,13.516,90.219,0.239,0.000,-2.000,-0.264
5.610,0.132,-25.391,0.000,0.000,-18.923,90.219,0.163,0.000,2.000,0.264
5.620,0.000,20.020,0.000,0.000,16.220,90.219,-0.532,0.000,0.000,0.000
5.630,0.000,-8.789,0.000,0.000,2.703,90.219,0.109,0.000,0.000,0.000
5.640,0.000,-17.578,0.132,0.132,-2.703,90.219,0.412,0.000,0.000,0.000
5.650,-0.132,16.602,0.000,0.000,2.703,90.219,-0.510,0.000,-2.000,-0.264
5.660,0.000,22.949,0.132,0.132,2.703,90.219,-0.575,0.000,0.000,0.000
5.670,-0.132,5.859,-0.132,-0.132,-5.407,90.219,0.054,0.000,-2.000,-0.264
5.680,0.132,-19.531,0.000,0.000,2.703,90.219,0.271,0.000,2.000,0.264
5.690,0.000,-12.695,0.000,0.000,-5.407,90.219,0.163,0.000,0.000,0.000
5.700,0.000,22.461,0.000,0.000,5.407,90.219,-0.109,0.000,0.000,0.000
5.710,0.000,-1.953,0.000,0.000,-5.407,90.219,0.141,0.000,0.000,0.000
5.720,0.000,1.953,-0.660,-0.660,-10.813,90.213,-0.401,0.000,0.000,0.000
5.730,0.660,118.652,1.188,1.188,24.330,90.220,-0.401,0.000,10.000,1.320
5.740,-1.188,-31.738,0.264,0.264,5.407,90.225,0.412,0.000,-18.000,-2.376
5.750,-0.264,3.906,-0.264,-0.264,8.110,90.222,-0.369,0.000,-4.000,-0.528
5.760,0.264,10.254,0.132,0.132,-35.143,90.223,-0.304,0.000,4.000,0.528
5.770,-0.132,-34.180,0.000,0.000,32.439,90.223,0.250,0.000,-2.000,-0.264
5.780,0.000,-5.371,0.000,0.000,-13.516,90.223,0.239,0.000,0.000,0.000
5.790,0.000,13.184,0.132,0.132,-10.813,90.223,-0.499,0.000,0.000,0.000
5.800,-0.132,-11.719,-0.132,-0.132,5.407,90.223,0.336,0.000,-2.000,-0.264
5.810,0.132,-7.813,0.132,0.132,0.000,90.223,0.130,0.000,2.000,0.264
5.820,-0.132,16.602,0.000,0.000,-2.703,90.223,-0.553,0.000,-2.000,-0.264
5.830,0.000,21.484,0.000,0.000,5.407,90.223,-0.206,0.000,0.000,0.000
5.840,0.000,-35.156,0.000,0.000,-8.110,90.223,0.401,0.000,0.000,0.000
5.850,0.000,6.348,0.000,0.000,5.407,90.223,-0.119,0.000,0.000,0.000
5.860,0.000,-9.766,-0.132,-0.132,-5.407,90.223,0.250,0.000,0.000,0.000
5.870,0.132,6.836,-0.528,-0.528,-10.813,90.219,-0.456,0.000,2.000,0.264
5.880,0.528,1.465,0.396,0.396,8.110,90.219,0.347,0.000,8.000,1.056
5.890,-0.396,13.672,0.528,0.528,13.516,90.227,-0.510,0.000,-6.000,-0.792
5.900,-0.528,-9.766,-0.264,-0.264,2.703,90.225,0.043,0.000,-8.000,-1.056
5.910,0.264,-4.395,0.000,0.000,-16.220,90.224,0.141,0.000,4.000,0.528
5.920,0.000,19.531,0.000,0.000,8.110,90.225,-0.553,0.000,0.000,0.000
5.930,0.000,-12.207,-0.132,-0.132,5.407,90.225,0.412,0.000,0.000,0.000
5.940,0.132,-5.371,0.000,0.000,-16.220,90.225,0.434,0.000,2.000,0.264
5.950,0.000,3.418,0.132,0.132,8.110,90.225,0.022,0.000,0.000,0.000
5.960,-0.132,17.578,-0.132,-0.132,0.000,90.225,-0.477,0.000,-2.000,-0.264
5.970,0.132,-23.926,0.000,0.000,-2.703,90.225,0.380,0.000,2.000,0.264
5.980,0.000,15.625,0.132,0.132,2.703,90.225,-0.543,0.000,0.000,0.000
5.990,-0.132,22.461,0.000,0.000,5.407,90.225,-0.043,0.000,-2.000,-0.264
6.000,0.000,-19.043,0.000,0.000,-5.407,90.225,0.347,0.000,0.000,0.000
6.010,0.000,-13.672,0.132,0.132,2.703,90.225,0.174,0.000,0.000,0.000
6.020,-0.132,0.000,-0.396,-0.396,-5.407,90.223,-0.109,0.000,-2.000,-0.264
6.030,0.396,-1.465,-0.660,-0.660,-16.220,90.216,-0.380,0.000,6.000,0.792
6.040,0.660,-21.484,0.924,0.924,16.220,90.223,0.629,0.000,10.000,1.320
6.050,-0.924,19.043,-0.132,-0.132,8.110,90.223,-0.456,0.000,-14.000,-1.848
6.060,0.132,-8.789,-0.132,-0.132,0.000,90.221,0.434,0.000,2.000,0.264
6.070,0.132,-0.488,0.132,0.132,-21.626,90.222,-0.054,0.000,2.000,0.264
6.080,-0.132,19.531,-0.132,-0.132,32.439,90.222,-0.488,0.000,-2.000,-0.264
6.090,0.132,-22.949,0.000,0.000,-18.923,90.221,0.380,0.000,2.000,0.264
6.100,0.000,3.906,0.132,0.132,0.000,90.222,-0.174,0.000,0.000,0.000
6.110,-0.132,17.090,-0.132,-0.132,5.407,90.222,-0.358,0.000,-2.000,-0.264
6.120,0.132,-23.438,0.000,0.000,-5.407,90.221,0.260,0.000,2.000,0.264
6.130,0.000,-13.672,0.132,0.132,2.703,90.222,0.184,0.000,0.000,0.000
6.140,-0.132,26.367,0.000,0.000,5.407,90.223,-0.597,0.000,-2.000,-0.264
6.150,0.000,3.418,0.000,0.000,-5.407,90.222,0.130,0.000,0.000,0.000
6.160,0.000,-21.973,0.000,0.000,0.000,90.222,0.282,0.000,0.000,0.000
6.170,0.000,23.438,0.132,0.132,5.407,90.223,-0.510,0.000,0.000,0.000
6.180,-0.132,-7.324,0.264,0.264,2.703,90.224,0.271,0.000,-2.000,-0.264
6.190,-0.264,-6.348,0.000,-0.792,-16.220,90.219,-0.304,0.000,-4.000,-0.528
6.200,0.792,17.090,-0.396,-0.396,-10.813,90.212,-0.673,0.000,12.000,1.584
6.210,0.396,5.371,0.396,0.396,5.407,90.216,0.293,0.000,6.000,0.792
6.220,-0.396,-24.414,-0.132,-0.132,16.220,90.216,0.130,0.000,-6.000,-0.792
6.230,0.132,24.414,0.000,0.000,-13.516,90.216,-0.510,0.000,2.000,0.264
6.240,0.000,-15.137,0.000,0.000,0.000,90.216,0.260,0.000,0.000,0.000
6.250,0.000,-2.930,0.000,0.000,18.923,90.216,-0.098,0.000,0.000,0.000
6.260,0.000,19.531,0.000,0.000,-10.813,90.216,-0.228,0.000,0.000,0.000
6.270,0.000,-15.625,0.000,0.000,2.703,90.216,0.401,0.000,0.000,0.000
6.280,0.000,22.949,0.000,0.000,0.000,90.216,-0.499,0.000,0.000,0.000
6.290,0.000,20.020,0.000,0.000,0.000,90.216,-0.033,0.000,0.000,0.000
6.300,0.000,-21.973,0.000,0.000,0.000,90.216,0.347,0.000,0.000,0.000
6.310,0.000,-12.207,0.000,0.000,0.000,90.216,0.184,0.000,0.000,0.000
6.320,0.000,9.277,0.000,0.000,0.000,90.216,0.033,0.000,0.000,0.000
6.330,0.000,19.043,-0.660,-0.660,-13.516,90.211,-0.326,0.000,0.000,0.000
6.340,0.660,3.906,0.660,0.660,13.516,90.214,0.076,0.000,10.000,1.320
6.350,-0.660,13.672,1.056,1.056,21.626,90.227,-0.401,0.000,-10.000,-1.320
6.360,-1.056,-30.273,-0.264,-0.264,8.110,90.225,0.423,0.000,-16.000,-2.112
6.370,0.264,-6.348,0.000,0.000,-27.033,90.224,0.141,0.000,4.000,0.528
6.380,0.000,19.043,0.132,0.132,8.110,90.225,-0.521,0.000,0.000,0.000
6.390,-0.132,-20.996,-0.132,-0.132,10.813,90.225,0.369,0.000,-2.000,-0.264
