;;;;;;;;;;;;;;;;;;;;;;;;;;Nacelle NC10...
;500;;;;1000;;;;1500;;;;1850;;;;2000;;;;1800;;;;;- Tableau des résultats -
 n° point;Temps (s);Consigne tangage (degrés);Temps (s);Angle axe tangage (degrés);Temps (s);Consigne tangage (degrés);Temps (s);Angle axe tangage (degrés);Temps (s);Consigne tangage (degrés);Temps (s);Angle axe tangage (degrés);Temps (s);Consigne tangage (degrés);Temps (s);Angle axe tangage (degrés);Temps (s);Consigne tangage (degrés);Temps (s);Angle axe tangage (degrés);Temps (s);Consigne tangage (degrés);Temps (s);Angle axe tangage (degrés);;
0;0,000125;20;0,000125;0,328;0,000115;20;0,000115;0,309;0,00011;20;0,00011;0,292;0,000116;20;0,000116;0,244;0,000114;20;0,000114;0,328;0,000112;20;0,000112;0,312;;
1;0,002586;20;0,002586;0,327;0,002342;20;0,002342;0,309;0,00447;20;0,00447;0,292;0,002689;20;0,002689;0,254;0,00551;20;0,00551;0,328;0,002468;20;0,002468;0,311;;
2;0,006673;20;0,006673;0,326;0,006362;20;0,006362;0,309;0,008507;20;0,008507;0,292;0,006748;20;0,006748;0,27;0,009535;20;0,009535;0,327;0,006508;20;0,006508;0,311;;
3;0,01077;20;0,01077;0,326;0,010453;20;0,010453;0,31;0,012584;20;0,012584;0,293;0,010817;20;0,010817;0,291;0,013603;20;0,013603;0,496;0,010565;20;0,010565;0,312;;
4;0,014849;20;0,014849;0,71;0,014547;20;0,014547;0,904;0,016683;20;0,016683;0,796;0,014926;20;0,014926;0,567;0,017717;20;0,017717;0,894;0,014668;20;0,014668;0,621;;
5;0,018952;20;0,018952;1,547;0,018648;20;0,018648;2,209;0,020789;20;0,020789;1,963;0,019032;20;0,019032;1,206;0,02177;20;0,02177;1,592;0,018791;20;0,018791;1,33;;
6;0,023056;20;0,023056;2,793;0,022727;20;0,022727;4,222;0,024864;20;0,024864;3,811;0,023107;20;0,023107;2,3;0,025909;20;0,025909;2,534;0,022883;20;0,022883;2,544;;
7;0,027132;20;0,027132;4,215;0,02683;20;0,02683;6,622;0,028971;20;0,028971;6,197;0,027212;20;0,027212;3,784;0,02998;20;0,02998;3,802;0,026995;20;0,026995;4,172;;
8;0,031237;20;0,031237;5,783;0,030938;20;0,030938;9,319;0,033141;20;0,033141;9,083;0,031315;20;0,031315;5,761;0,034052;20;0,034052;5,439;0,031115;20;0,031115;6,323;;
9;0,035414;20;0,035414;7,244;0,035104;20;0,035104;11,99;0,037252;20;0,037252;12,337;0,035522;20;0,035522;8,224;0,038159;20;0,038159;7,512;0,035266;20;0,035266;8,957;;
10;0,039523;20;0,039523;8,451;0,03919;20;0,03919;14,409;0,041352;20;0,041352;15,683;0,039576;20;0,039576;11,167;0,04225;20;0,04225;10,066;0,03934;20;0,03934;12,066;;
11;0,043557;20;0,043557;9,361;0,043226;20;0,043226;16,467;0,045385;20;0,045385;18,911;0,043679;20;0,043679;14,542;0,046306;20;0,046306;13,095;0,043378;20;0,043378;15,544;;
12;0,04763;20;0,04763;9,898;0,047308;20;0,047308;17,906;0,049431;20;0,049431;21,691;0,047703;20;0,047703;18,148;0,05041;20;0,05041;16,511;0,047481;20;0,047481;19,133;;
13;0,051663;20;0,051663;10,034;0,05142;20;0,05142;18,643;0,053505;20;0,053505;23,905;0,051804;20;0,051804;21,752;0,054531;20;0,054531;20,119;0,051567;20;0,051567;22,593
14;0,055786;20;0,055786;9,764;0,055522;20;0,055522;18,66;0,057629;20;0,057629;25,234;0,055903;20;0,055903;25,041;0,058598;20;0,058598;23,713;0,055643;20;0,055643;25,623
15;0,059866;20;0,059866;9,201;0,059534;20;0,059534;18,093;0,061708;20;0,061708;25,82;0,059988;20;0,059988;27,811;0,062707;20;0,062707;26,997;0,059698;20;0,059698;28,073
16;0,063945;20;0,063945;8,356;0,063644;20;0,063644;16,985;0,065785;20;0,065785;25,584;0,064114;20;0,064114;29,76;0,066787;20;0,066787;29,704;0,063776;20;0,063776;29,61
17;0,068046;20;0,068046;7,36;0,067743;20;0,067743;15,531;0,069859;20;0,069859;24,712;0,06811;20;0,06811;30,888;0,070889;20;0,070889;31,687;0,067882;20;0,067882;30,361
18;0,07215;20;0,07215;6,281;0,07182;20;0,07182;13,864;0,073994;20;0,073994;23,249;0,072212;20;0,072212;31,171;0,074993;20;0,074993;32,828;0,071987;20;0,071987;30,284
19;0,076257;20;0,076257;5,284;0,075925;20;0,075925;12,218;0,07805;20;0,07805;21,422;0,076311;20;0,076311;30,722;0,07907;20;0,07907;33,14;0,076072;20;0,076072;29,501
20;0,080325;20;0,080325;4,477;0,080003;20;0,080003;10,741;0,082152;20;0,082152;19,436;0,08039;20;0,08039;29,598;0,083173;20;0,083173;32,623;0,080174;20;0,080174;28,096
21;0,084421;20;0,084421;3,947;0,084108;20;0,084108;9,517;0,086255;20;0,086255;17,395;0,084494;20;0,084494;27,903;0,087279;20;0,087279;31,418;0,084352;20;0,084352;26,213
22;0,088523;20;0,088523;3,696;0,088256;20;0,088256;8,623;0,090365;20;0,090365;15,528;0,0886;20;0,0886;25,79;0,091362;20;0,091362;29,694;0,088427;20;0,088427;24,078
23;0,09263;20;0,09263;3,746;0,092364;20;0,092364;8,18;0,094445;20;0,094445;13,825;0,092686;20;0,092686;23,5;0,095461;20;0,095461;27,592;0,092536;20;0,092536;21,835
24;0,096708;20;0,096708;4,027;0,096469;20;0,096469;8,071;0,098544;20;0,098544;12,651;0,096804;20;0,096804;21,196;0,099564;20;0,099564;25,324;0,096639;20;0,096639;19,717
25;0,100811;20;0,100811;4,488;0,100517;20;0,100517;8,258;0,102648;20;0,102648;11,872;0,100944;20;0,100944;19,07;0,103672;20;0,103672;23,051;0,100717;20;0,100717;17,839
26;0,104888;20;0,104888;5,07;0,10459;20;0,10459;8,687;0,106728;20;0,106728;11,573;0,105052;20;0,105052;17,294;0,107762;20;0,107762;21,009;0,10482;20;0,10482;16,362
27;0,108992;20;0,108992;5,724;0,108696;20;0,108696;9,323;0,110832;20;0,110832;11,713;0,109155;20;0,109155;15,964;0,111835;20;0,111835;19,236;0,108923;20;0,108923;15,358
28;0,113101;20;0,113101;6,391;0,112801;20;0,112801;9,979;0,114908;20;0,114908;12,173;0,113231;20;0,113231;15,15;0,116745;20;0,116745;17,885;0,11299;20;0,11299;14,838
29;0,117175;20;0,117175;6,984;0,116879;20;0,116879;10,687;0,119022;20;0,119022;12,907;0,11727;20;0,11727;14,765;0,120032;20;0,120032;17,037;0,117077;20;0,117077;14,713
30;0,121289;20;0,121289;7,438;0,120982;20;0,120982;11,438;0,123103;20;0,123103;13,737;0,121361;20;0,121361;14,878;0,124159;20;0,124159;16,68;0,121121;20;0,121121;15,025
31;0,125358;20;0,125358;7,69;0,12507;20;0,12507;12,189;0,127203;20;0,127203;14,821;0,125436;20;0,125436;15,298;0,128235;20;0,128235;16,779;0,125224;20;0,125224;15,552
32;0,129474;20;0,129474;7,744;0,129159;20;0,129159;12,877;0,131307;20;0,131307;15,886;0,129597;20;0,129597;16,11;0,132339;20;0,132339;17,204;0,12933;20;0,12933;16,339
33;0,133574;20;0,133574;7,552;0,133244;20;0,133244;13,367;0,135386;20;0,135386;17,041;0,133628;20;0,133628;17,012;0,136419;20;0,136419;17,994;0,133413;20;0,133413;17,177
34;0,137654;20;0,137654;7,177;0,137363;20;0,137363;13,746;0,139491;20;0,139491;17,926;0,137735;20;0,137735;18,139;0,140526;20;0,140526;18,827;0,137514;20;0,137514;18,238
35;0,141777;20;0,141777;6,676;0,141461;20;0,141461;13,883;0,143594;20;0,143594;18,75;0,141835;20;0,141835;19,387;0,144682;20;0,144682;19,793;0,141616;20;0,141616;19,34
36;0,145874;20;0,145874;6,128;0,145561;20;0,145561;13,849;0,147698;20;0,147698;19,242;0,145932;20;0,145932;20,68;0,148714;20;0,148714;20,861;0,145776;20;0,145776;20,483
37;0,149976;20;0,149976;5,6;0,149653;20;0,149653;13,6;0,151777;20;0,151777;19,486;0,15003;20;0,15003;21,89;0,152883;20;0,152883;21,993;0,149862;20;0,149862;21,455
38;0,154055;20;0,154055;5,181;0,153808;20;0,153808;13,263;0,155908;20;0,155908;19,39;0,154134;20;0,154134;22,961;0,156986;20;0,156986;23,103;0,153965;20;0,153965;22,336
39;0,158175;20;0,158175;4,921;0,157935;20;0,157935;12,819;0,159992;20;0,159992;19,035;0,158233;20;0,158233;23,826;0,161063;20;0,161063;24,036;0,158151;20;0,158151;22,97
40;0,162269;20;0,162269;4,837;0,161961;20;0,161961;12,37;0,164072;20;0,164072;18,52;0,162316;20;0,162316;24,342;0,165169;20;0,165169;24,777;0,162094;20;0,162094;23,367
41;0,166351;20;0,166351;4,932;0,166057;20;0,166057;11,92;0,168175;20;0,168175;17,855;0,16642;20;0,16642;24,511;0,169183;20;0,169183;25,186;0,16619;20;0,16619;23,42
42;0,170455;20;0,170455;5,174;0,170136;20;0,170136;11,512;0,172265;20;0,172265;17,215;0,170504;20;0,170504;24,31;0,173277;20;0,173277;25,38;0,170271;20;0,170271;23,215
43;0,174534;20;0,174534;5,532;0,174246;20;0,174246;11,177;0,176359;20;0,176359;16,545;0,174603;20;0,174603;23,908;0,177386;20;0,177386;25,238;0,174376;20;0,174376;22,81
44;0,178701;20;0,178701;5,934;0,178329;20;0,178329;10,9;0,180437;20;0,180437;16,035;0,178752;20;0,178752;23,245;0,181466;20;0,181466;24,962;0,178459;20;0,178459;22,228
45;0,182803;20;0,182803;6,317;0,182432;20;0,182432;10,741;0,184557;20;0,184557;15,56;0,182859;20;0,182859;22,522;0,185569;20;0,185569;24,452;0,182559;20;0,182559;21,606
46;0,186879;20;0,186879;6,628;0,186523;20;0,186523;10,677;0,188645;20;0,188645;15,254;0,186958;20;0,186958;21,731;0,189676;20;0,189676;23,863;0,186663;20;0,186663;20,937
47;0,190918;20;0,190918;6,836;0,19061;20;0,19061;10,744;0,19275;20;0,19275;15,057;0,191039;20;0,191039;20,997;0,193759;20;0,193759;23,178;0,190782;20;0,190782;20,346
48;0,19502;20;0,19502;6,902;0,194736;20;0,194736;10,894;0,196827;20;0,196827;14,963;0,19508;20;0,19508;20,336;0,197917;20;0,197917;22,521;0,194921;20;0,194921;19,776
49;0,199099;20;0,199099;6,845;0,198817;20;0,198817;11,123;0,200987;20;0,200987;15,014;0,19918;20;0,19918;19,767;0,202025;20;0,202025;21,964;0,199027;20;0,199027;19,334
50;0,203259;20;0,203259;6,677;0,202933;20;0,202933;11,388;0,205046;20;0,205046;15,073;0,203256;20;0,203256;19,379;0,206126;20;0,206126;21,508;0,20314;20;0,20314;19,016
51;0,207292;20;0,207292;6,44;0,207029;20;0,207029;11,672;0,209122;20;0,209122;15,264;0,207364;20;0,207364;19,073;0,210202;20;0,210202;21,244;0,207204;20;0,207204;18,857
52;0,211387;20;0,211387;6,178;0,211118;20;0,211118;11,95;0,213225;20;0,213225;15,381;0,211467;20;0,211467;18,982;0,214293;20;0,214293;21,088;0,21125;20;0,21125;18,765
53;0,215482;20;0,215482;5,93;0,215335;20;0,215335;12,191;0,217323;20;0,217323;15,624;0,215599;20;0,215599;18,925;0,21834;20;0,21834;21,052;0,215326;20;0,215326;18,798
54;0,219576;20;0,219576;5,734;0,219373;20;0,219373;12,415;0,221422;20;0,221422;15,844;0,219655;20;0,219655;19,066;0,222441;20;0,222441;21,092;0,219439;20;0,219439;18,88
55;0,22368;20;0,22368;5,611;0,223401;20;0,223401;12,573;0,225525;20;0,225525;16,189;0,223777;20;0,223777;19,2;0,22652;20;0,22652;21,167;0,223537;20;0,223537;19,041
56;0,227782;20;0,227782;5,576;0,227502;20;0,227502;12,675;0,229602;20;0,229602;16,516;0,227915;20;0,227915;19,483;0,230683;20;0,230683;21,348;0,227618;20;0,227618;19,185
57;0,231861;20;0,231861;5,622;0,231611;20;0,231611;12,682;0,233747;20;0,233747;16,875;0,23202;20;0,23202;19,846;0,234739;20;0,234739;21,48;0,231722;20;0,231722;19,435
58;0,235983;20;0,235983;5,738;0,235683;20;0,235683;12,615;0,237813;20;0,237813;17,214;0,236126;20;0,236126;20,288;0,238816;20;0,238816;21,717;0,235807;20;0,235807;19,716
59;0,240077;20;0,240077;5,897;0,239785;20;0,239785;12,466;0,241889;20;0,241889;17,459;0,240194;20;0,240194;20,809;0,242922;20;0,242922;21,973;0,239963;20;0,239963;20,09
60;0,244157;20;0,244157;6,063;0,24389;20;0,24389;12,264;0,246057;20;0,246057;17,663;0,24423;20;0,24423;21,302;0,247084;20;0,247084;22,354;0,244122;20;0,244122;20,425
61;0,248265;20;0,248265;6,209;0,247987;20;0,247987;12,035;0,25008;20;0,25008;17,732;0,248336;20;0,248336;21,815;0,251171;20;0,251171;22,699;0,24816;20;0,24816;20,777
62;0,252349;20;0,252349;6,305;0,252084;20;0,252084;11,799;0,254185;20;0,254185;17,755;0,252406;20;0,252406;22,191;0,25529;20;0,25529;23,075;0,252269;20;0,252269;21,06
63;0,256466;20;0,256466;6,335;0,256178;20;0,256178;11,589;0,258302;20;0,258302;17,614;0,256535;20;0,256535;22,537;0,259347;20;0,259347;23,364;0,256319;20;0,256319;21,301
64;0,260547;20;0,260547;6,3;0,260275;20;0,260275;11,395;0,262389;20;0,262389;17,396;0,260599;20;0,260599;22,696;0,263389;20;0,263389;23,575;0,260398;20;0,260398;21,443
65;0,264628;20;0,264628;6,21;0,264355;20;0,264355;11,247;0,266466;20;0,266466;17,062;0,264703;20;0,264703;22,763;0,267487;20;0,267487;23,662;0,264478;20;0,264478;21,505
66;0,268737;20;0,268737;6,089;0,268458;20;0,268458;11,134;0,27057;20;0,27057;16,693;0,268807;20;0,268807;22,609;0,271569;20;0,271569;23,61;0,268584;20;0,268584;21,469
67;0,272835;20;0,272835;5,972;0,272559;20;0,272559;11,08;0,274675;20;0,274675;16,299;0,272888;20;0,272888;22,353;0,275676;20;0,275676;23,47;0,272657;20;0,272657;21,315
68;0,27691;20;0,27691;5,889;0,276624;20;0,276624;11,084;0,27876;20;0,27876;15,905;0,276991;20;0,276991;21,959;0,279788;20;0,279788;23,192;0,27677;20;0,27677;21,064
69;0,281014;20;0,281014;5,853;0,280722;20;0,280722;11,163;0,2829;20;0,2829;15,609;0,28107;20;0,28107;21,486;0,28386;20;0,28386;22,889;0,28087;20;0,28087;20,694
70;0,285163;20;0,285163;5,873;0,284842;20;0,284842;11,308;0,287068;20;0,287068;15,358;0,285172;20;0,285172;20,977;0,287969;20;0,287969;22,479;0,284955;20;0,284955;20,318
71;0,289253;20;0,289253;5,941;0,288919;20;0,288919;11,509;0,29113;20;0,29113;15,255;0,289278;20;0,289278;20,464;0,292059;20;0,292059;22,097;0,289126;20;0,289126;19,899
72;0,293311;20;0,293311;6,035;0,293023;20;0,293023;11,739;0,295228;20;0,295228;15,225;0,293379;20;0,293379;20,023;0,296226;20;0,296226;21,724;0,293212;20;0,293212;19,519
73;0,297419;20;0,297419;6,132;0,297128;20;0,297128;11,965;0,299307;20;0,299307;15,352;0,297457;20;0,297457;19,626;0,300345;20;0,300345;21,431;0,297308;20;0,297308;19,197
74;0,301523;20;0,301523;6,213;0,301236;20;0,301236;12,174;0,303409;20;0,303409;15,552;0,301597;20;0,301597;19,386;0,304408;20;0,304408;21,222;0,301412;20;0,301412;18,997
75;0,305608;20;0,305608;6,26;0,305334;20;0,305334;12,327;0,307416;20;0,307416;15,828;0,30565;20;0,30565;19,262;0,308503;20;0,308503;21,124;0,305491;20;0,305491;18,929
76;0,309687;20;0,309687;6,269;0,309501;20;0,309501;12,422;0,311531;20;0,311531;16,129;0,309753;20;0,309753;19,324;0,312544;20;0,312544;21,163;0,309597;20;0,309597;18,982
77;0,313793;20;0,313793;6,238;0,31358;20;0,31358;12,437;0,315628;20;0,315628;16,429;0,313831;20;0,313831;19,517;0,316669;20;0,316669;21,279;0,3137;20;0,3137;19,185
78;0,317896;20;0,317896;6,174;0,317614;20;0,317614;12,389;0,31973;20;0,31973;16,732;0,31794;20;0,31794;19,813;0,320731;20;0,320731;21,527;0,31771;20;0,31771;19,443
79;0,321978;20;0,321978;6,095;0,321686;20;0,321686;12,28;0,323808;20;0,323808;16,96;0,322041;20;0,322041;20,189;0,324833;20;0,324833;21,821;0,321822;20;0,321822;19,756
80;0,326075;20;0,326075;6,01;0,325787;20;0,325787;12,134;0,327914;20;0,327914;17,161;0,326144;20;0,326144;20,569;0,328909;20;0,328909;22,184;0,325926;20;0,325926;20,043
81;0,330182;20;0,330182;5,931;0,32989;20;0,32989;11,97;0,331994;20;0,331994;17,26;0,330217;20;0,330217;20,951;0,333012;20;0,333012;22,523;0,330053;20;0,330053;20,326
82;0,334325;20;0,334325;5,869;0,333991;20;0,333991;11,798;0,336107;20;0,336107;17,305;0,334334;20;0,334334;21,271;0,337123;20;0,337123;22,832;0,334115;20;0,334115;20,561
83;0,338448;20;0,338448;5,841;0,338069;20;0,338069;11,638;0,340236;20;0,340236;17,238;0,338434;20;0,338434;21,572;0,3412;20;0,3412;23,071;0,338189;20;0,338189;20,748
84;0,342519;20;0,342519;5,845;0,342249;20;0,342249;11,493;0,344287;20;0,344287;17,103;0,342497;20;0,342497;21,784;0,3453;20;0,3453;23,217;0,342293;20;0,342293;20,88
85;0,346553;20;0,346553;5,889;0,346274;20;0,346274;11,386;0,348386;20;0,348386;16,906;0,346621;20;0,346621;21,931;0,349377;20;0,349377;23,266;0,346411;20;0,346411;20,946
86;0,350655;20;0,350655;5,966;0,350377;20;0,350377;11,323;0,352492;20;0,352492;16,679;0,350703;20;0,350703;21,972;0,353486;20;0,353486;23,196;0,350582;20;0,350582;20,947
87;0,354774;20;0,354774;6,068;0,354497;20;0,354497;11,324;0,356588;20;0,356588;16,458;0,35482;20;0,35482;21,922;0,357606;20;0,357606;23,071;0,354677;20;0,354677;20,854
88;0,358836;20;0,358836;6,175;0,358584;20;0,358584;11,392;0,360672;20;0,360672;16,244;0,358908;20;0,358908;21,793;0,361666;20;0,361666;22,864;0,358759;20;0,358759;20,714
89;0,362941;20;0,362941;6,265;0,362666;20;0,362666;11,52;0,364757;20;0,364757;16,102;0,363032;20;0,363032;21,586;0,365749;20;0,365749;22,638;0,362827;20;0,362827;20,517
90;0,367022;20;0,367022;6,323;0,366769;20;0,366769;11,688;0,368867;20;0,368867;15,993;0,367103;20;0,367103;21,359;0,369873;20;0,369873;22,389;0,366872;20;0,366872;20,312
91;0,371121;20;0,371121;6,335;0,370829;20;0,370829;11,869;0,373002;20;0,373002;15,97;0,371206;20;0,371206;21,108;0,37397;20;0,37397;22,176;0,370977;20;0,370977;20,099
92;0,37527;20;0,37527;6,296;0,374928;20;0,374928;12,036;0,377051;20;0,377051;15,994;0,375284;20;0,375284;20,891;0,378049;20;0,378049;22;0,375057;20;0,375057;19,924
93;0,379391;20;0,379391;6,21;0,379048;20;0,379048;12,159;0,381159;20;0,381159;16,085;0,379391;20;0,379391;20,69;0,382152;20;0,382152;21,884;0,379183;20;0,379183;19,8
94;0,383501;20;0,383501;6,1;0,383152;20;0,383152;12,234;0,385233;20;0,385233;16,21;0,383493;20;0,383493;20,557;0,386257;20;0,386257;21,851;0,383268;20;0,383268;19,73
95;0,387599;20;0,387599;5,984;0,387233;20;0,387233;12,245;0,389337;20;0,389337;16,356;0,387598;20;0,387598;20,472;0,390334;20;0,390334;21,898;0,387343;20;0,387343;19,721
96;0,391665;20;0,391665;5,883;0,391317;20;0,391317;12,201;0,393443;20;0,393443;16,506;0,391683;20;0,391683;20,459;0,394436;20;0,394436;22,03;0,391448;20;0,391448;19,757
97;0,395773;20;0,395773;5,813;0,395422;20;0,395422;12,105;0,397543;20;0,397543;16,627;0,395789;20;0,395789;20,503;0,398516;20;0,398516;22,192;0,39555;20;0,39555;19,85
98;0,399814;20;0,399814;5,79;0,399542;20;0,399542;11,977;0,401686;20;0,401686;16,723;0,399955;20;0,399955;20,583;0,402738;20;0,402738;22,395;0,399627;20;0,399627;19,949
99;0,403892;20;0,403892;5,81;0,403672;20;0,403672;11,83;0,405731;20;0,405731;16,75;0,404032;20;0,404032;20,701;0,406796;20;0,406796;22,581;0,403731;20;0,403731;20,064
100;0,407998;20;0,407998;5,869;0,40778;20;0,40778;11,682;0,409802;20;0,409802;16,739;0,408137;20;0,408137;20,81;0,410874;20;0,410874;22,738;0,407807;20;0,407807;20,16
101;0,412101;20;0,412101;5,952;0,41182;20;0,41182;11,548;0,413905;20;0,413905;16,663;0,412179;20;0,412179;20,917;0,414978;20;0,414978;22,827;0,411914;20;0,411914;20,239
102;0,416179;20;0,416179;6,05;0,415923;20;0,415923;11,437;0,41802;20;0,41802;16,563;0,416252;20;0,416252;20,982;0,418998;20;0,418998;22,852;0,416046;20;0,416046;20,277
103;0,420293;20;0,420293;6,146;0,420011;20;0,420011;11,373;0,422099;20;0,422099;16,434;0,420361;20;0,420361;21,024;0,423093;20;0,423093;22,809;0,420106;20;0,420106;20,268
104;0,424373;20;0,424373;6,227;0,424099;20;0,424099;11,354;0,4262;20;0,4262;16,311;0,424459;20;0,424459;21,02;0,427171;20;0,427171;22,692;0,424227;20;0,424227;20,226
105;0,428544;20;0,428544;6,281;0,428229;20;0,428229;11,393;0,430291;20;0,430291;16,209;0,428595;20;0,428595;20,99;0,43128;20;0,43128;22,534;0,428295;20;0,428295;20,147
106;0,432641;20;0,432641;6,3;0,432286;20;0,432286;11,481;0,434403;20;0,434403;16,133;0,432655;20;0,432655;20,937;0,433305;20;0,433305;22,35;0,432428;20;0,432428;20,056
107;0,436722;20;0,436722;6,282;0,436405;20;0,436405;11,613;0,438494;20;0,438494;16,106;0,436754;20;0,436754;20,875;0,436279;20;0,436279;22,188;0,436526;20;0,436526;19,952
108;0,440761;20;0,440761;6,226;0,44047;20;0,44047;11,767;0,442573;20;0,442573;16,113;0,440873;20;0,440873;20,82;0,439456;20;0,439456;22,045;0,440583;20;0,440583;19,88
109;0,444862;20;0,444862;6,145;0,444572;20;0,444572;11,927;0,446676;20;0,446676;16,178;0,445014;20;0,445014;20,768;0,44356;20;0,44356;21,958;0,444687;20;0,444687;19,832
110;0,448937;20;0,448937;6,054;0,448653;20;0,448653;12,073;0,450779;20;0,450779;16,265;0,449122;20;0,449122;20,745;0,447684;20;0,447684;21,931;0,448792;20;0,448792;19,824
111;0,453045;20;0,453045;5,969;0,45276;20;0,45276;12,184;0,454878;20;0,454878;16,385;0,453224;20;0,453224;20,735;0,451831;20;0,451831;21,967;0,452896;20;0,452896;19,852
112;0,457144;20;0,457144;5,903;0,45688;20;0,45688;12,252;0,458985;20;0,458985;16,506;0,457339;20;0,457339;20,758;0,455956;20;0,455956;22,051;0,457059;20;0,457059;19,917
113;0,461254;20;0,461254;5,868;0,460964;20;0,460964;12,264;0,463039;20;0,463039;16,627;0,461334;20;0,461334;20,796;0,460025;20;0,460025;22,172;0,46116;20;0,46116;20,003
114;0,465337;20;0,465337;5,867;0,465059;20;0,465059;12,221;0,467174;20;0,467174;16,723;0,465443;20;0,465443;20,861;0,464102;20;0,464102;22,321;0,465242;20;0,465242;20,092
115;0,469493;20;0,469493;5,895;0,469157;20;0,469157;12,127;0,471233;20;0,471233;16,788;0,469597;20;0,469597;20,935;0,468151;20;0,468151;22,467;0,469339;20;0,469339;20,186
116;0,473602;20;0,473602;5,944;0,473243;20;0,473243;12,001;0,475338;20;0,475338;16,818;0,47363;20;0,47363;21,013;0,472226;20;0,472226;22,609;0,473445;20;0,473445;20,264
117;0,477707;20;0,477707;6,001;0,477347;20;0,477347;11,853;0,479416;20;0,479416;16,796;0,477732;20;0,477732;21,085;0,476334;20;0,476334;22,715;0,477524;20;0,477524;20,331
118;0,481787;20;0,481787;6,056;0,481523;20;0,481523;11,704;0,483518;20;0,483518;16,74;0,481814;20;0,481814;21,136;0,480436;20;0,480436;22,794;0,481629;20;0,481629;20,365
119;0,485907;20;0,485907;6,101;0,48553;20;0,48553;11,568;0,487624;20;0,487624;16,642;0,485917;20;0,485917;21,166;0,484515;20;0,484515;22,823;0,485715;20;0,485715;20,378
120;0,489988;20;0,489988;6,132;0,489636;20;0,489636;11,463;0,491701;20;0,491701;16,531;0,490082;20;0,490082;21,158;0,488672;20;0,488672;22,8;0,48974;20;0,48974;20,358
121;0,494015;20;0,494015;6,148;0,493736;20;0,493736;11,399;0,495866;20;0,495866;16,407;0,494162;20;0,494162;21,126;0,492703;20;0,492703;22,729;0,493808;20;0,493808;20,307
122;0,498119;20;0,498119;6,154;0,497815;20;0,497815;11,383;0,499908;20;0,499908;16,296;0,498266;20;0,498266;21,062;0,496884;20;0,496884;22,624;0,497937;20;0,497937;20,232
123;0,502252;20;0,502252;6,146;0,501919;20;0,501919;11,423;0,503986;20;0,503986;16,203;0,502345;20;0,502345;20,99;0,500983;20;0,500983;22,5;0,502134;20;0,502134;20,144
124;0,506306;20;0,506306;6,134;0,506018;20;0,506018;11,505;0,50601;20;0,50601;16,145;0,5064;20;0,5064;20,911;0,505063;20;0,505063;22,368;0,506112;20;0,506112;20,057
125;0,510409;20;0,510409;6,119;0,510122;20;0,510122;11,622;0,508989;20;0,508989;16,126;0,510488;20;0,510488;20,84;0,509169;20;0,509169;22,257;0,510207;20;0,510207;19,972
126;0,514493;20;0,514493;6,101;0,51423;20;0,51423;11,754;0,512173;20;0,512173;16,144;0,514592;20;0,514592;20,785;0,513272;20;0,513272;22,172;0,514284;20;0,514284;19,911
127;0,518599;20;0,518599;6,08;0,51829;20;0,51829;11,886;0,516276;20;0,516276;16,205;0,518674;20;0,518674;20,747;0,517349;20;0,517349;22,129;0,518404;20;0,518404;19,871
128;0,522697;20;0,522697;6,056;0,522407;20;0,522407;12;0,520357;20;0,520357;16,289;0,52278;20;0,52278;20,732;0,521452;20;0,521452;22,118;0,522504;20;0,522504;19,866
129;0,526801;20;0,526801;6,029;0,526574;20;0,526574;12,087;0,524465;20;0,524465;16,395;0,526884;20;0,526884;20,738;0,525547;20;0,525547;22,152;0,526582;20;0,526582;19,884
130;0,53088;20;0,53088;6,005;0,530652;20;0,530652;12,138;0,528574;20;0,528574;16,496;0,530964;20;0,530964;20,772;0,529564;20;0,529564;22,217;0,530686;20;0,530686;19,933
131;0,534984;20;0,534984;5,984;0,534682;20;0,534682;12,143;0,53271;20;0,53271;16,589;0,535082;20;0,535082;20,817;0,533672;20;0,533672;22,303;0,534762;20;0,534762;20
132;0,539086;20;0,539086;5,971;0,538787;20;0,538787;12,106;0,536814;20;0,536814;16,655;0,539221;20;0,539221;20,879;0,537759;20;0,537759;22,396;0,538868;20;0,538868;20,076
133;0,543247;20;0,543247;5,968;0,542885;20;0,542885;12,026;0,540918;20;0,540918;16,686;0,543325;20;0,543325;20,94;0,541862;20;0,541862;22,483;0,542972;20;0,542972;20,147
134;0,547284;20;0,547284;5,978;0,54696;20;0,54696;11,919;0,545052;20;0,545052;16,676;0,547431;20;0,547431;20,995;0,545967;20;0,545967;22,557;0,547053;20;0,547053;20,203
135;0,551385;20;0,551385;5,996;0,55104;20;0,55104;11,797;0,549113;20;0,549113;16,63;0,551501;20;0,551501;21,033;0,550046;20;0,550046;22,596;0,551233;20;0,551233;20,239
136;0,555482;20;0,555482;6,021;0,555164;20;0,555164;11,68;0,5532;20;0,5532;16,557;0,555616;20;0,555616;21,043;0,554147;20;0,554147;22,607;0,553286;20;0,553286;20,239
137;0,559565;20;0,559565;6,048;0,559275;20;0,559275;11,578;0,557308;20;0,557308;16,465;0,559655;20;0,559655;21,027;0,558336;20;0,558336;22,582;0,559397;20;0,559397;20,212
138;0,563646;20;0,563646;6,075;0,563345;20;0,563345;11,511;0,561332;20;0,561332;16,374;0,563742;20;0,563742;20,985;0,562393;20;0,562393;22,529;0,561371;20;0,561371;20,158
139;0,567748;20;0,567748;6,099;0,567449;20;0,567449;11,482;0,565407;20;0,565407;16,293;0,567845;20;0,567845;20,928;0,566496;20;0,566496;22,452;0,56434;20;0,56434;20,093
140;0,571851;20;0,571851;6,118;0,571553;20;0,571553;11,495;0,569513;20;0,569513;16,237;0,571908;20;0,571908;20,862;0,570599;20;0,570599;22,368;0,567523;20;0,567523;20,022
141;0,575955;20;0,575955;6,131;0,575632;20;0,575632;11,549;0,573616;20;0,573616;16,207;0,576015;20;0,576015;20,806;0,57467;20;0,57467;22,292;0,571628;20;0,571628;19,963
142;0,580039;20;0,580039;6,136;0,579738;20;0,579738;11,636;0,577693;20;0,577693;16,211;0,580114;20;0,580114;20,76;0,578724;20;0,578724;22,232;0,575705;20;0,575705;19,921
143;0,584137;20;0,584137;6,13;0,583841;20;0,583841;11,745;0,581798;20;0,581798;16,249;0,584224;20;0,584224;20,736;0,582802;20;0,582802;22,201;0,579818;20;0,579818;19,906
144;0,588246;20;0,588246;6,114;0,587927;20;0,587927;11,86;0,58589;20;0,58589;16,315;0,588323;20;0,588323;20,736;0,586909;20;0,586909;22,201;0,583917;20;0,583917;19,916
145;0,59233;20;0,59233;6,09;0,592003;20;0,592003;11,969;0,58998;20;0,58998;16,401;0,592399;20;0,592399;20,759;0,591016;20;0,591016;22,236;0,588049;20;0,588049;19,948
146;0,596434;20;0,596434;6,061;0,59612;20;0,59612;12,057;0,594096;20;0,594096;16,493;0,596477;20;0,596477;20,803;0,595089;20;0,595089;22,291;0,59212;20;0,59212;20,005
147;0,600505;20;0,600505;6,03;0,600229;20;0,600229;12,115;0,598193;20;0,598193;16,585;0,600584;20;0,600584;20,863;0,599192;20;0,599192;22,36;0,59626;20;0,59626;20,072
148;0,604618;20;0,604618;6,003;0,604312;20;0,604312;12,127;0,602269;20;0,602269;16,659;0,604694;20;0,604694;20,934;0,603375;20;0,603375;22,43;0,600364;20;0,600364;20,143
149;0,608694;20;0,608694;5,983;0,608391;20;0,608391;12,097;0,606403;20;0,606403;16,708;0,608772;20;0,608772;21,006;0,607479;20;0,607479;22,495;0,604468;20;0,604468;20,207
150;0,61283;20;0,61283;5,973;0,612494;20;0,612494;12,027;0,610463;20;0,610463;16,722;0,612896;20;0,612896;21,077;0,611547;20;0,611547;22,544;0,608547;20;0,608547;20,261
151;0,616902;20;0,616902;5,973;0,616616;20;0,616616;11,926;0,614567;20;0,614567;16,705;0,616967;20;0,616967;21,127;0,615653;20;0,615653;22,577;0,61264;20;0,61264;20,294
152;0,621006;20;0,621006;5,983;0,620756;20;0,620756;11,808;0,618672;20;0,618672;16,652;0,62107;20;0,62107;21,16;0,61982;20;0,61982;22,591;0,616684;20;0,616684;20,302
153;0,625084;20;0,625084;6,002;0,624864;20;0,624864;11,691;0,622754;20;0,622754;16,571;0,625173;20;0,625173;21,164;0,623842;20;0,623842;22,584;0,620764;20;0,620764;20,288
154;0,629243;20;0,629243;6,025;0,628888;20;0,628888;11,589;0,626855;20;0,626855;16,474;0,629261;20;0,629261;21,139;0,627921;20;0,627921;22,56;0,624869;20;0,624869;20,251
155;0,633302;20;0,633302;6,051;0,632986;20;0,632986;11,514;0,630988;20;0,630988;16,369;0,633357;20;0,633357;21,085;0,63203;20;0,63203;22,517;0,62897;20;0,62897;20,197
156;0,63738;20;0,63738;6,077;0,637066;20;0,637066;11,476;0,635045;20;0,635045;16,272;0,63746;20;0,63746;21,008;0,636067;20;0,636067;22,465;0,633055;20;0,633055;20,129
157;0,641481;20;0,641481;6,103;0,641222;20;0,641222;11,48;0,639151;20;0,639151;16,188;0,641597;20;0,641597;20,919;0,640167;20;0,640167;22,405;0,637164;20;0,637164;20,059
158;0,645603;20;0,645603;6,124;0,645255;20;0,645255;11,525;0,643253;20;0,643253;16,133;0,64571;20;0,64571;20,827;0,644244;20;0,644244;22,346;0,641266;20;0,641266;19,989
159;0,649677;20;0,649677;6,14;0,649358;20;0,649358;11,605;0,647393;20;0,647393;16,116;0,649824;20;0,649824;20,743;0,648349;20;0,648349;22,294;0,645413;20;0,645413;19,93
160;0,653782;20;0,653782;6,147;0,653455;20;0,653455;11,707;0,651499;20;0,651499;16,139;0,653895;20;0,653895;20,675;0,652431;20;0,652431;22,257;0,649511;20;0,649511;19,883
161;0,657936;20;0,657936;6,142;0,657569;20;0,657569;11,819;0,65556;20;0,65556;16,196;0,658021;20;0,658021;20,638;0,656549;20;0,656549;22,237;0,65359;20;0,65359;19,86
162;0,661966;20;0,661966;6,125;0,661632;20;0,661632;11,929;0,659613;20;0,659613;16,283;0,662044;20;0,662044;20,628;0,660662;20;0,660662;22,236;0,657651;20;0,657651;19,862
163;0,666068;20;0,666068;6,094;0,665733;20;0,665733;12,019;0,663717;20;0,663717;16,39;0,666118;20;0,666118;20,65;0,664741;20;0,664741;22,254;0,661729;20;0,661729;19,887
164;0,670147;20;0,670147;6,054;0,669841;20;0,669841;12,083;0,667822;20;0,667822;16,5;0,670219;20;0,670219;20,7;0,668904;20;0,668904;22,288;0,665832;20;0,665832;19,936
165;0,674254;20;0,674254;6,013;0,673922;20;0,673922;12,113;0,671902;20;0,671902;16,602;0,674296;20;0,674296;20,772;0,672986;20;0,672986;22,335;0,669912;20;0,669912;20,002
166;0,678338;20;0,678338;5,977;0,678021;20;0,678021;12,104;0,676013;20;0,676013;16,68;0,678429;20;0,678429;20,857;0,677085;20;0,677085;22,385;0,674047;20;0,674047;20,078
167;0,682443;20;0,682443;5,952;0,682106;20;0,682106;12,056;0,68008;20;0,68008;16,73;0,682514;20;0,682514;20,943;0,681178;20;0,681178;22,436;0,678108;20;0,678108;20,151
168;0,686607;20;0,686607;5,945;0,686226;20;0,686226;11,974;0,684216;20;0,684216;16,742;0,686585;20;0,686585;21,023;0,68522;20;0,68522;22,48;0,682208;20;0,682208;20,214
169;0,690631;20;0,690631;5,957;0,690284;20;0,690284;11,87;0,688281;20;0,688281;16,715;0,690713;20;0,690713;21,083;0,689301;20;0,689301;22,512;0,686324;20;0,686324;20,258
170;0,694724;20;0,694724;5,982;0,694388;20;0,694388;11,759;0,692384;20;0,692384;16,651;0,694878;20;0,694878;21,12;0,693405;20;0,693405;22,524;0,690465;20;0,690465;20,277
171;0,698827;20;0,698827;6,016;0,698492;20;0,698492;11,654;0,696489;20;0,696489;16,563;0,698981;20;0,698981;21,125;0,697512;20;0,697512;22,519;0,694572;20;0,694572;20,265
172;0,702941;20;0,702941;6,054;0,70257;20;0,70257;11,567;0,700566;20;0,700566;16,462;0,70306;20;0,70306;21,101;0,701588;20;0,701588;22,497;0,698675;20;0,698675;20,226
173;0,70701;20;0,70701;6,089;0,706672;20;0,706672;11,514;0,704671;20;0,704671;16,363;0,70713;20;0,70713;21,051;0,7057;20;0,7057;22,46;0,702755;20;0,702755;20,171
174;0,711113;20;0,711113;6,118;0,710769;20;0,710769;11,495;0,708774;20;0,708774;16,278;0,711172;20;0,711172;20,986;0,709781;20;0,709781;22,418;0,706848;20;0,706848;20,105
175;0,715247;20;0,715247;6,136;0,714923;20;0,714923;11,515;0,71294;20;0,71294;16,217;0,715274;20;0,715274;20,911;0,713941;20;0,713941;22,375;0,710881;20;0,710881;20,039
176;0,719309;20;0,719309;6,143;0,719028;20;0,719028;11,57;0,716982;20;0,716982;16,186;0,719354;20;0,719354;20,839;0,718055;20;0,718055;22,339;0,71496;20;0,71496;19,983
177;0,723381;20;0,723381;6,14;0,723045;20;0,723045;11,652;0,721045;20;0,721045;16,186;0,723485;20;0,723485;20,779;0,722127;20;0,722127;22,314;0,719076;20;0,719076;19,945
178;0,727483;20;0,727483;6,125;0,725082;20;0,725082;11,749;0,725146;20;0,725146;16,22;0,727593;20;0,727593;20,737;0,726233;20;0,726233;22,304;0,723149;20;0,723149;19,927
179;0,731588;20;0,731588;6,104;0,728048;20;0,728048;11,851;0,729245;20;0,729245;16,281;0,731651;20;0,731651;20,719;0,730273;20;0,730273;22,308;0,727252;20;0,727252;19,932
180;0,735701;20;0,735701;6,078;0,73123;20;0,73123;11,944;0,733351;20;0,733351;16,36;0,735752;20;0,735752;20,726;0,734346;20;0,734346;22,327;0,731355;20;0,731355;19,958
181;0,739773;20;0,739773;6,051;0,735345;20;0,735345;12,017;0,737429;20;0,737429;16,446;0,739918;20;0,739918;20,76;0,73845;20;0,73845;22,355;0,735443;20;0,735443;20,003
182;0,743852;20;0,743852;6,026;0,739446;20;0,739446;12,063;0,741534;20;0,741534;16,528;0,743996;20;0,743996;20,813;0,742554;20;0,742554;22,388;0,739548;20;0,739548;20,056
183;0,747979;20;0,747979;6,005;0,743522;20;0,743522;12,07;0,745653;20;0,745653;16,599;0,74814;20;0,74814;20,877;0,746664;20;0,746664;22,419;0,743645;20;0,743645;20,111
184;0,752058;20;0,752058;5,99;0,747632;20;0,747632;12,042;0,749815;20;0,749815;16,644;0,752206;20;0,752206;20,944;0,750745;20;0,750745;22,445;0,747723;20;0,747723;20,161
185;0,756181;20;0,756181;5,983;0,751799;20;0,751799;11,982;0,753897;20;0,753897;16,661;0,756285;20;0,756285;21,008;0,754844;20;0,754844;22,462;0,751826;20;0,751826;20,2
186;0,760242;20;0,760242;5,984;0,755892;20;0,755892;11,898;0,758074;20;0,758074;16,649;0,760322;20;0,760322;21,057;0,758942;20;0,758942;22,471;0,755951;20;0,755951;20,22
187;0,764351;20;0,764351;5,991;0,759976;20;0,759976;11,801;0,762089;20;0,762089;16,609;0,764425;20;0,764425;21,086;0,763118;20;0,763118;22,472;0,760036;20;0,760036;20,222
188;0,768459;20;0,768459;6,008;0,76408;20;0,76408;11,707;0,766194;20;0,766194;16,544;0,768508;20;0,768508;21,093;0,767188;20;0,767188;22,464;0,764123;20;0,764123;20,207
189;0,772534;20;0,772534;6,028;0,768159;20;0,768159;11,625;0,770277;20;0,770277;16,464;0,772622;20;0,772622;21,071;0,771292;20;0,771292;22,45;0,768217;20;0,768217;20,176
190;0,776641;20;0,776641;6,052;0,77229;20;0,77229;11,565;0,774298;20;0,774298;16,379;0,77672;20;0,77672;21,027;0,775385;20;0,775385;22,43;0,772314;20;0,772314;20,131
191;0,780745;20;0,780745;6,077;0,776287;20;0,776287;11,535;0,778389;20;0,778389;16,299;0,780798;20;0,780798;20,963;0,779406;20;0,779406;22,406;0,776419;20;0,776419;20,078
192;0,784821;20;0,784821;6,101;0,780388;20;0,780388;11,539;0,782485;20;0,782485;16,235;0,784917;20;0,784917;20,889;0,783508;20;0,783508;22,38;0,780498;20;0,780498;20,024
193;0,788924;20;0,788924;6,12;0,78449;20;0,78449;11,579;0,786599;20;0,786599;16,196;0,789059;20;0,789059;20,812;0,787667;20;0,787667;22,353;0,784602;20;0,784602;19,975
194;0,79303;20;0,79303;6,132;0,788567;20;0,788567;11,644;0,790694;20;0,790694;16,19;0,793165;20;0,793165;20,742;0,7917;20;0,7917;22,328;0,788707;20;0,788707;19,933
195;0,797124;20;0,797124;6,136;0,792674;20;0,792674;11,727;0,794771;20;0,794771;16,216;0,797269;20;0,797269;20,691;0,795802;20;0,795802;22,309;0,792783;20;0,792783;19,908
196;0,801252;20;0,801252;6,13;0,796781;20;0,796781;11,818;0,798875;20;0,798875;16,271;0,801361;20;0,801361;20,667;0,799879;20;0,799879;22,299;0,796887;20;0,796887;19,904
197;0,805308;20;0,805308;6,113;0,800856;20;0,800856;11,903;0,802983;20;0,802983;16,347;0,805379;20;0,805379;20,672;0,803998;20;0,803998;22,299;0,801113;20;0,801113;19,922
198;0,809414;20;0,809414;6,086;0,804973;20;0,804973;11,97;0,807129;20;0,807129;16,435;0,809482;20;0,809482;20,708;0,808164;20;0,808164;22,31;0,80515;20;0,80515;19,96
199;0,813491;20;0,813491;6,053;0,809128;20;0,809128;12,015;0,811177;20;0,811177;16,52;0,813593;20;0,813593;20,767;0,812233;20;0,812233;22,332;0,80925;20;0,80925;20,013
200;0,817596;20;0,817596;6,018;0,813209;20;0,813209;12,031;0,815243;20;0,815243;16,594;0,817672;20;0,817672;20,843;0,816332;20;0,816332;22,363;0,81326;20;0,81326;20,076
201;0,821704;20;0,821704;5,988;0,817262;20;0,817262;12,017;0,81935;20;0,81935;16,646;0,82175;20;0,82175;20,924;0,82044;20;0,82044;22,399;0,817359;20;0,817359;20,138
202;0,825805;20;0,825805;5,967;0,821339;20;0,821339;11,975;0,823453;20;0,823453;16,671;0,825854;20;0,825854;21,001;0,824454;20;0,824454;22,433;0,821467;20;0,821467;20,194
203;0,829884;20;0,829884;5,96;0,825443;20;0,825443;11,907;0,827531;20;0,827531;16,663;0,829963;20;0,829963;21,064;0,828552;20;0,828552;22,462;0,825543;20;0,825543;20,236
204;0,834005;20;0,834005;5,967;0,829547;20;0,829547;11,824;0,831635;20;0,831635;16,624;0,8341;20;0,8341;21,105;0,83266;20;0,83266;22,481;0,82965;20;0,82965;20,258
205;0,838063;20;0,838063;5,987;0,833631;20;0,833631;11,736;0,835725;20;0,835725;16,559;0,838204;20;0,838204;21,12;0,836755;20;0,836755;22,486;0,833755;20;0,833755;20,256
206;0,842167;20;0,842167;6,015;0,837733;20;0,837733;11,655;0,839827;20;0,839827;16,477;0,842314;20;0,842314;21,107;0,840852;20;0,840852;22,478;0,837833;20;0,837833;20,23
207;0,84628;20;0,84628;6,047;0,841819;20;0,841819;11,591;0,843981;20;0,843981;16,39;0,846412;20;0,846412;21,067;0,84495;20;0,84495;22,461;0,841948;20;0,841948;20,185
208;0,850353;20;0,850353;6,077;0,845906;20;0,845906;11,555;0,848015;20;0,848015;16,308;0,850455;20;0,850455;21,008;0,849034;20;0,849034;22,435;0,846118;20;0,846118;20,126
209;0,854473;20;0,854473;6,101;0,85001;20;0,85001;11,549;0,852119;20;0,852119;16,245;0,854602;20;0,854602;20,935;0,853211;20;0,853211;22,407;0,850208;20;0,850208;20,062
210;0,858568;20;0,858568;6,118;0,854114;20;0,854114;11,575;0,856244;20;0,856244;16,206;0,858618;20;0,858618;20,86;0,857311;20;0,857311;22,378;0,854324;20;0,854324;20,004
211;0,862672;20;0,862672;6,126;0,85824;20;0,85824;11,628;0,860299;20;0,860299;16,194;0,862721;20;0,862721;20,791;0,861395;20;0,861395;22,351;0,858382;20;0,858382;19,959
212;0,866743;20;0,866743;6,126;0,862305;20;0,862305;11,702;0,864404;20;0,864404;16,211;0,866827;20;0,866827;20,734;0,865499;20;0,865499;22,332;0,862481;20;0,862481;19,929
213;0,870851;20;0,870851;6,116;0,866398;20;0,866398;11,785;0,868574;20;0,868574;16,255;0,8709;20;0,8709;20,699;0,869586;20;0,869586;22,32;0,866517;20;0,866517;19,922
214;0,87497;20;0,87497;6,1;0,870596;20;0,870596;11,866;0,872585;20;0,872585;16,319;0,875001;20;0,875001;20,688;0,873676;20;0,873676;22,317;0,870612;20;0,870612;19,934
215;0,879032;20;0,879032;6,079;0,874663;20;0,874663;11,938;0,876697;20;0,876697;16,395;0,879127;20;0,879127;20,703;0,877718;20;0,877718;22,324;0,874697;20;0,874697;19,964
216;0,883133;20;0,883133;6,057;0,878684;20;0,878684;11,99;0,880786;20;0,880786;16,473;0,883265;20;0,883265;20,743;0,881791;20;0,881791;22,338;0,878799;20;0,878799;20,005
217;0,887239;20;0,887239;6,035;0,882781;20;0,882781;12,017;0,884871;20;0,884871;16,544;0,887368;20;0,887368;20,8;0,885895;20;0,885895;22,356;0,882875;20;0,882875;20,053
218;0,891315;20;0,891315;6,014;0,886886;20;0,886886;12,012;0,889007;20;0,889007;16,601;0,891475;20;0,891475;20,867;0,889972;20;0,889972;22,377;0,887033;20;0,887033;20,1
219;0,895439;20;0,895439;5,998;0,890963;20;0,890963;11,979;0,893065;20;0,893065;16,633;0,895529;20;0,895529;20,935;0,89408;20;0,89408;22,397;0,891092;20;0,891092;20,141
220;0,899514;20;0,899514;5,988;0,895069;20;0,895069;11,921;0,897163;20;0,897163;16,64;0,899587;20;0,899587;20,997;0,89818;20;0,89818;22,414;0,895179;20;0,895179;20,173
221;0,90362;20;0,90362;5,984;0,899226;20;0,899226;11,846;0,901271;20;0,901271;16,62;0,903675;20;0,903675;21,042;0,902289;20;0,902289;22,429;0,899274;20;0,899274;20,189
222;0,907699;20;0,907699;5,989;0,903256;20;0,903256;11,765;0,905375;20;0,905375;16,576;0,907748;20;0,907748;21,068;0,906363;20;0,906363;22,44;0,903352;20;0,903352;20,191
223;0,911803;20;0,911803;6,003;0,90736;20;0,90736;11,688;0,909446;20;0,909446;16,512;0,911852;20;0,911852;21,07;0,910469;20;0,910469;22,444;0,907459;20;0,907459;20,178
224;0,915881;20;0,915881;6,021;0,911435;20;0,911435;11,624;0,913555;20;0,913555;16,437;0,91596;20;0,91596;21,049;0,914546;20;0,914546;22,443;0,911562;20;0,911562;20,153
225;0,920009;20;0,920009;6,044;0,91554;20;0,91554;11,581;0,917633;20;0,917633;16,361;0,920037;20;0,920037;21,007;0,918653;20;0,918653;22,435;0,915639;20;0,915639;20,118
226;0,92409;20;0,92409;6,067;0,919644;20;0,919644;11,564;0,921736;20;0,921736;16,292;0,924142;20;0,924142;20,949;0,922737;20;0,922737;22,421;0,919743;20;0,919743;20,078
227;0,928248;20;0,928248;6,091;0,923725;20;0,923725;11,576;0,92584;20;0,92584;16,24;0,928281;20;0,928281;20,882;0,92684;20;0,92684;22,402;0,923883;20;0,923883;20,037
228;0,932279;20;0,932279;6,108;0,927906;20;0,927906;11,616;0,929966;20;0,929966;16,209;0,932384;20;0,932384;20,814;0,930953;20;0,930953;22,38;0,927952;20;0,927952;19,997
229;0,936386;20;0,936386;6,118;0,932008;20;0,932008;11,677;0,934046;20;0,934046;16,21;0,936488;20;0,936488;20,756;0,935043;20;0,935043;22,358;0,932034;20;0,932034;19,968
230;0,940462;20;0,940462;6,12;0,93608;20;0,93608;11,75;0,938143;20;0,938143;16,238;0,940565;20;0,940565;20,714;0,939129;20;0,939129;22,338;0,936117;20;0,936117;19,952
231;0,94456;20;0,94456;6,114;0,940118;20;0,940118;11,825;0,942222;20;0,942222;16,291;0,944623;20;0,944623;20,698;0,943231;20;0,943231;22,324;0,940224;20;0,940224;19,953
232;0,948666;20;0,948666;6,099;0,944226;20;0,944226;11,893;0,946321;20;0,946321;16,359;0,948691;20;0,948691;20,708;0,947327;20;0,947327;22,318;0,944324;20;0,944324;19,968
233;0,952776;20;0,952776;6,078;0,948308;20;0,948308;11,944;0,950422;20;0,950422;16,435;0,952794;20;0,952794;20,743;0,951426;20;0,951426;22,322;0,948429;20;0,948429;19,999
234;0,956864;20;0,956864;6,052;0,952414;20;0,952414;11,976;0,954518;20;0,954518;16,506;0,956922;20;0,956922;20,798;0,955548;20;0,955548;22,336;0,952507;20;0,952507;20,039
235;0,960952;20;0,960952;6,025;0,95651;20;0,95651;11,984;0,958602;20;0,958602;16,566;0,958928;20;0,958928;20,865;0,959662;20;0,959662;22,358;0,956638;20;0,956638;20,084
236;0,96503;20;0,96503;6,003;0,960599;20;0,960599;11,966;0,96268;20;0,96268;16,606;0,965081;20;0,965081;20,932;0,963721;20;0,963721;22,384;0,960718;20;0,960718;20,128
237;0,969149;20;0,969149;5,986;0,964703;20;0,964703;11,926;0,966788;20;0,966788;16,622;0,967108;20;0,967108;20,992;0,967833;20;0,967833;22,408;0,964794;20;0,964794;20,164
238;0,973243;20;0,973243;5,98;0,968778;20;0,968778;11,866;0,970887;20;0,970887;16,611;0,970082;20;0,970082;21,037;0,97191;20;0,97191;22,429;0,968898;20;0,968898;20,187
239;0,977324;20;0,977324;5,983;0,972878;20;0,972878;11,796;0,974975;20;0,974975;16,573;0,973342;20;0,973342;21,063;0,976006;20;0,976006;22,444;0,973032;20;0,973032;20,195
240;0,981425;20;0,981425;5,996;0,97698;20;0,97698;11,724;0,979079;20;0,979079;16,516;0,977446;20;0,977446;21,065;0,980099;20;0,980099;22,448;0,97709;20;0,97709;20,184
241;0,985507;20;0,985507;6,015;0,981082;20;0,981082;11,66;0,983183;20;0,983183;16,448;0,981513;20;0,981513;21,042;0,984171;20;0,984171;22,443;0,98117;20;0,98117;20,156
242;0,989611;20;0,989611;6,039;0,985223;20;0,985223;11,61;0,987262;20;0,987262;16,378;0,985663;20;0,985663;21;0,988269;20;0,988269;22,43;0,985272;20;0,985272;20,117
243;0,99369;20;0,99369;6,061;0,989293;20;0,989293;11,587;0,991366;20;0,991366;16,314;0,989704;20;0,989704;20,943;0,992394;20;0,992394;22,413;0,989381;20;0,989381;20,07
244;0,997793;20;0,997793;6,081;0,99344;20;0,99344;11,588;0,99547;20;0,99547;16,267;0,993744;20;0,993744;20,879;0,996454;20;0,996454;22,391;0,993456;20;0,993456;20,025
245;1,001895;20;1,001895;6,095;0,997519;20;0,997519;11,614;0,999553;20;0,999553;16,24;0,997843;20;0,997843;20,815;1,000554;20;1,000554;22,371;0,997565;20;0,997565;19,987
246;1,005972;20;1,005972;6,104;1,00157;20;1,00157;11,66;1,003652;20;1,003652;16,236;1,001928;20;1,001928;20,761;1,004635;20;1,004635;22,352;1,001664;20;1,001664;19,961
247;1,010074;20;1,010074;6,108;1,005647;20;1,005647;11,721;1,007755;20;1,007755;16,256;1,006028;20;1,006028;20,722;1,008762;20;1,008762;22,338;1,005769;20;1,005769;19,95
248;1,014153;20;1,014153;6,104;1,009756;20;1,009756;11,787;1,011837;20;1,011837;16,296;1,010133;20;1,010133;20,704;1,012863;20;1,012863;22,329;1,009844;20;1,009844;19,954
249;1,018274;20;1,018274;6,094;1,013857;20;1,013857;11,852;1,015966;20;1,015966;16,351;1,014206;20;1,014206;20,707;1,016945;20;1,016945;22,327;1,013948;20;1,013948;19,974
250;1,022347;20;1,022347;6,08;1,017935;20;1,017935;11,905;1,020026;20;1,020026;16,414;1,018329;20;1,018329;20,734;1,021047;20;1,021047;22,33;1,018056;20;1,018056;20,002
251;1,026447;20;1,026447;6,062;1,022038;20;1,022038;11,943;1,024128;20;1,024128;16,475;1,022424;20;1,022424;20,781;1,025172;20;1,025172;22,34;1,022152;20;1,022152;20,038
252;1,030553;20;1,030553;6,041;1,026102;20;1,026102;11,959;1,028238;20;1,028238;16,528;1,026503;20;1,026503;20,839;1,029266;20;1,029266;22,354;1,026257;20;1,026257;20,075
253;1,034633;20;1,034633;6,02;1,030219;20;1,030219;11,95;1,032313;20;1,032313;16,569;1,03062;20;1,03062;20,902;1,033344;20;1,033344;22,371;1,030332;20;1,030332;20,109
254;1,038737;20;1,038737;6,002;1,034302;20;1,034302;11,919;1,036422;20;1,036422;16,587;1,034692;20;1,034692;20,961;1,037444;20;1,037444;22,388;1,034441;20;1,034441;20,136
255;1,042813;20;1,042813;5,988;1,038406;20;1,038406;11,87;1,04052;20;1,04052;16,584;1,038798;20;1,038798;21,011;1,041582;20;1,041582;22,405;1,038544;20;1,038544;20,154
256;1,046936;20;1,046936;5,982;1,04251;20;1,04251;11,809;1,044599;20;1,044599;16,56;1,042902;20;1,042902;21,042;1,04566;20;1,04566;22,419;1,042621;20;1,042621;20,16
257;1,048966;20;1,048966;5,984;1,046615;20;1,046615;11,745;1,048702;20;1,048702;16,517;1,046981;20;1,046981;21,052;1,049744;20;1,049744;22,429;1,046726;20;1,046726;20,154
258;1,051929;20;1,051929;5,996;1,050699;20;1,050699;11,686;1,052806;20;1,052806;16,461;1,051096;20;1,051096;21,04;1,053851;20;1,053851;22,433;1,050893;20;1,050893;20,137
259;1,055125;20;1,055125;6,015;1,0549;20;1,0549;11,639;1,056902;20;1,056902;16,4;1,055273;20;1,055273;21,007;1,058043;20;1,058043;22,431;1,054992;20;1,054992;20,113
260;1,059243;20;1,059243;6,038;1,058968;20;1,058968;11,611;1,061004;20;1,061004;16,34;1,059331;20;1,059331;20,958;1,062104;20;1,062104;22,424;1,059101;20;1,059101;20,081
261;1,063297;20;1,063297;6,063;1,062984;20;1,062984;11,604;1,065078;20;1,065078;16,289;1,063433;20;1,063433;20,898;1,066214;20;1,066214;22,41;1,0631;20;1,0631;20,047
262;1,067397;20;1,067397;6,087;1,067089;20;1,067089;11,618;1,069178;20;1,069178;16,254;1,067473;20;1,067473;20,835;1,070318;20;1,070318;22,392;1,067197;20;1,067197;20,015
263;1,071499;20;1,071499;6,103;1,071223;20;1,071223;11,655;1,073285;20;1,073285;16,24;1,071582;20;1,071582;20,777;1,074416;20;1,074416;22,371;1,071308;20;1,071308;19,987
264;1,075577;20;1,075577;6,112;1,075282;20;1,075282;11,705;1,077365;20;1,077365;16,251;1,07566;20;1,07566;20,731;1,078493;20;1,078493;22,351;1,075379;20;1,075379;19,968
265;1,07969;20;1,07969;6,113;1,079384;20;1,079384;11,763;1,081467;20;1,081467;16,284;1,079766;20;1,079766;20,704;1,082598;20;1,082598;22,336;1,079514;20;1,079514;19,96
266;1,083788;20;1,083788;6,104;1,083462;20;1,083462;11,822;1,085571;20;1,085571;16,333;1,083845;20;1,083845;20,701;1,086714;20;1,086714;22,325;1,083594;20;1,083594;19,966
267;1,087865;20;1,087865;6,089;1,087565;20;1,087565;11,874;1,089695;20;1,089695;16,392;1,087949;20;1,087949;20,721;1,090717;20;1,090717;22,32;1,087666;20;1,087666;19,984
268;1,091968;20;1,091968;6,068;1,091738;20;1,091738;11,911;1,093764;20;1,093764;16,453;1,092026;20;1,092026;20,761;1,09482;20;1,09482;22,324;1,091785;20;1,091785;20,013
269;1,096075;20;1,096075;6,044;1,095847;20;1,095847;11,932;1,097869;20;1,097869;16,507;1,096151;20;1,096151;20,817;1,098926;20;1,098926;22,336;1,095944;20;1,095944;20,047
270;1,100152;20;1,100152;6,02;1,099917;20;1,099917;11,932;1,101976;20;1,101976;16,548;1,100314;20;1,100314;20,879;1,103005;20;1,103005;22,354;1,1001;20;1,1001;20,082
271;1,104271;20;1,104271;6;1,10402;20;1,10402;11,912;1,106056;20;1,106056;16,572;1,104416;20;1,104416;20,939;1,107108;20;1,107108;22,374;1,104135;20;1,104135;20,113
272;1,108361;20;1,108361;5,986;1,108097;20;1,108097;11,875;1,110157;20;1,110157;16,573;1,108494;20;1,108494;20,99;1,111215;20;1,111215;22,395;1,108238;20;1,108238;20,136
273;1,112459;20;1,112459;5,981;1,112202;20;1,112202;11,825;1,114258;20;1,114258;16,555;1,112642;20;1,112642;21,025;1,115289;20;1,115289;22,412;1,11232;20;1,11232;20,149
274;1,116561;20;1,116561;5,984;1,116253;20;1,116253;11,768;1,118365;20;1,118365;16,517;1,116622;20;1,116622;21,039;1,119453;20;1,119453;22,424;1,116419;20;1,116419;20,148
275;1,120639;20;1,120639;5,995;1,120328;20;1,120328;11,713;1,122459;20;1,122459;16,466;1,120717;20;1,120717;21,033;1,12356;20;1,12356;22,428;1,120526;20;1,120526;20,134
276;1,124798;20;1,124798;6,011;1,124436;20;1,124436;11,665;1,126556;20;1,126556;16,409;1,124823;20;1,124823;21,003;1,127637;20;1,127637;22,426;1,124542;20;1,124542;20,109
277;1,12884;20;1,12884;6,031;1,128508;20;1,128508;11,63;1,130659;20;1,130659;16,353;1,128911;20;1,128911;20,959;1,131766;20;1,131766;22,417;1,128639;20;1,128639;20,079
278;1,132917;20;1,132917;6,049;1,132614;20;1,132614;11,616;1,134766;20;1,134766;16,305;1,133001;20;1,133001;20,905;1,135793;20;1,135793;22,405;1,132718;20;1,132718;20,046
279;1,137023;20;1,137023;6,066;1,136718;20;1,136718;11,623;1,138842;20;1,138842;16,273;1,137078;20;1,137078;20,846;1,139866;20;1,139866;22,39;1,136822;20;1,136822;20,015
280;1,141132;20;1,141132;6,08;1,140799;20;1,140799;11,648;1,142974;20;1,142974;16,259;1,141178;20;1,141178;20,791;1,14397;20;1,14397;22,375;1,140925;20;1,140925;19,99
281;1,145232;20;1,145232;6,09;1,144913;20;1,144913;11,689;1,147033;20;1,147033;16,264;1,145286;20;1,145286;20,748;1,148049;20;1,148049;22,362;1,14504;20;1,14504;19,975
282;1,149317;20;1,149317;6,094;1,149081;20;1,149081;11,74;1,151116;20;1,151116;16,287;1,149386;20;1,149386;20,72;1,152156;20;1,152156;22,349;1,149118;20;1,149118;19,971
283;1,153399;20;1,153399;6,092;1,153143;20;1,153143;11,793;1,155253;20;1,155253;16,326;1,153462;20;1,153462;20,713;1,156281;20;1,156281;22,339;1,153236;20;1,153236;19,978
284;1,157523;20;1,157523;6,085;1,157241;20;1,157241;11,843;1,159342;20;1,159342;16,375;1,157591;20;1,157591;20,727;1,160335;20;1,160335;22,334;1,15741;20;1,15741;19,994
285;1,161606;20;1,161606;6,073;1,161279;20;1,161279;11,883;1,163421;20;1,163421;16,426;1,161662;20;1,161662;20,76;1,16446;20;1,16446;22,333;1,161484;20;1,161484;20,015
286;1,165685;20;1,165685;6,057;1,165382;20;1,165382;11,908;1,167523;20;1,167523;16,476;1,165758;20;1,165758;20,807;1,168611;20;1,168611;22,337;1,165588;20;1,165588;20,039
287;1,169786;20;1,169786;6,039;1,169488;20;1,169488;11,916;1,171629;20;1,171629;16,518;1,169862;20;1,169862;20,861;1,172806;20;1,172806;22,344;1,169694;20;1,169694;20,064
288;1,173895;20;1,173895;6,021;1,173567;20;1,173567;11,904;1,175704;20;1,175704;16,547;1,173942;20;1,173942;20,915;1,176814;20;1,176814;22,356;1,173783;20;1,173783;20,085
289;1,177969;20;1,177969;6,005;1,17767;20;1,17767;11,875;1,179825;20;1,179825;16,556;1,17805;20;1,17805;20,963;1,180819;20;1,180819;22,37;1,1778;20;1,1778;20,103
290;1,182074;20;1,182074;5,991;1,181755;20;1,181755;11,833;1,184033;20;1,184033;16,548;1,182124;20;1,182124;20,997;1,184921;20;1,184921;22,385;1,181906;20;1,181906;20,114
291;1,186147;20;1,186147;5,984;1,185854;20;1,185854;11,785;1,188008;20;1,188008;16,522;1,186228;20;1,186228;21,012;1,18902;20;1,18902;22,398;1,186037;20;1,186037;20,117
292;1,190264;20;1,190264;5,985;1,189952;20;1,189952;11,736;1,19211;20;1,19211;16,482;1,190334;20;1,190334;21,009;1,193123;20;1,193123;22,409;1,190095;20;1,190095;20,112
293;1,194367;20;1,194367;5,994;1,194055;20;1,194055;11,692;1,196194;20;1,196194;16,432;1,194417;20;1,194417;20,988;1,197201;20;1,197201;22,416;1,1942;20;1,1942;20,1
294;1,198445;20;1,198445;6,01;1,198214;20;1,198214;11,659;1,200293;20;1,200293;16,382;1,198569;20;1,198569;20,952;1,201304;20;1,201304;22,417;1,198304;20;1,198304;20,082
295;1,202567;20;1,202567;6,031;1,202245;20;1,202245;11,64;1,204402;20;1,204402;16,334;1,202602;20;1,202602;20,906;1,205454;20;1,205454;22,412;1,202385;20;1,202385;20,059
296;1,206666;20;1,206666;6,052;1,206365;20;1,206365;11,638;1,208476;20;1,208476;16,296;1,206723;20;1,206723;20,855;1,209488;20;1,209488;22,4;1,20655;20;1,20655;20,035
297;1,210746;20;1,210746;6,072;1,210504;20;1,210504;11,652;1,212578;20;1,212578;16,273;1,210819;20;1,210819;20,805;1,213652;20;1,213652;22,385;1,21066;20;1,21066;20,012
298;1,214847;20;1,214847;6,087;1,214598;20;1,214598;11,681;1,216679;20;1,216679;16,267;1,214925;20;1,214925;20,761;1,217678;20;1,217678;22,368;1,214732;20;1,214732;19,993
299;1,218949;20;1,218949;6,096;1,218619;20;1,218619;11,721;1,220755;20;1,220755;16,283;1,219004;20;1,219004;20,729;1,221781;20;1,221781;22,351;1,218772;20;1,218772;19,981
300;1,223056;20;1,223056;6,098;1,222721;20;1,222721;11,767;1,224858;20;1,224858;16,314;1,223106;20;1,223106;20,714;1,225858;20;1,225858;22,336;1,222871;20;1,222871;19,978
301;1,227134;20;1,227134;6,092;1,226829;20;1,226829;11,813;1,228968;20;1,228968;16,358;1,227209;20;1,227209;20,72;1,229981;20;1,229981;22,327;1,227032;20;1,227032;19,985
302;1,231239;20;1,231239;6,08;1,230903;20;1,230903;11,852;1,233051;20;1,233051;16,407;1,231296;20;1,231296;20,746;1,234071;20;1,234071;22,323;1,231064;20;1,231064;20,001
303;1,235387;20;1,235387;6,063;1,235008;20;1,235008;11,878;1,237155;20;1,237155;16,455;1,235392;20;1,235392;20,787;1,238173;20;1,238173;22,326;1,235169;20;1,235169;20,024
304;1,23949;20;1,23949;6,044;1,239112;20;1,239112;11,891;1,241274;20;1,241274;16,496;1,239558;20;1,239558;20,837;1,242272;20;1,242272;22,334;1,239276;20;1,239276;20,051
305;1,243569;20;1,243569;6,024;1,243219;20;1,243219;11,889;1,245439;20;1,245439;16,523;1,24364;20;1,24364;20,89;1,246365;20;1,246365;22,348;1,243354;20;1,243354;20,075
306;1,247613;20;1,247613;6,008;1,247363;20;1,247363;11,87;1,249454;20;1,249454;16,535;1,24773;20;1,24773;20,939;1,250469;20;1,250469;22,365;1,24747;20;1,24747;20,095
307;1,251711;20;1,251711;5,996;1,251468;20;1,251468;11,839;1,253557;20;1,253557;16,53;1,251828;20;1,251828;20,977;1,254563;20;1,254563;22,38;1,251609;20;1,251609;20,109
308;1,255838;20;1,255838;5,99;1,255567;20;1,255567;11,799;1,257656;20;1,257656;16,51;1,25589;20;1,25589;21;1,258655;20;1,258655;22,394;1,255735;20;1,255735;20,114
309;1,259892;20;1,259892;5,991;1,259652;20;1,259652;11,755;1,261731;20;1,261731;16,476;1,259972;20;1,259972;21,005;1,262775;20;1,262775;22,403;1,259816;20;1,259816;20,11
310;1,263996;20;1,263996;5,998;1,263757;20;1,263757;11,713;1,26583;20;1,26583;16,433;1,264049;20;1,264049;20,99;1,266843;20;1,266843;22,407;1,263923;20;1,263923;20,097
311;1,268075;20;1,268075;6,009;1,267836;20;1,267836;11,677;1,269962;20;1,269962;16,388;1,268158;20;1,268158;20,956;1,270921;20;1,270921;22,406;1,268;20;1,268;20,078
312;1,272234;20;1,272234;6,023;1,27188;20;1,27188;11,652;1,274021;20;1,274021;16,345;1,272261;20;1,272261;20,911;1,275056;20;1,275056;22,4;1,272031;20;1,272031;20,056
313;1,276307;20;1,276307;6,038;1,275973;20;1,275973;11,644;1,278116;20;1,278116;16,31;1,276335;20;1,276335;20,859;1,279254;20;1,279254;22,391;1,276111;20;1,276111;20,033
314;1,280447;20;1,280447;6,054;1,280053;20;1,280053;11,652;1,282211;20;1,282211;16,29;1,280439;20;1,280439;20,807;1,283306;20;1,283306;22,38;1,280215;20;1,280215;20,012
315;1,28455;20;1,28455;6,068;1,284211;20;1,284211;11,673;1,286318;20;1,286318;16,282;1,284587;20;1,284587;20,763;1,287442;20;1,287442;22,369;1,284296;20;1,284296;19,998
316;1,28863;20;1,28863;6,078;1,288243;20;1,288243;11,706;1,290396;20;1,290396;16,29;1,288709;20;1,288709;20,734;1,291489;20;1,291489;22,358;1,288402;20;1,288402;19,99
317;1,292737;20;1,292737;6,085;1,292349;20;1,292349;11,745;1,294503;20;1,294503;16,312;1,292818;20;1,292818;20,721;1,295641;20;1,295641;22,348;1,2925;20;1,2925;19,99
318;1,296781;20;1,296781;6,086;1,296451;20;1,296451;11,786;1,298578;20;1,298578;16,345;1,29689;20;1,29689;20,727;1,299726;20;1,299726;22,34;1,296604;20;1,296604;19,997
319;1,300845;20;1,300845;6,08;1,300545;20;1,300545;11,823;1,30268;20;1,30268;16,384;1,300975;20;1,300975;20,75;1,303799;20;1,303799;22,334;1,300689;20;1,300689;20,008
320;1,30495;20;1,30495;6,07;1,304712;20;1,304712;11,852;1,306765;20;1,306765;16,424;1,305029;20;1,305029;20,786;1,308741;20;1,308741;22,332;1,304788;20;1,304788;20,022
321;1,309052;20;1,309052;6,055;1,308813;20;1,308813;11,869;1,310885;20;1,310885;16,461;1,309105;20;1,309105;20,832;1,31189;20;1,31189;22,334;1,308864;20;1,308864;20,039
322;1,313157;20;1,313157;6,036;1,31282;20;1,31282;11,872;1,314964;20;1,314964;16,489;1,313212;20;1,313212;20,879;1,316725;20;1,316725;22,339;1,313025;20;1,313025;20,054
323;1,317239;20;1,317239;6,018;1,316922;20;1,316922;11,86;1,319075;20;1,319075;16,506;1,317325;20;1,317325;20,921;1,320073;20;1,320073;22,347;1,317061;20;1,317061;20,069
324;1,321348;20;1,321348;6,002;1,321023;20;1,321023;11,836;1,32318;20;1,32318;16,508;1,321387;20;1,321387;20,956;1,324716;20;1,324716;22,359;1,321163;20;1,321163;20,081
325;1,325425;20;1,325425;5,989;1,325164;20;1,325164;11,803;1,327257;20;1,327257;16,495;1,325493;20;1,325493;20,977;1,328256;20;1,328256;22,371;1,325265;20;1,325265;20,088
326;1,329601;20;1,329601;5,982;1,329216;20;1,329216;11,765;1,331365;20;1,331365;16,47;1,329575;20;1,329575;20,981;1,332713;20;1,332713;22,383;1,329373;20;1,329373;20,09
327;1,333725;20;1,333725;5,982;1,333326;20;1,333326;11,727;1,335457;20;1,335457;16,436;1,333686;20;1,333686;20,969;1,336476;20;1,336476;22,393;1,33345;20;1,33345;20,085
328;1,33778;20;1,33778;5,991;1,33743;20;1,33743;11,695;1,339609;20;1,339609;16,396;1,337781;20;1,337781;20,943;1,34072;20;1,34072;22,398;1,337553;20;1,337553;20,075
329;1,341892;20;1,341892;6,006;1,341534;20;1,341534;11,671;1,343657;20;1,343657;16,357;1,341857;20;1,341857;20,907;1,344644;20;1,344644;22,398;1,341657;20;1,341657;20,06
330;1,345955;20;1,345955;6,025;1,345621;20;1,345621;11,658;1,347731;20;1,347731;16,323;1,345968;20;1,345968;20,863;1,348784;20;1,348784;22,393;1,345733;20;1,345733;20,041
331;1,349996;20;1,349996;6,045;1,349718;20;1,349718;11,658;1,351837;20;1,351837;16,298;1,350089;20;1,350089;20,82;1,352834;20;1,352834;22,383;1,349843;20;1,349843;20,023
332;1,354099;20;1,354099;6,064;1,353822;20;1,353822;11,671;1,355989;20;1,355989;16,288;1,354152;20;1,354152;20,781;1,35698;20;1,35698;22,369;1,35394;20;1,35394;20,005
333;1,358269;20;1,358269;6,077;1,357921;20;1,357921;11,695;1,360028;20;1,360028;16,29;1,358272;20;1,358272;20,749;1,361044;20;1,361044;22,355;1,358042;20;1,358042;19,992
334;1,362281;20;1,362281;6,085;1,362005;20;1,362005;11,726;1,364131;20;1,364131;16,308;1,362375;20;1,362375;20,731;1,365148;20;1,365148;22,342;1,362137;20;1,362137;19,985
335;1,366378;20;1,366378;6,085;1,366099;20;1,366099;11,762;1,368237;20;1,368237;16,337;1,366469;20;1,366469;20,728;1,369231;20;1,369231;22,331;1,366211;20;1,366211;19,985
336;1,370453;20;1,370453;6,079;1,370216;20;1,370216;11,796;1,372309;20;1,372309;16,373;1,370575;20;1,370575;20,743;1,37336;20;1,37336;22,324;1,370307;20;1,370307;19,993
337;1,374574;20;1,374574;6,069;1,374299;20;1,374299;11,825;1,376416;20;1,376416;16,412;1,374635;20;1,374635;20,773;1,377405;20;1,377405;22,321;1,374422;20;1,374422;20,007
338;1,378677;20;1,378677;6,055;1,378395;20;1,378395;11,846;1,38052;20;1,38052;16,447;1,37874;20;1,37874;20,813;1,381537;20;1,381537;22,323;1,378502;20;1,378502;20,025
339;1,382758;20;1,382758;6,039;1,382502;20;1,382502;11,855;1,384596;20;1,384596;16,475;1,382843;20;1,382843;20,859;1,385657;20;1,385657;22,33;1,382598;20;1,382598;20,044
340;1,386858;20;1,386858;6,023;1,386585;20;1,386585;11,851;1,388704;20;1,388704;16,492;1,386944;20;1,386944;20,904;1,389732;20;1,389732;22,339;1,386707;20;1,386707;20,063
341;1,390981;20;1,390981;6,008;1,390686;20;1,390686;11,835;1,392804;20;1,392804;16,497;1,391027;20;1,391027;20,942;1,393806;20;1,393806;22,35;1,390784;20;1,390784;20,077
342;1,395053;20;1,395053;5,997;1,394778;20;1,394778;11,81;1,396897;20;1,396897;16,488;1,395191;20;1,395191;20,967;1,397964;20;1,397964;22,361;1,394894;20;1,394894;20,086
343;1,399154;20;1,399154;5,992;1,398971;20;1,398971;11,778;1,401046;20;1,401046;16,469;1,39927;20;1,39927;20,977;1,402008;20;1,402008;22,371;1,399023;20;1,399023;20,088
344;1,403243;20;1,403243;5,992;1,403036;20;1,403036;11,744;1,405079;20;1,405079;16,44;1,403373;20;1,403373;20,969;1,406126;20;1,406126;22,379;1,403083;20;1,403083;20,083
345;1,407346;20;1,407346;5,995;1,407081;20;1,407081;11,711;1,409177;20;1,409177;16,407;1,407476;20;1,407476;20,945;1,410172;20;1,410172;22,383;1,407185;20;1,407185;20,073
346;1,411443;20;1,411443;6,004;1,411222;20;1,411222;11,684;1,413254;20;1,413254;16,373;1,411574;20;1,411574;20,909;1,414306;20;1,414306;22,382;1,411288;20;1,411288;20,059
347;1,415525;20;1,415525;6,016;1,415273;20;1,415273;11,665;1,417363;20;1,417363;16,343;1,415602;20;1,415602;20,866;1,41838;20;1,41838;22,38;1,415366;20;1,415366;20,043
348;1,419625;20;1,419625;6,029;1,419351;20;1,419351;11,66;1,421434;20;1,421434;16,32;1,41968;20;1,41968;20,821;1,422484;20;1,422484;22,374;1,419474;20;1,419474;20,027
349;1,42381;20;1,42381;6,044;1,423456;20;1,423456;11,667;1,425568;20;1,425568;16,307;1,423798;20;1,423798;20,782;1,42656;20;1,42656;22,366;1,423567;20;1,423567;20,013
350;1,427894;20;1,427894;6,057;1,427532;20;1,427532;11,686;1,429641;20;1,429641;16,306;1,42789;20;1,42789;20,752;1,430699;20;1,430699;22,358;1,427664;20;1,427664;20,002
351;1,431992;20;1,431992;6,068;1,431618;20;1,431618;11,712;1,433765;20;1,433765;16,315;1,431993;20;1,431993;20,737;1,434763;20;1,434763;22,347;1,431769;20;1,431769;19,996
352;1,436095;20;1,436095;6,074;1,435737;20;1,435737;11,742;1,437861;20;1,437861;16,335;1,436071;20;1,436071;20,737;1,43889;20;1,43889;22,337;1,435871;20;1,435871;19,995
353;1,440174;20;1,440174;6,075;1,43984;20;1,43984;11,774;1,441968;20;1,441968;16,362;1,44019;20;1,44019;20,752;1,442936;20;1,442936;22,328;1,439949;20;1,439949;19,999
354;1,444311;20;1,444311;6,071;1,443944;20;1,443944;11,802;1,446026;20;1,446026;16,393;1,444332;20;1,444332;20,778;1,447073;20;1,447073;22,32;1,444031;20;1,444031;20,007
355;1,448365;20;1,448365;6,062;1,448024;20;1,448024;11,823;1,450131;20;1,450131;16,423;1,448435;20;1,448435;20,813;1,451149;20;1,451149;22,317;1,448141;20;1,448141;20,018
356;1,452458;20;1,452458;6,049;1,452126;20;1,452126;11,836;1,454253;20;1,454253;16,45;1,452538;20;1,452538;20,851;1,45527;20;1,45527;22,318;1,452245;20;1,452245;20,03
357;1,456521;20;1,456521;6,033;1,456242;20;1,456242;11,838;1,458312;20;1,458312;16,471;1,456653;20;1,456653;20,887;1,459352;20;1,459352;22,324;1,456366;20;1,456366;20,043
358;1,460581;20;1,460581;6,017;1,460386;20;1,460386;11,828;1,4624;20;1,4624;16,48;1,460658;20;1,460658;20,918;1,463465;20;1,463465;22,333;1,46043;20;1,46043;20,055
359;1,464685;20;1,464685;6,002;1,464462;20;1,464462;11,808;1,46652;20;1,46652;16,479;1,464768;20;1,464768;20,941;1,467498;20;1,467498;22,344;1,464535;20;1,464535;20,066
360;1,468791;20;1,468791;5,991;1,468508;20;1,468508;11,783;1,470593;20;1,470593;16,467;1,468841;20;1,468841;20,953;1,47167;20;1,47167;22,356;1,468632;20;1,468632;20,073
361;1,47287;20;1,47287;5,985;1,472613;20;1,472613;11,754;1,474697;20;1,474697;16,445;1,472947;20;1,472947;20,95;1,476709;20;1,476709;22,367;1,47271;20;1,47271;20,075
362;1,47697;20;1,47697;5,986;1,476716;20;1,476716;11,724;1,478802;20;1,478802;16,417;1,477024;20;1,477024;20,934;1,479776;20;1,479776;22,374;1,476814;20;1,476814;20,072
363;1,481074;20;1,481074;5,994;1,480812;20;1,480812;11,699;1,482878;20;1,482878;16,387;1,481129;20;1,481129;20,909;1,484708;20;1,484708;22,378;1,480891;20;1,480891;20,065
364;1,485218;20;1,485218;6,006;1,484905;20;1,484905;11,68;1,486994;20;1,486994;16,357;1,48523;20;1,48523;20,876;1,488013;20;1,488013;22,378;1,485035;20;1,485035;20,052
365;1,489335;20;1,489335;6,021;1,488977;20;1,488977;11,669;1,491085;20;1,491085;16,334;1,489397;20;1,489397;20,84;1,492715;20;1,492715;22,371;1,489088;20;1,489088;20,038
366;1,493407;20;1,493407;6,038;1,493081;20;1,493081;11,669;1,495245;20;1,495245;16,316;1,493475;20;1,493475;20,804;1,496168;20;1,496168;22,362;1,493202;20;1,493202;20,022
367;1,497508;20;1,497508;6,053;1,497277;20;1,497277;11,678;1,499284;20;1,499284;16,31;1,497646;20;1,497646;20,774;1,50071;20;1,50071;22,352;1,497293;20;1,497293;20,007
368;1,501547;20;1,501547;6,065;1,501333;20;1,501333;11,698;1,503393;20;1,503393;16,315;1,501667;20;1,501667;20,752;1,504376;20;1,504376;22,34;1,501367;20;1,501367;19,995
369;1,505632;20;1,505632;6,071;1,505414;20;1,505414;11,723;1,507469;20;1,507469;16,331;1,505709;20;1,505709;20,742;1,508714;20;1,508714;22,33;1,505473;20;1,505473;19,988
370;1,509732;20;1,509732;6,072;1,509541;20;1,509541;11,75;1,511576;20;1,511576;16,355;1,509812;20;1,509812;20,746;1,512558;20;1,512558;22,322;1,509553;20;1,509553;19,986
371;1,513849;20;1,513849;6,069;1,51362;20;1,51362;11,778;1,515649;20;1,515649;16,383;1,513892;20;1,513892;20,765;1,516679;20;1,516679;22,317;1,513653;20;1,513653;19,992
372;1,517916;20;1,517916;6,061;1,517746;20;1,517746;11,802;1,519762;20;1,519762;16,411;1,517995;20;1,517995;20,794;1,520775;20;1,520775;22,315;1,517774;20;1,517774;20,003
373;1,522017;20;1,522017;6,05;1,521766;20;1,521766;11,818;1,523858;20;1,523858;16,436;1,522099;20;1,522099;20,831;1,524916;20;1,524916;22,316;1,521871;20;1,521871;20,017
374;1,526124;20;1,526124;6,036;1,525843;20;1,525843;11,824;1,527973;20;1,527973;16,453;1,526175;20;1,526175;20,869;1,52897;20;1,52897;22,32;1,525949;20;1,525949;20,031
375;1,530305;20;1,530305;6,022;1,529945;20;1,529945;11,822;1,532049;20;1,532049;16,462;1,530276;20;1,530276;20,904;1,533077;20;1,533077;22,327;1,530063;20;1,530063;20,045
376;1,534391;20;1,534391;6,01;1,534049;20;1,534049;11,809;1,536122;20;1,536122;16,462;1,534396;20;1,534396;20,93;1,537145;20;1,537145;22,334;1,534139;20;1,534139;20,057
377;1,538493;20;1,538493;5,999;1,538129;20;1,538129;11,789;1,540226;20;1,540226;16,454;1,538536;20;1,538536;20,943;1,541221;20;1,541221;22,342;1,538244;20;1,538244;20,063
378;1,542572;20;1,542572;5,993;1,542212;20;1,542212;11,764;1,544333;20;1,544333;16,437;1,542645;20;1,542645;20,942;1,545323;20;1,545323;22,35;1,542345;20;1,542345;20,066
379;1,546668;20;1,546668;5,99;1,546315;20;1,546315;11,737;1,548415;20;1,548415;16,414;1,546752;20;1,546752;20,927;1,549421;20;1,549421;22,357;1,546454;20;1,546454;20,062
380;1,550683;20;1,550683;5,993;1,550435;20;1,550435;11,711;1,552556;20;1,552556;16,39;1,550823;20;1,550823;20,901;1,553503;20;1,553503;22,362;1,550532;20;1,550532;20,055
381;1,554841;20;1,554841;6;1,554622;20;1,554622;11,69;1,556719;20;1,556719;16,367;1,554887;20;1,554887;20,867;1,557656;20;1,557656;22,364;1,554631;20;1,554631;20,045
382;1,558895;20;1,558895;6,011;1,55867;20;1,55867;11,676;1,560728;20;1,560728;16,346;1,558961;20;1,558961;20,83;1,561698;20;1,561698;22,363;1,558735;20;1,558735;20,034
383;1,56297;20;1,56297;6,024;1,562715;20;1,562715;11,672;1,564797;20;1,564797;16,331;1,563037;20;1,563037;20,796;1,56583;20;1,56583;22,359;1,562811;20;1,562811;20,022
384;1,567073;20;1,567073;6,037;1,566791;20;1,566791;11,678;1,568956;20;1,568956;16,325;1,567143;20;1,567143;20,768;1,56988;20;1,56988;22,353;1,566914;20;1,566914;20,011
385;1,571234;20;1,571234;6,05;1,570892;20;1,570892;11,692;1,57299;20;1,57299;16,326;1,571245;20;1,571245;20,751;1,574012;20;1,574012;22,345;1,571022;20;1,571022;20,003
386;1,575264;20;1,575264;6,061;1,574999;20;1,574999;11,713;1,577092;20;1,577092;16,335;1,575349;20;1,575349;20,746;1,578088;20;1,578088;22,337;1,575106;20;1,575106;19,997
387;1,579433;20;1,579433;6,067;1,579081;20;1,579081;11,737;1,581191;20;1,581191;16,35;1,579449;20;1,579449;20,754;1,582168;20;1,582168;22,327;1,579221;20;1,579221;19,995
388;1,583537;20;1,583537;6,069;1,583209;20;1,583209;11,762;1,585271;20;1,585271;16,371;1,583565;20;1,583565;20,771;1,586289;20;1,586289;22,32;1,583289;20;1,583289;19,997
389;1,587622;20;1,587622;6,064;1,587276;20;1,587276;11,784;1,589396;20;1,589396;16,392;1,587644;20;1,587644;20,796;1,590357;20;1,590357;22,314;1,587472;20;1,587472;20,002
390;1,591659;20;1,591659;6,056;1,591368;20;1,591368;11,8;1,593492;20;1,593492;16,413;1,591722;20;1,591722;20,825;1,592393;20;1,592393;22,312;1,591501;20;1,591501;20,009
391;1,595756;20;1,595756;6,044;1,595469;20;1,595469;11,81;1,597572;20;1,597572;16,432;1,595828;20;1,595828;20,854;1,598562;20;1,598562;22,313;1,595607;20;1,595607;20,019
392;1,599833;20;1,599833;6,03;1,599577;20;1,599577;11,812;1,601675;20;1,601675;16,445;1,599932;20;1,599932;20,881;1,6006;20;1,6006;22,319;1,59965;20;1,59965;20,029
393;1,60394;20;1,60394;6,017;1,603654;20;1,603654;11,805;1,605767;20;1,605767;16,451;1,604036;20;1,604036;20,901;1,603564;20;1,603564;22,327;1,603772;20;1,603772;20,04
394;1,608043;20;1,608043;6,005;1,60776;20;1,60776;11,79;1,609857;20;1,609857;16,446;1,608139;20;1,608139;20,913;1,606757;20;1,606757;22,336;1,607884;20;1,607884;20,05
395;1,612104;20;1,612104;5,996;1,611878;20;1,611878;11,77;1,613964;20;1,613964;16,434;1,612237;20;1,612237;20,916;1,610836;20;1,610836;22,345;1,612023;20;1,612023;20,056
396;1,616207;20;1,616207;5,991;1,616018;20;1,616018;11,747;1,618041;20;1,618041;16,416;1,616334;20;1,616334;20,908;1,614938;20;1,614938;22,353;1,616078;20;1,616078;20,058
397;1,620306;20;1,620306;5,992;1,620115;20;1,620115;11,724;1,622122;20;1,622122;16,395;1,620437;20;1,620437;20,891;1,619087;20;1,619087;22,359;1,620152;20;1,620152;20,056
398;1,624411;20;1,624411;5,998;1,62421;20;1,62421;11,703;1,626223;20;1,626223;16,372;1,624569;20;1,624569;20,867;1,623184;20;1,623184;22,362;1,624257;20;1,624257;20,049
399;1,628514;20;1,628514;6,009;1,628242;20;1,628242;11,688;1,630331;20;1,630331;16,351;1,628637;20;1,628637;20,84;1,627231;20;1,627231;22,362;1,628335;20;1,628335;20,038
400;1,632593;20;1,632593;6,021;1,632319;20;1,632319;11,679;1,634407;20;1,634407;16,335;1,632725;20;1,632725;20,81;1,631324;20;1,631324;22,358;1,632441;20;1,632441;20,027
401;1,636696;20;1,636696;6,034;1,63645;20;1,63645;11,678;1,638512;20;1,638512;16,325;1,6368;20;1,6368;20,783;1,635403;20;1,635403;22,351;1,636546;20;1,636546;20,015
402;1,640805;20;1,640805;6,045;1,640527;20;1,640527;11,685;1,642593;20;1,642593;16,323;1,640909;20;1,640909;20,762;1,639506;20;1,639506;22,343;1,640646;20;1,640646;20,003
403;1,644906;20;1,644906;6,055;1,644634;20;1,644634;11,699;1,646708;20;1,646708;16,329;1,64499;20;1,64499;20,75;1,643639;20;1,643639;22,334;1,644735;20;1,644735;19,994
404;1,648982;20;1,648982;6,061;1,648711;20;1,648711;11,719;1,650882;20;1,650882;16,342;1,649087;20;1,649087;20,749;1,647701;20;1,647701;22,326;1,64884;20;1,64884;19,989
405;1,653086;20;1,653086;6,063;1,652874;20;1,652874;11,742;1,654901;20;1,654901;16,36;1,653192;20;1,653192;20,758;1,651803;20;1,651803;22,319;1,652931;20;1,652931;19,989
406;1,657284;20;1,657284;6,061;1,657002;20;1,657002;11,764;1,658988;20;1,658988;16,38;1,657287;20;1,657287;20,779;1,655901;20;1,655901;22,315;1,657044;20;1,657044;19,993
407;1,661316;20;1,661316;6,056;1,661086;20;1,661086;11,783;1,660996;20;1,660996;16,401;1,661374;20;1,661374;20,807;1,659982;20;1,659982;22,312;1,66111;20;1,66111;20,001
408;1,665398;20;1,665398;6,047;1,665167;20;1,665167;11,796;1,663986;20;1,663986;16,419;1,66548;20;1,66548;20,838;1,664101;20;1,664101;22,313;1,665215;20;1,665215;20,012
409;1,669498;20;1,669498;6,037;1,66927;20;1,66927;11,802;1,671274;20;1,671274;16,43;1,669558;20;1,669558;20,868;1,668163;20;1,668163;22,316;1,669303;20;1,669303;20,024
410;1,673602;20;1,673602;6,024;1,673353;20;1,673353;11,801;1,673295;20;1,673295;16,436;1,673666;20;1,673666;20,894;1,672268;20;1,672268;22,321;1,673404;20;1,673404;20,035
411;1,677681;20;1,677681;6,012;1,677397;20;1,677397;11,791;1,676273;20;1,676273;16,436;1,677784;20;1,677784;20,911;1,676348;20;1,676348;22,328;1,677477;20;1,677477;20,043
412;1,681784;20;1,681784;6,002;1,681495;20;1,681495;11,776;1,679454;20;1,679454;16,428;1,681862;20;1,681862;20,916;1,680465;20;1,680465;22,334;1,681569;20;1,681569;20,048
413;1,68588;20;1,68588;5,995;1,685576;20;1,685576;11,755;1,683554;20;1,683554;16,416;1,685967;20;1,685967;20,911;1,684563;20;1,684563;22,341;1,685678;20;1,685678;20,049
414;1,689973;20;1,689973;5,991;1,689652;20;1,689652;11,734;1,687647;20;1,687647;16,4;1,690071;20;1,690071;20,894;1,688638;20;1,688638;22,347;1,689757;20;1,689757;20,046
415;1,694045;20;1,694045;5,993;1,693756;20;1,693756;11,712;1,69175;20;1,69175;16,381;1,694147;20;1,694147;20,869;1,692744;20;1,692744;22,351;1,693859;20;1,693859;20,041
416;1,698203;20;1,698203;5,999;1,697865;20;1,697865;11,695;1,695828;20;1,695828;16,365;1,698253;20;1,698253;20,84;1,69685;20;1,69685;22,352;1,698019;20;1,698019;20,033
417;1,702284;20;1,702284;6,008;1,701963;20;1,701963;11,684;1,699961;20;1,699961;16,349;1,702356;20;1,702356;20,809;1,700928;20;1,700928;22,35;1,70205;20;1,70205;20,024
418;1,706345;20;1,706345;6,021;1,70615;20;1,70615;11,68;1,704022;20;1,704022;16,338;1,7065;20;1,7065;20,782;1,705031;20;1,705031;22,347;1,706131;20;1,706131;20,014
419;1,710443;20;1,710443;6,034;1,710286;20;1,710286;11,685;1,708129;20;1,708129;16,334;1,710631;20;1,710631;20,762;1,709135;20;1,709135;22,341;1,710312;20;1,710312;20,006
420;1,714563;20;1,714563;6,047;1,714299;20;1,714299;11,695;1,712211;20;1,712211;16,335;1,714722;20;1,714722;20,749;1,713219;20;1,713219;22,334;1,714389;20;1,714389;19,998
421;1,718644;20;1,718644;6,057;1,718344;20;1,718344;11,711;1,716301;20;1,716301;16,342;1,718791;20;1,718791;20,748;1,717319;20;1,717319;22,327;1,718448;20;1,718448;19,993
422;1,722747;20;1,722747;6,062;1,722447;20;1,722447;11,73;1,720406;20;1,720406;16,354;1,722834;20;1,722834;20,757;1,721421;20;1,721421;22,319;1,72047;20;1,72047;19,991
423;1,726824;20;1,726824;6,062;1,726524;20;1,726524;11,749;1,72451;20;1,72451;16,369;1,72691;20;1,72691;20,774;1,725534;20;1,725534;22,312;1,726626;20;1,726626;19,993
424;1,73095;20;1,73095;6,058;1,730628;20;1,730628;11,768;1,728587;20;1,728587;16,386;1,731012;20;1,731012;20,797;1,729633;20;1,729633;22,308;1,728644;20;1,728644;19,997
425;1,735038;20;1,735038;6,05;1,734737;20;1,734737;11,782;1,732731;20;1,732731;16,402;1,735089;20;1,735089;20,822;1,73369;20;1,73369;22,306;1,73162;20;1,73162;20,005
426;1,739136;20;1,739136;6,039;1,738812;20;1,738812;11,791;1,736796;20;1,736796;16,415;1,739191;20;1,739191;20,848;1,737793;20;1,737793;22,307;1,738914;20;1,738914;20,013
427;1,743216;20;1,743216;6,026;1,742917;20;1,742917;11,793;1,740894;20;1,740894;16,425;1,743298;20;1,743298;20,87;1,741918;20;1,741918;22,31;1,740931;20;1,740931;20,022
428;1,747328;20;1,747328;6,015;1,747082;20;1,747082;11,787;1,745052;20;1,745052;16,429;1,747402;20;1,747402;20,888;1,746017;20;1,746017;22,316;1,743908;20;1,743908;20,031
429;1,751437;20;1,751437;6,005;1,751177;20;1,751177;11,776;1,749093;20;1,749093;16,426;1,751496;20;1,751496;20,898;1,750094;20;1,750094;22,323;1,747072;20;1,747072;20,039
430;1,755527;20;1,755527;5,998;1,755288;20;1,755288;11,76;1,753158;20;1,753158;16,417;1,755692;20;1,755692;20,898;1,754197;20;1,754197;22,33;1,751175;20;1,751175;20,044
431;1,759617;20;1,759617;5,994;1,759379;20;1,759379;11,742;1,757291;20;1,757291;16,405;1,75975;20;1,75975;20,889;1,758329;20;1,758329;22,335;1,7553;20;1,7553;20,045
432;1,76371;20;1,76371;5,994;1,763466;20;1,763466;11,724;1,761352;20;1,761352;16,388;1,763854;20;1,763854;20,872;1,762378;20;1,762378;22,34;1,759357;20;1,759357;20,041
433;1,767815;20;1,767815;5,999;1,767557;20;1,767557;11,708;1,765452;20;1,765452;16,371;1,767946;20;1,767946;20,849;1,766484;20;1,766484;22,343;1,763465;20;1,763465;20,035
434;1,771912;20;1,771912;6,007;1,771572;20;1,771572;11,694;1,76956;20;1,76956;16,356;1,77197;20;1,77197;20,822;1,770647;20;1,770647;22,343;1,76762;20;1,76762;20,026
435;1,775991;20;1,775991;6,017;1,77568;20;1,77568;11,687;1,773655;20;1,773655;16,344;1,776067;20;1,776067;20,794;1,774746;20;1,774746;22,34;1,771647;20;1,771647;20,015
436;1,780093;20;1,780093;6,027;1,779781;20;1,779781;11,685;1,777755;20;1,777755;16,337;1,780175;20;1,780175;20,771;1,778852;20;1,778852;22,335;1,775749;20;1,775749;20,006
437;1,784227;20;1,784227;6,037;1,783858;20;1,783858;11,69;1,781852;20;1,781852;16,335;1,784262;20;1,784262;20,753;1,782921;20;1,782921;22,33;1,779852;20;1,779852;19,997
438;1,788285;20;1,788285;6,046;1,787989;20;1,787989;11,701;1,785962;20;1,785962;16,339;1,788351;20;1,788351;20,744;1,787031;20;1,787031;22,323;1,784013;20;1,784013;19,991
439;1,79239;20;1,79239;6,053;1,792076;20;1,792076;11,717;1,790043;20;1,790043;16,349;1,79245;20;1,79245;20,745;1,791112;20;1,791112;22,316;1,788045;20;1,788045;19,987
440;1,796525;20;1,796525;6,057;1,796202;20;1,796202;11,735;1,794147;20;1,794147;16,361;1,796557;20;1,796557;20,756;1,795216;20;1,795216;22,31;1,792148;20;1,792148;19,987
441;1,800632;20;1,800632;6,057;1,800336;20;1,800336;11,754;1,798225;20;1,798225;16,376;1,80062;20;1,80062;20,776;1,799321;20;1,799321;22,306;1,796226;20;1,796226;19,99
442;1,804738;20;1,804738;6,053;1,804413;20;1,804413;11,77;1,802332;20;1,802332;16,39;1,804719;20;1,804719;20,801;1,803403;20;1,803403;22,304;1,800337;20;1,800337;19,997
443;1,808844;20;1,808844;6,046;1,808505;20;1,808505;11,78;1,806422;20;1,806422;16,403;1,808822;20;1,808822;20,829;1,80743;20;1,80743;22,304;1,804437;20;1,804437;20,006
444;1,812859;20;1,812859;6,036;1,812549;20;1,812549;11,786;1,810509;20;1,810509;16,411;1,812927;20;1,812927;20,856;1,811525;20;1,811525;22,305;1,808517;20;1,808517;20,016
445;1,816957;20;1,816957;6,024;1,816628;20;1,816628;11,784;1,814613;20;1,814613;16,415;1,817036;20;1,817036;20,878;1,81563;20;1,81563;22,308;1,812621;20;1,812621;20,024
446;1,821067;20;1,821067;6,012;1,820733;20;1,820733;11,777;1,818716;20;1,818716;16,414;1,821113;20;1,821113;20,891;1,819718;20;1,819718;22,314;1,816721;20;1,816721;20,031
447;1,825139;20;1,825139;6,002;1,824812;20;1,824812;11,765;1,822794;20;1,822794;16,409;1,825187;20;1,825187;20,895;1,823797;20;1,823797;22,32;1,820799;20;1,820799;20,035
448;1,829257;20;1,829257;5,995;1,828915;20;1,828915;11,748;1,826953;20;1,826953;16,401;1,829353;20;1,829353;20,888;1,827898;20;1,827898;22,325;1,824903;20;1,824903;20,035
449;1,833331;20;1,833331;5,992;1,833019;20;1,833019;11,731;1,830985;20;1,830985;16,389;1,833407;20;1,833407;20,872;1,832003;20;1,832003;22,33;1,829085;20;1,829085;20,032
450;1,837435;20;1,837435;5,993;1,837097;20;1,837097;11,714;1,835103;20;1,835103;16,375;1,837566;20;1,837566;20,849;1,836091;20;1,836091;22,333;1,833187;20;1,833187;20,028
451;1,841555;20;1,841555;5,999;1,841273;20;1,841273;11,701;1,839261;20;1,839261;16,363;1,841598;20;1,841598;20,823;1,840184;20;1,840184;22,336;1,837282;20;1,837282;20,022
452;1,845695;20;1,845695;6,008;1,845351;20;1,845351;11,691;1,843276;20;1,843276;16,352;1,845675;20;1,845675;20,795;1,84429;20;1,84429;22,336;1,841306;20;1,841306;20,013
453;1,849799;20;1,849799;6,02;1,849454;20;1,849454;11,688;1,847382;20;1,847382;16,343;1,84978;20;1,84978;20,77;1,848392;20;1,848392;22,335;1,845391;20;1,845391;20,006
454;1,853879;20;1,853879;6,032;1,85353;20;1,85353;11,691;1,851502;20;1,851502;16,34;1,853883;20;1,853883;20,75;1,852472;20;1,852472;22,331;1,849491;20;1,849491;19,998
455;1,857994;20;1,857994;6,043;1,857663;20;1,857663;11,698;1,855587;20;1,855587;16,341;1,857982;20;1,857982;20,738;1,856651;20;1,856651;22,325;1,853573;20;1,853573;19,991
456;1,862016;20;1,862016;6,052;1,861742;20;1,861742;11,711;1,859667;20;1,859667;16,347;1,862067;20;1,862067;20,737;1,860665;20;1,860665;22,318;1,857694;20;1,857694;19,987
457;1,866095;20;1,866095;6,057;1,865757;20;1,865757;11,725;1,863771;20;1,863771;16,356;1,866238;20;1,866238;20,746;1,864765;20;1,864765;22,312;1,86176;20;1,86176;19,985
458;1,870226;20;1,870226;6,057;1,869858;20;1,869858;11,741;1,867852;20;1,867852;16,367;1,870309;20;1,870309;20,764;1,868871;20;1,868871;22,307;1,865852;20;1,865852;19,986
459;1,87431;20;1,87431;6,053;1,873928;20;1,873928;11,755;1,871954;20;1,871954;16,378;1,874413;20;1,874413;20,786;1,872948;20;1,872948;22,302;1,87001;20;1,87001;19,99
460;1,878417;20;1,878417;6,046;1,878044;20;1,878044;11,767;1,876037;20;1,876037;16,391;1,878457;20;1,878457;20,813;1,877053;20;1,877053;22,301;1,874041;20;1,874041;19,996
461;1,882492;20;1,882492;6,037;1,882201;20;1,882201;11,776;1,880142;20;1,880142;16,4;1,882559;20;1,882559;20,838;1,881156;20;1,881156;22,301;1,878231;20;1,878231;20,004
462;1,886598;20;1,886598;6,025;1,88623;20;1,88623;11,779;1,884248;20;1,884248;16,407;1,886643;20;1,886643;20,86;1,885297;20;1,885297;22,304;1,882333;20;1,882333;20,012
463;1,890738;20;1,890738;6,015;1,888255;20;1,888255;11,776;1,888325;20;1,888325;16,411;1,890746;20;1,890746;20,876;1,889345;20;1,889345;22,307;1,886397;20;1,886397;20,019
464;1,894842;20;1,894842;6,006;1,89123;20;1,89123;11,767;1,892428;20;1,892428;16,408;1,894851;20;1,894851;20,885;1,893442;20;1,893442;22,313;1,890448;20;1,890448;20,025
465;1,898946;20;1,898946;6;1,894487;20;1,894487;11,755;1,896546;20;1,896546;16,402;1,898928;20;1,898928;20,886;1,897541;20;1,897541;22,318;1,894543;20;1,894543;20,028
466;1,903022;20;1,903022;5,997;1,898597;20;1,898597;11,74;1,900687;20;1,900687;16,391;1,903036;20;1,903036;20,876;1,90164;20;1,90164;22,323;1,898621;20;1,898621;20,028
467;1,907069;20;1,907069;5,995;1,902674;20;1,902674;11,724;1,90472;20;1,90472;16,379;1,907127;20;1,907127;20,858;1,905722;20;1,905722;22,328;1,902721;20;1,902721;20,026
468;1,911219;20;1,911219;5,999;1,906776;20;1,906776;11,709;1,908825;20;1,908825;16,366;1,911284;20;1,911284;20,835;1,909827;20;1,909827;22,33;1,906827;20;1,906827;20,019
469;1,91525;20;1,91525;6,005;1,91088;20;1,91088;11,697;1,912956;20;1,912956;16,354;1,915387;20;1,915387;20,809;1,913932;20;1,913932;22,331;1,910902;20;1,910902;20,012
470;1,919359;20;1,919359;6,014;1,914984;20;1,914984;11,689;1,916989;20;1,916989;16,345;1,919465;20;1,919465;20,782;1,918012;20;1,918012;22,328;1,915009;20;1,915009;20,003
471;1,923463;20;1,923463;6,023;1,919062;20;1,919062;11,687;1,921095;20;1,921095;16,339;1,923619;20;1,923619;20,759;1,922112;20;1,922112;22,325;1,919093;20;1,919093;19,994
472;1,927536;20;1,927536;6,033;1,923167;20;1,923167;11,691;1,925196;20;1,925196;16,339;1,927683;20;1,927683;20,742;1,926211;20;1,926211;22,321;1,923216;20;1,923216;19,987
473;1,93162;20;1,93162;6,041;1,927273;20;1,927273;11,7;1,9293;20;1,9293;16,343;1,931761;20;1,931761;20,733;1,930301;20;1,930301;22,315;1,927311;20;1,927311;19,98
474;1,935737;20;1,935737;6,048;1,931389;20;1,931389;11,713;1,933371;20;1,933371;16,351;1,935864;20;1,935864;20,734;1,934469;20;1,934469;22,309;1,931392;20;1,931392;19,977
475;1,939902;20;1,939902;6,052;1,935388;20;1,935388;11,729;1,937482;20;1,937482;16,361;1,939906;20;1,939906;20,745;1,938567;20;1,938567;22,303;1,935495;20;1,935495;19,976
476;1,944004;20;1,944004;6,052;1,93946;20;1,93946;11,744;1,941583;20;1,941583;16,373;1,94398;20;1,94398;20,765;1,9427;20;1,9427;22,299;1,9396;20;1,9396;19,979
477;1,948109;20;1,948109;6,049;1,943565;20;1,943565;11,758;1,945662;20;1,945662;16,385;1,948091;20;1,948091;20,79;1,946757;20;1,946757;22,295;1,943677;20;1,943677;19,985
478;1,952181;20;1,952181;6,041;1,947669;20;1,947669;11,768;1,949764;20;1,949764;16,394;1,952162;20;1,952162;20,818;1,950861;20;1,950861;22,294;1,947781;20;1,947781;19,992
479;1,956243;20;1,956243;6,032;1,951744;20;1,951744;11,774;1,953867;20;1,953867;16,401;1,956289;20;1,956289;20,843;1,95496;20;1,95496;22,295;1,951884;20;1,951884;20
480;1,960311;20;1,960311;6,021;1,955875;20;1,955875;11,773;1,957984;20;1,957984;16,405;1,960375;20;1,960375;20,865;1,959043;20;1,959043;22,298;1,95604;20;1,95604;20,008
481;1,964412;20;1,964412;6,01;1,959955;20;1,959955;11,767;1,962139;20;1,962139;16,404;1,964474;20;1,964474;20,878;1,963125;20;1,963125;22,302;1,960066;20;1,960066;20,014
482;1,968533;20;1,968533;6,001;1,96405;20;1,96405;11,757;1,966145;20;1,966145;16,4;1,96857;20;1,96857;20,881;1,967227;20;1,967227;22,307;1,964133;20;1,964133;20,018
483;1,972594;20;1,972594;5,994;1,968204;20;1,968204;11,743;1,970241;20;1,970241;16,392;1,972726;20;1,972726;20,874;1,971269;20;1,971269;22,312;1,968236;20;1,968236;20,019
484;1,976691;20;1,976691;5,991;1,972234;20;1,972234;11,728;1,974344;20;1,974344;16,382;1,97682;20;1,97682;20,858;1,975348;20;1,975348;22,317;1,972337;20;1,972337;20,017
485;1,980771;20;1,980771;5,991;1,976338;20;1,976338;11,713;1,978422;20;1,978422;16,372;1,980925;20;1,980925;20,837;1,979446;20;1,979446;22,32;1,976417;20;1,976417;20,013
486;1,984886;20;1,984886;5,996;1,980441;20;1,980441;11,701;1,982635;20;1,982635;16,361;1,98503;20;1,98503;20,812;1,98355;20;1,98355;22,322;1,980521;20;1,980521;20,007
487;1,988984;20;1,988984;6,003;1,984518;20;1,984518;11,692;1,986721;20;1,986721;16,351;1,989044;20;1,989044;20,786;1,987631;20;1,987631;22,321;1,984633;20;1,984633;20
488;1,993063;20;1,993063;6,013;1,988606;20;1,988606;11,687;1,990765;20;1,990765;16,344;1,993133;20;1,993133;20,762;1,991746;20;1,991746;22,32;1,988745;20;1,988745;19,993
489;;;;;1,992706;20;1,992706;11,688;1,994824;20;1,994824;16,342;;;;;1,995828;20;1,995828;22,317;1,992821;20;1,992821;19,987
