temps;APEG;TV;TPC
temps;Angle Pivot;Gyromètre;Consigne tangage PC
0000.003; 00000; 0004; 1820
0000.024; 00000; 0002;-1820
0000.035; 00000; 0004;-1820
0000.048;-00020; 0002;-1820
0000.067; 00000; 0004;-1820
0000.080;-00020; 0000;-1820
0000.094;-00020; 0002;-1820
0000.110;-00020; 0000;-1820
0000.126; 00000; 0002;-1820
0000.142; 00000; 0004;-1820
0000.155; 00000; 0000;-1820
0000.171; 00000; 0002;-1820
0000.187; 00000; 0000;-1820
0000.203; 00000; 0004;-1820
0000.219; 00000; 0002;-1820
0000.235; 00000; 0004;-1820
0000.248;-00020; 0002;-1820
0000.267; 00000; 0004;-1820
0000.280; 00000; 0004;-1820
0000.296; 00000; 0004;-1820
0000.312; 00000; 0004;-1820
0000.328; 00000; 0004;-1820
0000.342;-00020; 0002;-1820
0000.358; 00000; 0002;-1820
0000.374; 00000; 0004;-1820
0000.390; 00000; 0004;-1820
0000.406; 00000; 0004;-1820
0000.422; 00000; 0004;-1820
0000.438;-00020; 0000;-1820
0000.451; 00000; 0004;-1820
0000.467; 00000; 0004;-1820
0000.483; 00000; 0004;-1820
0000.499; 00000; 0004;-1820
0000.515; 00000; 0000;-1820
0000.528; 00000; 0002;-1820
0000.547; 00000; 0000;-1820
0000.560; 00000; 0000;-1820
0000.576; 00000; 0002;-1820
0000.592;-00020; 0000;-1820
0000.608; 00000;-0002;-1820
0000.624;-00040;-0002;-1820
0000.640;-00020;-0008;-1820
0000.654;-00040;-0008;-1820
0000.670;-00060;-0010;-1820
0000.686;-00060;-0010;-1820
0000.702;-00100;-0014;-1820
0000.715;-00100;-0014;-1820
0000.734;-00140;-0016;-1820
0000.747;-00140;-0024;-1820
0000.763;-00200;-0028;-1820
0000.779;-00240;-0032;-1820
0000.795;-00280;-0036;-1820
0000.811;-00300;-0034;-1820
0000.827;-00381;-0042;-1820
0000.840;-00401;-0042;-1820
0000.859;-00461;-0046;-1820
0000.872;-00501;-0046;-1820
0000.889;-00561;-0046;-1820
0000.904;-00641;-0046;-1820
0000.918;-00701;-0058;-1820
0000.934;-00741;-0056;-1820
0000.950;-00821;-0054;-1820
0000.966;-00821;-0054;-1820
0000.982;-00881;-0054;-1820
0000.998;-00961;-0054;-1820
0001.014;-01001;-0054;-1820
0001.027;-01041;-0048;-1820
0001.043;-01102;-0048;-1820
0001.059;-01182;-0048;-1820
0001.075;-01242;-0046;-1820
0001.091;-01262;-0044;-1820
0001.104;-01322;-0042;-1820
0001.123;-01362;-0044;-1820
0001.136;-01422;-0044;-1820
0001.152;-01442;-0040;-1820
0001.168;-01482;-0038;-1820
0001.184;-01542;-0038;-1820
0001.200;-01582;-0040;-1820
0001.216;-01602;-0038;-1820
0001.232;-01642;-0036;-1820
0001.248;-01682;-0036;-1820
0001.262;-01722;-0032;-1820
0001.278;-01763;-0030;-1820
0001.294;-01803;-0034;-1820
0001.310;-01843;-0032;-1820
0001.323;-01883;-0038;-1820
0001.339;-01903;-0034;-1820
0001.355;-01943;-0034;-1820
0001.371;-01963;-0034;-1820
0001.387;-01983;-0030;-1820
0001.403;-02043;-0032;-1820
0001.416;-02063;-0032;-1820
0001.435;-02103;-0030;-1820
0001.448;-02143;-0026;-1820
0001.464;-02163;-0028;-1820
0001.480;-02203;-0030;-1820
0001.496;-02243;-0030;-1820
0001.510;-02263;-0032;-1820
0001.528;-02323;-0032;-1820
0001.542;-02343;-0032;-1820
0001.558;-02383;-0034;-1820
0001.574;-02423;-0034;-1820
0001.590;-02444;-0030;-1820
0001.606;-02504;-0034;-1820
0001.619;-02504;-0028;-1820
0001.635;-02544;-0030;-1820
0001.651;-02564;-0028;-1820
0001.667;-02584;-0030;-1820
0001.683;-02624;-0028;-1820
0001.697;-02684;-0028;-1820
0001.712;-02704;-0030;-1820
0001.728;-02764;-0034;-1820
0001.745;-02784;-0030;-1820
0001.761;-02804;-0034;-1820
0001.777;-02824;-0030;-1820
0001.793;-02864;-0034;-1820
0001.806;-02944;-0034;-1820
0001.822;-02944;-0030;-1820
0001.841;-02984;-0030;-1820
0001.857;-03024;-0034;-1820
0001.870;-03145;-0042;-1820
0001.883;-03044;-0034;-1820
0001.899;-03124;-0036;-1820
0001.915;-03165;-0034;-1820
0001.931;-03165;-0030;-1820
0001.947;-03205;-0026;-1820
0001.963;-03225;-0026;-1820
0001.979;-03245;-0028;-1820
0001.995;-03305;-0028;-1820
0002.008;-03345;-0030;-1820
0002.027;-03385;-0026;-1820
0002.040;-03405;-0030;-1820
0002.056;-03405;-0028;-1820
0002.072;-03465;-0028;-1820
0002.088;-03465;-0024; 1820
0002.102;-03505;-0026; 1820
0002.118;-03525;-0024; 1820
0002.134;-03545;-0020; 1820
0002.150;-03545;-0016; 1820
0002.166;-03565;-0010; 1820
0002.182;-03565;-0002; 1820
0002.198;-03565; 0008; 1820
0002.214;-03545; 0012; 1820
0002.227;-03545; 0018; 1820
0002.243;-03525; 0016; 1820
0002.259;-03525; 0016; 1820
0002.273;-03485; 0016; 1820
0002.289;-03485; 0014; 1820
0002.307;-03485; 0012; 1820
0002.321;-03445; 0010; 1820
0002.337;-03485; 0008; 1820
0002.353;-03485; 0004; 1820
0002.369;-03465; 0008; 1820
0002.385;-03445; 0006; 1820
0002.401;-03465; 0004; 1820
0002.414;-03465; 0006; 1820
0002.430;-03445; 0010; 1820
0002.446;-03445; 0008; 1820
0002.462;-03445; 0006; 1820
0002.475;-03445; 0008; 1820
0002.494;-03445; 0004; 1820
0002.507;-03405; 0006; 1820
0002.523;-03425; 0006; 1820
0002.539;-03445; 0008; 1820
0002.555;-03445; 0008; 1820
0002.571;-03385; 0010; 1820
0002.587;-03425; 0006; 1820
0002.600;-03405; 0008; 1820
0002.616;-03405; 0008; 1820
0002.633;-03385; 0010; 1820
0002.648;-03385; 0012; 1820
0002.662;-03385; 0010; 1820
0002.678;-03385; 0010; 1820
0002.694;-03365; 0012; 1820
0002.710;-03365; 0008; 1820
0002.726;-03345; 0010; 1820
0002.742;-03345; 0012; 1820
0002.758;-03325; 0016; 1820
0002.774;-03325; 0016; 1820
0002.787;-03285; 0018; 1820
0002.803;-03305; 0016; 1820
0002.819;-03265; 0016; 1820
0002.835;-03285; 0012; 1820
0002.851;-03265; 0014; 1820
0002.865;-03245; 0014; 1820
0002.881;-03225; 0014; 1820
0002.897;-03225; 0012; 1820
0002.913;-03205; 0016; 1820
0002.929;-03185; 0016; 1820
0002.945;-03165; 0014; 1820
0002.961;-03165; 0014; 1820
0002.974;-03145; 0014; 1820
0002.990;-03145; 0012; 1820
0003.006;-03165; 0012; 1820
0003.022;-03124; 0016; 1820
0003.038;-03104; 0016; 1820
0003.054;-03124; 0012; 1820
0003.067;-03084; 0014; 1820
0003.083;-03104; 0012; 1820
0003.099;-03084; 0014; 1820
0003.115;-03064; 0008; 1820
0003.131;-03064; 0016; 1820
0003.147;-03064; 0014; 1820
0003.163;-03024; 0014; 1820
0003.177;-03024; 0014; 1820
0003.193;-03024; 0012; 1820
0003.209;-03024; 0016; 1820
0003.225;-03004; 0014; 1820
0003.241;-02984; 0014; 1820
0003.257;-02964; 0014; 1820
0003.270;-02984; 0014; 1820
0003.286;-02924; 0018; 1820
0003.302;-02924; 0016; 1820
0003.318;-02944; 0014; 1820
0003.334;-02904; 0014; 1820
0003.350;-02884; 0018; 1820
0003.366;-02884; 0014; 1820
0003.379;-02884; 0014; 1820
0003.395;-02864; 0016; 1820
0003.411;-02824; 0016; 1820
0003.427;-02804; 0020; 1820
0003.441;-02804; 0018; 1820
0003.457;-02804; 0014; 1820
0003.473;-02764; 0020; 1820
0003.489;-02744; 0024; 1820
0003.505;-02724; 0018; 1820
0003.521;-02704; 0022; 1820
0003.537;-02704; 0014; 1820
0003.553;-02664; 0018; 1820
0003.566;-02684; 0020; 1820
0003.585;-02684; 0018; 1820
0003.598;-02664; 0014; 1820
0003.614;-02644; 0016; 1820
0003.630;-02624; 0022; 1820
0003.646;-02644; 0014; 1820
0003.662;-02644; 0014; 1820
0003.675;-02604; 0014; 1820
0003.691;-02564; 0020; 1820
0003.707;-02544; 0020; 1820
0003.723;-02524; 0018; 1820
0003.739;-02524; 0012; 1820
0003.753;-02524; 0014; 1820
0003.769;-02524; 0012; 1820
0003.785;-02484; 0014; 1820
0003.801;-02484; 0016; 1820
0003.817;-02444; 0024; 1820
0003.830;-02423; 0026; 1820
0003.846;-02423; 0024; 1820
0003.862;-02403; 0028; 1820
0003.878;-02383; 0026; 1820
0003.894;-02363; 0026; 1820
0003.910;-02343; 0022; 1820
0003.926;-02323; 0026; 1820
0003.942;-02303; 0020; 1820
0003.955;-02303; 0020; 1820
0003.971;-02263; 0022; 1820
0003.987;-02243; 0024; 1820
0004.003;-02223; 0024; 1820
0004.019;-02223; 0022; 1820
0004.033;-02183; 0022; 1820
0004.051;-02183; 0018; 1820
0004.065;-02143; 0018; 1820
0004.081;-02143; 0022; 1820
0004.097;-02103; 0022; 1820
0004.113;-02083; 0020; 1820
0004.129;-02063; 0030; 1820
0004.145;-02023; 0032; 1820
0004.158;-02023; 0032; 1820
0004.177;-01963; 0024; 1820
0004.190;-02003; 0022; 1820
0004.209;-01963; 0018; 1820
0004.219;-01903; 0020; 1820
0004.235;-01903; 0022; 1820
0004.251;-01863; 0026; 1820
0004.267;-01883; 0028; 1820
0004.283;-01863; 0026; 1820
0004.299;-01823; 0022; 1820
0004.315;-01823; 0024; 1820
0004.331;-01783; 0030; 1820
0004.347;-01763; 0026; 1820
0004.361;-01722; 0022; 1820
0004.377;-01722; 0024; 1820
0004.393;-01682; 0028; 1820
0004.409;-01682; 0028; 1820
0004.422;-01662; 0022; 1820
0004.441;-01642; 0024; 1820
0004.454;-01622; 0026; 1820
0004.470;-01562; 0022; 1820
0004.486;-01562; 0018; 1820
0004.502;-01562; 0020; 1820
0004.518;-01522; 0026; 1820
0004.531;-01522; 0026; 1820
0004.550;-01502; 0030; 1820
0004.566;-01482; 0024; 1820
0004.579;-01442; 0024; 1820
0004.595;-01422; 0026; 1820
0004.609;-01402; 0028; 1820
0004.625;-01402; 0024; 1820
0004.643;-01362; 0018; 1820
0004.657;-01362; 0024; 1820
0004.673;-01322; 0026; 1820
0004.689;-01282; 0032; 1820
0004.705;-01282; 0026; 1820
0004.721;-01202; 0030; 1820
0004.734;-01222; 0032; 1820
0004.750;-01182; 0032; 1820
0004.766;-01182; 0026; 1820
0004.782;-01142; 0028; 1820
0004.798;-01122; 0026; 1820
0004.811;-01102; 0030; 1820
0004.827;-01082; 0028; 1820
0004.843;-01021; 0032; 1820
0004.859;-01001; 0034; 1820
0004.875;-00961; 0028; 1820
0004.891;-00961; 0028; 1820
0004.907;-00941; 0030; 1820
0004.923;-00861; 0034; 1820
0004.937;-00861; 0030; 1820
0004.953;-00881; 0028; 1820
0004.969;-00821; 0028; 1820
0004.985;-00801; 0030; 1820
0005.001;-00761; 0028; 1820
0005.014;-00741; 0028; 1820
0005.030;-00721; 0026; 1820
0005.046;-00721; 0028; 1820
0005.062;-00681; 0024; 1820
0005.078;-00661; 0026; 1820
0005.094;-00641; 0028; 1820
0005.110;-00601; 0024; 1820
0005.123;-00561; 0030; 1820
0005.142;-00541; 0026; 1820
0005.155;-00521; 0028; 1820
0005.171;-00501; 0032; 1820
0005.187;-00461; 0028; 1820
0005.203;-00441; 0028; 1820
0005.217;-00381; 0028; 1820
0005.233;-00381; 0034; 1820
0005.249;-00361; 0030; 1820
0005.267;-00340; 0032; 1820
0005.281;-00300; 0030; 1820
0005.297;-00260; 0030; 1820
0005.310;-00260; 0028; 1820
0005.326;-00220; 0030; 1820
0005.342;-00160; 0030; 1820
0005.358;-00140; 0030; 1820
0005.374;-00140; 0030; 1820
0005.387;-00080; 0028; 1820
0005.406;-00080; 0030; 1820
0005.419;-00040; 0032; 1820
0005.435;-00020; 0034; 1820
0005.451; 00040; 0032; 1820
0005.467; 00040; 0032; 1820
0005.483; 00080; 0034; 1820
0005.499; 00100; 0032; 1820
0005.513; 00140; 0032; 1820
0005.529; 00160; 0032; 1820
0005.545; 00200; 0032; 1820
0005.561; 00200; 0030; 1820
0005.577; 00280; 0034; 1820
0005.590; 00260; 0030; 1820
0005.606; 00280; 0028; 1820
0005.622; 00340; 0028; 1820
0005.638; 00340; 0030; 1820
0005.654; 00381; 0032; 1820
0005.670; 00401; 0030; 1820
0005.686; 00441; 0028; 1820
0005.699; 00461; 0028; 1820
0005.715; 00501; 0028; 1820
0005.731; 00521; 0030; 1820
0005.747; 00501; 0028; 1820
0005.763; 00541; 0026; 1820
0005.777; 00561; 0022; 1820
0005.793; 00581; 0022; 1820
0005.809; 00601; 0024; 1820
0005.825; 00641; 0024; 1820
0005.841; 00661; 0030; 1820
0005.857; 00701; 0028; 1820
0005.886; 00741; 0030; 1820
0005.902; 00781; 0034; 1820
0005.918; 00821; 0032; 1820
0005.934; 00841; 0034; 1820
0005.950; 00881; 0032; 1820
0005.966; 00901; 0034; 1820
0005.979; 00941; 0034; 1820
0005.995; 00961; 0032; 1820
0006.011; 00981; 0032; 1820
0006.027; 01021; 0032; 1820
0006.043; 01021; 0034; 1820
0006.059; 01082; 0036; 1820
0006.075; 01102; 0032; 1820
0006.089; 01142; 0034; 1820
0006.105; 01142; 0034; 1820
0006.121; 01222; 0038; 1820
0006.137; 01222; 0036; 1820
0006.153; 01242; 0032; 1820
0006.169; 01262; 0030; 1820
0006.182; 01302; 0032; 1820
0006.198; 01362; 0032; 1820
0006.214; 01342; 0030; 1820
0006.230; 01402; 0032; 1820
0006.246; 01422; 0028; 1820
0006.262; 01442; 0026; 1820
0006.278; 01482; 0028; 1820
0006.291; 01482; 0028; 1820
0006.307; 01542; 0030; 1820
0006.323; 01542; 0034; 1820
0006.339; 01602; 0034; 1820
0006.355; 01602; 0030; 1820
0006.369; 01662; 0032; 1820
0006.385; 01682; 0032; 1820
0006.401; 01722; 0030; 1820
0006.417; 01742; 0028; 1820
0006.433; 01783; 0026; 1820
0006.449; 01803; 0026; 1820
0006.465; 01843; 0028; 1820
0006.478; 01863; 0026; 1820
0006.497; 01903; 0026; 1820
0006.510; 01923; 0026; 1820
0006.526; 01943; 0028; 1820
0006.542; 01963; 0028; 1820
0006.555; 01983; 0028; 1820
0006.571; 02003; 0024; 1820
0006.587; 02043; 0028; 1820
0006.603; 02083; 0030; 1820
0006.619; 02103; 0030; 1820
0006.635; 02123; 0028; 1820
0006.651; 02143; 0028; 1820
0006.667; 02163; 0026; 1820
0006.681; 02163; 0024; 1820
0006.697; 02183; 0026; 1820
0006.713; 02243; 0030; 1820
0006.729; 02263; 0028; 1820
0006.745; 02283; 0028; 1820
0006.758; 02303; 0026; 1820
0006.774; 02323; 0030; 1820
0006.790; 02343; 0028; 1820
0006.806; 02383; 0028; 1820
0006.822; 02403; 0024; 1820
0006.838; 02444; 0022; 1820
0006.854; 02423; 0024; 1820
0006.867; 02464; 0022; 1820
0006.883; 02504; 0022; 1820
0006.899; 02484; 0020; 1820
0006.915; 02544; 0024; 1820
0006.931; 02564; 0028; 1820
0006.945; 02604; 0030; 1820
0006.961; 02624; 0026; 1820
0006.977; 02644; 0028; 1820
0006.993; 02644; 0026; 1820
0007.009; 02704; 0026; 1820
0007.025; 02704; 0030; 1820
0007.041; 02784; 0032; 1820
0007.057; 02804; 0032; 1820
0007.073; 02824; 0030; 1820
0007.086; 02844; 0030; 1820
0007.102; 02864; 0030;-1820
0007.118; 02864; 0018;-1820
0007.134; 02884; 0014;-1820
0007.147; 02904; 0010;-1820
0007.163; 02904; 0004;-1820
0007.179; 02904;-0002;-1820
0007.195; 02864;-0008;-1820
0007.211; 02864;-0008;-1820
0007.227; 02844;-0012;-1820
0007.243; 02824;-0012;-1820
0007.257; 02804;-0014;-1820
0007.273; 02824;-0010;-1820
0007.302; 02764;-0008;-1820
0007.321; 02764;-0010;-1820
0007.334; 02744;-0010;-1820
0007.350; 02744;-0008;-1820
0007.366; 02724;-0008;-1820
0007.382; 02724;-0010;-1820
0007.398; 02704;-0008;-1820
0007.414; 02704;-0008;-1820
0007.430; 02684;-0008;-1820
0007.446; 02684;-0004;-1820
0007.459; 02664;-0006;-1820
0007.475; 02664;-0006;-1820
0007.491; 02664;-0004;-1820
0007.507; 02464;-0022;-1820
0007.523; 02624;-0006;-1820
0007.539; 02624;-0006;-1820
0007.555; 02584;-0010;-1820
0007.569; 02604;-0008;-1820
0007.585; 02604;-0010;-1820
0007.601; 02564;-0012;-1820
0007.630; 02564;-0016;-1820
0007.646; 02524;-0016;-1820
0007.662; 02504;-0016;-1820
0007.678; 02484;-0016;-1820
0007.694; 02464;-0016;-1820
0007.710; 02464;-0014;-1820
0007.726; 02423;-0016;-1820
0007.739; 02444;-0014;-1820
0007.766; 02403;-0012;-1820
0007.771; 02403;-0014;-1820
0007.787; 02383;-0016;-1820
0007.803; 02343;-0014;-1820
0007.819; 02323;-0016;-1820
0007.835; 02283;-0018;-1820
0007.849; 02283;-0016;-1820
0007.865; 02183;-0024;-1820
0007.881; 02263;-0012;-1820
0007.897; 02223;-0014;-1820
0007.913; 02203;-0016;-1820
0007.926; 02243;-0012;-1820
0007.942; 02203;-0014;-1820
0007.958; 02203;-0014;-1820
0007.974; 02163;-0016;-1820
0007.990; 02143;-0016;-1820
0008.006; 02103;-0020;-1820
0008.035; 02083;-0018;-1820
0008.051; 02063;-0018;-1820
0008.081; 02003;-0020;-1820
0008.099; 01983;-0020;-1820
0008.113; 01963;-0020;-1820
0008.129; 01963;-0018;-1820
0008.145; 01923;-0020;-1820
0008.161; 01903;-0020;-1820
0008.177; 01863;-0018;-1820
0008.193; 01843;-0020;-1820
0008.209; 01823;-0020;-1820
0008.225; 01783;-0024;-1820
0008.238; 01823;-0018;-1820
0008.254; 01742;-0020;-1820
0008.270; 01742;-0020;-1820
0008.286; 01722;-0020;-1820
0008.302; 01702;-0020;-1820
0008.318; 01662;-0020;-1820
0008.334; 01642;-0022;-1820
0008.347; 01622;-0020;-1820
0008.363; 01622;-0024;-1820
0008.379; 01622;-0022;-1820
0008.395; 01522;-0022;-1820
0008.411; 01542;-0022;-1820
0008.441; 01482;-0022;-1820
0008.457; 01462;-0018;-1820
0008.473; 01402;-0020;-1820
0008.489; 01402;-0018;-1820
0008.502; 01382;-0018;-1820
0008.521; 01342;-0020;-1820
0008.534; 01342;-0018;-1820
0008.550; 01322;-0022;-1820
0008.566; 01302;-0020;-1820
0008.582; 01262;-0022;-1820
0008.598; 01242;-0022;-1820
0008.614; 01202;-0022;-1820
0008.627; 01182;-0028;-1820
0008.643; 01162;-0024;-1820
0008.659; 01102;-0030;-1820
0008.675; 01102;-0026;-1820
0008.691; 01041;-0030;-1820
0008.705; 01041;-0026;-1820
0008.721; 00981;-0030;-1820
0008.737; 00961;-0028;-1820
0008.753; 00921;-0028;-1820
0008.769; 00921;-0024;-1820
0008.785; 00861;-0024;-1820
0008.801; 00861;-0022;-1820
0008.814; 00841;-0022;-1820
0008.830; 00821;-0024;-1820
0008.846; 00801;-0022;-1820
0008.862; 00761;-0024;-1820
0008.878; 00741;-0022;-1820
0008.891; 00721;-0022;-1820
0008.907; 00701;-0022;-1820
0008.923; 00641;-0024;-1820
0008.939; 00641;-0026;-1820
0008.955; 00541;-0034;-1820
0008.971; 00581;-0026;-1820
0008.987; 00561;-0026;-1820
0009.003; 00521;-0024;-1820
0009.033; 00441;-0026;-1820
0009.049; 00421;-0024;-1820
0009.065; 00421;-0022;-1820
0009.081; 00361;-0022;-1820
0009.097; 00361;-0022;-1820
0009.110; 00340;-0022;-1820
0009.126; 00300;-0026;-1820
0009.142; 00260;-0028;-1820
0009.158; 00240;-0026;-1820
0009.174; 00220;-0026;-1820
0009.190; 00200;-0024;-1820
0009.203; 00180;-0026;-1820
0009.219; 00140;-0022;-1820
0009.235; 00100;-0026;-1820
0009.251; 00080;-0024;-1820
0009.267; 00040;-0026;-1820
0009.283; 00020;-0028;-1820
0009.297;-00040;-0030;-1820
0009.315;-00060;-0032;-1820
0009.329;-00080;-0032;-1820
0009.345;-00120;-0030;-1820
0009.361;-00160;-0030;-1820
0009.390;-00180;-0026;-1820
0009.406;-00220;-0026;-1820
0009.422;-00240;-0026;-1820
0009.438;-00300;-0028;-1820
0009.454;-00340;-0028;-1820
0009.470;-00361;-0026;-1820
0009.486;-00401;-0028;-1820
0009.502;-00441;-0030;-1820
0009.515;-00461;-0030;-1820
0009.531;-00481;-0028;-1820
0009.547;-00521;-0026;-1820
0009.563;-00541;-0026;-1820
0009.579;-00561;-0026;-1820
0009.609;-00621;-0026;-1820
0009.625;-00661;-0030;-1820
0009.641;-00701;-0030;-1820
0009.657;-00721;-0028;-1820
0009.670;-00761;-0030;-1820
0009.689;-00781;-0030;-1820
0009.702;-00821;-0032;-1820
0009.718;-00821;-0028;-1820
0009.734;-00881;-0030;-1820
0009.750;-00901;-0028;-1820
0009.795;-01001;-0028;-1820
0009.814;-01021;-0026;-1820
0009.827;-01021;-0024;-1820
0009.843;-01102;-0028;-1820
0009.859;-01102;-0026;-1820
0009.875;-01162;-0026;-1820
0009.889;-01162;-0024;-1820
0009.905;-01202;-0028;-1820
0009.921;-01222;-0024;-1820
0009.937;-01242;-0024;-1820
0009.953;-01282;-0022;-1820
0009.969;-01322;-0024;-1820
0009.982;-01322;-0026;-1820
0010.014;-01402;-0026;-1820
0010.030;-01422;-0024;-1820
0010.046;-01442;-0026;-1820
0010.062;-01402;-0016;-1820
0010.075;-01482;-0026;-1820
0010.094;-01562;-0026;-1820
0010.107;-01562;-0028;-1820
0010.123;-01622;-0030;-1820
0010.139;-01622;-0028;-1820
0010.155;-01662;-0028;-1820
0010.185;-01722;-0026;-1820
0010.201;-01742;-0026;-1820
0010.217;-01763;-0024;-1820
0010.233;-01803;-0024;-1820
0010.249;-01823;-0022;-1820
0010.265;-01863;-0024;-1820
0010.281;-01863;-0020;-1820
0010.294;-01903;-0022;-1820
0010.310;-01923;-0022;-1820
0010.326;-01943;-0026;-1820
0010.342;-02003;-0028;-1820
0010.371;-02043;-0026;-1820
0010.387;-02063;-0024;-1820
0010.403;-02103;-0026;-1820
0010.419;-02143;-0030;-1820
0010.435;-02163;-0026;-1820
0010.449;-02203;-0028;-1820
0010.467;-02223;-0024;-1820
0010.489;-02263;-0024;-1820
0010.497;-02283;-0026;-1820
0010.513;-02303;-0028;-1820
0010.529;-02363;-0028;-1820
0010.558;-02403;-0028;-1820
0010.574;-02444;-0026;-1820
0010.590;-02464;-0024;-1820
0010.606;-02464;-0026;-1820
0010.622;-02524;-0028;-1820
0010.638;-02564;-0030;-1820
0010.654;-02584;-0028;-1820
0010.670;-02604;-0028;-1820
0010.683;-02644;-0030;-1820
0010.699;-02664;-0030;-1820
0010.715;-02684;-0028;-1820
0010.731;-02724;-0026;-1820
0010.747;-02784;-0028;-1820
0010.761;-02784;-0024;-1820
0010.777;-02824;-0028;-1820
0010.793;-02824;-0024;-1820
0010.809;-02884;-0028;-1820
0010.825;-02904;-0026;-1820
0010.838;-02944;-0028;-1820
0010.857;-02964;-0028;-1820
0010.870;-02984;-0028;-1820
0010.886;-03024;-0026;-1820
0010.902;-03044;-0024;-1820
0010.934;-03124;-0024;-1820
0010.950;-03145;-0024;-1820
0010.963;-03145;-0024;-1820
0010.979;-03205;-0022;-1820
0010.995;-03205;-0022;-1820
0011.011;-03225;-0024;-1820
0011.027;-03265;-0026;-1820
0011.041;-03305;-0024;-1820
0011.059;-03325;-0022;-1820
0011.073;-03365;-0026;-1820
0011.089;-03365;-0024;-1820
0011.105;-03425;-0026;-1820
0011.121;-03425;-0024;-1820
0011.150;-03485;-0028;-1820
0011.166;-03525;-0030;-1820
0011.182;-03565;-0032;-1820
0011.198;-03605;-0028;-1820
0011.214;-03605;-0028;-1820
0011.227;-03625;-0028;-1820
0011.246;-03665;-0028;-1820
0011.259;-03725;-0028;-1820
0011.275;-03725;-0026;-1820
0011.291;-03745;-0026;-1820
0011.307;-03785;-0026;-1820
0011.337;-03846;-0024;-1820
0011.353;-03886;-0026;-1820
0011.369;-03866;-0024;-1820
0011.385;-03926;-0022;-1820
0011.401;-03946;-0022;-1820
0011.417;-03966;-0024;-1820
0011.433;-04006;-0024;-1820
0011.446;-04006;-0022;-1820
0011.462;-04066;-0026;-1820
0011.478;-04086;-0028;-1820
0011.494;-04086;-0028;-1820
0011.523;-04146;-0026;-1820
0011.539;-04186;-0028;-1820
0011.555;-04206;-0026;-1820
0011.571;-04266;-0026;-1820
0011.587;-04266;-0024;-1820
0011.603;-04306;-0030;-1820
0011.619;-04346;-0028;-1820
0011.633;-04366;-0024;-1820
0011.651;-04386;-0024;-1820
0011.665;-04426;-0024;-1820
0011.681;-04286;-0006;-1820
0011.697;-04466;-0026;-1820
0011.713;-04486;-0024;-1820
0011.742;-04526;-0024;-1820
0011.758;-04587;-0028;-1820
0011.777;-04607;-0028;-1820
0011.790;-04647;-0026;-1820
0011.806;-04667;-0030;-1820
0011.819;-04727;-0030;-1820
0011.838;-04747;-0028;-1820
0011.851;-04727;-0028;-1820
0011.867;-04767;-0028;-1820
0011.883;-04787;-0026;-1820
0011.899;-04827;-0024;-1820
0011.913;-04847;-0024;-1820
0011.929;-04887;-0026;-1820
0011.945;-04907;-0024;-1820
0011.961;-04947;-0022;-1820
0011.977;-04947;-0018;-1820
0011.993;-04967;-0020;-1820
0012.006;-05007;-0022;-1820
0012.025;-04987;-0016;-1820
0012.041;-05047;-0018;-1820
0012.057;-05087;-0022;-1820
0012.070;-05147;-0030;-1820
0012.083;-05107;-0028;-1820
0012.099;-05127;-0024; 1820
0012.115;-05187;-0026; 1820
0012.131;-05207;-0020; 1820
0012.147;-05207;-0016; 1820
0012.163;-05207;-0006; 1820
0012.179;-05187; 0000; 1820
0012.195;-05207; 0008; 1820
0012.209;-05147; 0014; 1820
0012.225;-05147; 0018; 1820
0012.241;-05167; 0016; 1820
0012.257;-05127; 0016; 1820
0012.273;-05107; 0014; 1820
0012.289;-05107; 0016; 1820
0012.302;-05087; 0016; 1820
0012.318;-05087; 0014; 1820
0012.334;-05087; 0010; 1820
0012.350;-05107; 0008; 1820
0012.366;-05067; 0006; 1820
0012.382;-05087; 0004; 1820
0012.398;-05087; 0000; 1820
0012.411;-05067; 0006; 1820
0012.427;-05067; 0006; 1820
0012.443;-05067; 0010; 1820
0012.459;-05047; 0014; 1820
0012.489;-05047; 0010; 1820
0012.505;-05047; 0010; 1820
0012.521;-05027; 0012; 1820
0012.537;-05047; 0010; 1820
0012.553;-05027; 0012; 1820
0012.569;-05007; 0010; 1820
0012.585;-04987; 0008; 1820
0012.601;-04987; 0010; 1820
0012.614;-04987; 0012; 1820
0012.630;-04967; 0014; 1820
0012.646;-04947; 0014; 1820
0012.662;-04967; 0014; 1820
0012.675;-04967; 0012; 1820
0012.707;-04947; 0008; 1820
0012.723;-04947; 0012; 1820
0012.739;-04907; 0014; 1820
0012.755;-04907; 0010; 1820
0012.771;-04887; 0012; 1820
0012.785;-04887; 0014; 1820
0012.801;-04867; 0012; 1820
0012.817;-04867; 0016; 1820
0012.833;-04867; 0018; 1820
0012.849;-04827; 0018; 1820
0012.865;-04807; 0018; 1820
0012.894;-04787; 0018; 1820
0012.910;-04787; 0016; 1820
0012.926;-04787; 0016; 1820
0012.942;-04727; 0014; 1820
0012.958;-04767; 0012; 1820
0012.974;-04767; 0018; 1820
0012.990;-04747; 0014; 1820
0013.003;-04707; 0018; 1820
0013.019;-04687; 0014; 1820
0013.035;-04667; 0012; 1820
0013.051;-04687; 0012; 1820
0013.067;-04647; 0018; 1820
0013.081;-04647; 0016; 1820
0013.097;-04647; 0018; 1820
0013.113;-04647; 0016; 1820
0013.129;-04607; 0018; 1820
0013.145;-04607; 0018; 1820
0013.161;-04587; 0016; 1820
0013.177;-04607; 0012; 1820
0013.190;-04587; 0012; 1820
0013.206;-04547; 0016; 1820
0013.222;-04567; 0016; 1820
0013.238;-04547; 0016; 1820
0013.254;-04506; 0020; 1820
0013.267;-04506; 0018; 1820
0013.283;-04486; 0020; 1820
0013.299;-04486; 0018; 1820
0013.315;-04466; 0018; 1820
0013.331;-04446; 0018; 1820
0013.347;-04406; 0022; 1820
0013.363;-04406; 0020; 1820
0013.377;-04406; 0018; 1820
0013.393;-04386; 0020; 1820
0013.409;-04366; 0020; 1820
0013.425;-04326; 0018; 1820
0013.441;-04306; 0022; 1820
0013.454;-04326; 0020; 1820
0013.470;-04286; 0020; 1820
0013.486;-04306; 0018; 1820
0013.502;-04246; 0022; 1820
0013.518;-04226; 0022; 1820
0013.534;-04226; 0020; 1820
0013.550;-04186; 0020; 1820
0013.566;-04226; 0018; 1820
0013.579;-04166; 0022; 1820
0013.595;-04166; 0024; 1820
0013.611;-04166; 0022; 1820
0013.627;-04126; 0022; 1820
0013.641;-04106; 0020; 1820
0013.657;-04106; 0020; 1820
0013.673;-04066; 0018; 1820
0013.689;-04106; 0016; 1820
0013.705;-04046; 0020; 1820
0013.721;-04046; 0020; 1820
0013.737;-04026; 0022; 1820
0013.753;-04026; 0018; 1820
0013.766;-03986; 0022; 1820
0013.782;-03966; 0022; 1820
0013.798;-03946; 0020; 1820
0013.814;-03906; 0020; 1820
0013.830;-03906; 0020; 1820
0013.843;-03926; 0020; 1820
0013.859;-03886; 0018; 1820
0013.875;-03866; 0020; 1820
0013.891;-03825; 0020; 1820
0013.908;-03825; 0020; 1820
0013.923;-03805; 0026; 1820
0013.939;-03765; 0028; 1820
0013.955;-03745; 0024; 1820
0013.969;-03705; 0026; 1820
0013.985;-03705; 0022; 1820
0014.001;-03685; 0024; 1820
0014.017;-03645; 0024; 1820
0014.030;-03645; 0026; 1820
0014.046;-03625; 0026; 1820
0014.062;-03585; 0022; 1820
0014.078;-03605; 0020; 1820
0014.094;-03565; 0022; 1820
0014.110;-03545; 0024; 1820
0014.126;-03525; 0022; 1820
0014.142;-03505; 0022; 1820
0014.155;-03505; 0022; 1820
0014.174;-03465; 0018; 1820
0014.187;-03465; 0020; 1820
0014.203;-03465; 0018; 1820
0014.219;-03445; 0020; 1820
0014.235;-03425; 0018; 1820
0014.249;-03405; 0022; 1820
0014.265;-03365; 0026; 1820
0014.281;-03365; 0020; 1820
0014.299;-03325; 0020; 1820
0014.313;-03325; 0018; 1820
0014.329;-03305; 0020; 1820
0014.342;-03325; 0020; 1820
0014.358;-03285; 0020; 1820
0014.374;-03245; 0022; 1820
0014.390;-03205; 0026; 1820
0014.409;-03185; 0022; 1820
0014.425;-03185; 0026; 1820
0014.435;-03145; 0022; 1820
0014.451;-03104; 0026; 1820
0014.467;-03104; 0022; 1820
0014.483;-03084; 0028; 1820
0014.499;-03064; 0022; 1820
0014.515;-03064; 0020; 1820
0014.531;-03044; 0016; 1820
0014.545;-03024; 0018; 1820
0014.561;-03004; 0016; 1820
0014.577;-03004; 0018; 1820
0014.593;-02964; 0022; 1820
0014.609;-02984; 0026; 1820
0014.622;-02964; 0026; 1820
0014.638;-02904; 0020; 1820
0014.654;-02904; 0024; 1820
0014.670;-02864; 0020; 1820
0014.686;-02864; 0022; 1820
0014.702;-02824; 0026; 1820
0014.718;-02824; 0024; 1820
0014.731;-02764; 0024; 1820
0014.747;-02764; 0026; 1820
0014.763;-02744; 0024; 1820
0014.779;-02764; 0016; 1820
0014.795;-02704; 0020; 1820
0014.809;-02704; 0020; 1820
0014.825;-02664; 0024; 1820
0014.841;-02684; 0024; 1820
0014.857;-02664; 0022; 1820
0014.873;-02644; 0018; 1820
0014.889;-02624; 0016; 1820
0014.905;-02604; 0016; 1820
0014.921;-02624; 0014; 1820
0014.934;-02604; 0010; 1820
0014.950;-02604; 0014; 1820
0014.966;-02564; 0014; 1820
0014.982;-02584; 0010; 1820
0014.998;-02544; 0016; 1820
0015.011;-02544; 0014; 1820
0015.027;-02524; 0020; 1820
0015.043;-02484; 0016; 1820
0015.059;-02484; 0022; 1820
0015.075;-02464; 0020; 1820
0015.091;-02444; 0018; 1820
0015.107;-02403; 0020; 1820
0015.121;-02383; 0022; 1820
0015.139;-02343; 0028; 1820
0015.153;-02343; 0024; 1820
0015.169;-02303; 0024; 1820
0015.185;-02323; 0022; 1820
0015.198;-02283; 0026; 1820
0015.214;-02263; 0026; 1820
0015.230;-02243; 0022; 1820
0015.246;-02223; 0024; 1820
0015.262;-02203; 0026; 1820
0015.278;-02143; 0034; 1820
0015.294;-02143; 0032; 1820
0015.310;-02103; 0034; 1820
0015.323;-02083; 0030; 1820
0015.339;-02063; 0028; 1820
0015.355;-02063; 0022; 1820
0015.371;-02003; 0026; 1820
0015.387;-01983; 0022; 1820
0015.401;-02023; 0020; 1820
0015.417;-01983; 0020; 1820
0015.433;-01963; 0022; 1820
0015.449;-01923; 0022; 1820
0015.465;-01923; 0022; 1820
0015.481;-01883; 0030; 1820
0015.497;-01863; 0026; 1820
0015.513;-01823; 0026; 1820
0015.526;-01803; 0024; 1820
0015.542;-01763; 0026; 1820
0015.558;-01763; 0032; 1820
0015.574;-01702; 0038; 1820
0015.587;-01682; 0036; 1820
0015.603;-01662; 0036; 1820
0015.619;-01642; 0028; 1820
0015.635;-01522; 0040; 1820
0015.651;-01562; 0034; 1820
0015.668;-01562; 0030; 1820
0015.683;-01522; 0030; 1820
0015.699;-01482; 0026; 1820
0015.713;-01462; 0032; 1820
0015.729;-01442; 0028; 1820
0015.745;-01442; 0022; 1820
0015.761;-01382; 0026; 1820
0015.777;-01362; 0032; 1820
0015.790;-01342; 0036; 1820
0015.806;-01362; 0030; 1820
0015.822;-01302; 0028; 1820
0015.838;-01282; 0030; 1820
0015.854;-01262; 0026; 1820
0015.870;-01182; 0030; 1820
0015.886;-01182; 0028; 1820
0015.899;-01142; 0034; 1820
0015.915;-01122; 0030; 1820
0015.931;-01102; 0032; 1820
0015.947;-01082; 0030; 1820
0015.963;-01062; 0026; 1820
0015.979;-01021; 0030; 1820
0015.995;-00981; 0024; 1820
0016.009;-00981; 0028; 1820
0016.025;-00941; 0026; 1820
0016.041;-00921; 0026; 1820
0016.057;-00861; 0030; 1820
0016.073;-00861; 0026; 1820
0016.089;-00841; 0026; 1820
0016.102;-00821; 0026; 1820
0016.118;-00781; 0026; 1820
0016.134;-00761; 0030; 1820
0016.150;-00721; 0034; 1820
0016.166;-00721; 0028; 1820
0016.179;-00681; 0032; 1820
0016.195;-00661; 0032; 1820
0016.211;-00641; 0030; 1820
0016.227;-00581; 0032; 1820
0016.243;-00581; 0030; 1820
0016.259;-00541; 0030; 1820
0016.275;-00521; 0032; 1820
0016.289;-00461; 0030; 1820
0016.305;-00461; 0032; 1820
0016.321;-00441; 0026; 1820
0016.337;-00421; 0028; 1820
0016.353;-00381; 0028; 1820
0016.366;-00340; 0028; 1820
0016.382;-00340; 0024; 1820
0016.398;-00300; 0028; 1820
0016.414;-00260; 0026; 1820
0016.430;-00260; 0026; 1820
0016.446;-00220; 0032; 1820
0016.462;-00200; 0038; 1820
0016.478;-00160; 0028; 1820
0016.494;-00160; 0032; 1820
0016.510;-00100; 0034; 1820
0016.523;-00080; 0032; 1820
0016.539;-00040; 0032; 1820
0016.555;-00020; 0032; 1820
0016.569; 00000; 0034; 1820
0016.585; 00040; 0038; 1820
0016.601; 00060; 0032; 1820
0016.617; 00120; 0034; 1820
0016.633; 00140; 0034; 1820
0016.649; 00180; 0032; 1820
0016.665; 00180; 0030; 1820
0016.681; 00200; 0026; 1820
0016.694; 00240; 0030; 1820
0016.710; 00300; 0030; 1820
0016.726; 00320; 0034; 1820
0016.742; 00320; 0028; 1820
0016.755; 00340; 0028; 1820
0016.771; 00361; 0026; 1820
0016.787; 00381; 0026; 1820
0016.803; 00421; 0026; 1820
0016.819; 00461; 0028; 1820
0016.835; 00461; 0028; 1820
0016.851; 00501; 0032; 1820
0016.867; 00521; 0030; 1820
0016.883; 00541; 0028; 1820
0016.897; 00601; 0032; 1820
0016.913; 00621; 0030; 1820
0016.929; 00661; 0032; 1820
0016.945; 00681; 0032; 1820
0016.961; 00721; 0034; 1820
0016.974; 00721; 0038; 1820
0016.990; 00761; 0036; 1820
0017.006; 00821; 0034; 1820
0017.022; 00861; 0036; 1820
0017.038; 00881; 0038; 1820
0017.054; 00921; 0034; 1820
0017.067; 00941; 0034; 1820
0017.083; 00981; 0040;-1820
0017.102; 01041; 0038;-1820
0017.115; 01041; 0028;-1820
0017.132; 01041; 0018;-1820
0017.145; 01041; 0012;-1820
0017.161; 01041; 0004;-1820
0017.177; 01041;-0002;-1820
0017.193; 01021;-0006;-1820
0017.209; 01001;-0012;-1820
0017.225; 00981;-0012;-1820
0017.241; 00961;-0014;-1820
0017.257; 00941;-0012;-1820
0017.270; 00941;-0010;-1820
0017.286; 00901;-0010;-1820
0017.302; 00921;-0006;-1820
0017.318; 00901;-0008;-1820
0017.334; 00881;-0010;-1820
0017.347; 00901;-0004;-1820
0017.364; 00861;-0006;-1820
0017.380; 00861;-0004;-1820
0017.395; 00881;-0004;-1820
0017.411; 00861;-0004;-1820
0017.427; 00861;-0004;-1820
0017.443; 00841;-0008;-1820
0017.457; 00841;-0010;-1820
0017.473; 00821;-0010;-1820
0017.489; 00801;-0010;-1820
0017.505; 00801;-0008;-1820
0017.521; 00761;-0010;-1820
0017.534; 00781;-0008;-1820
0017.550; 00761;-0006;-1820
0017.566; 00721;-0010;-1820
0017.582; 00721;-0010;-1820
0017.598; 00741;-0010;-1820
0017.614; 00701;-0010;-1820
0017.630; 00721;-0010;-1820
0017.646; 00701;-0010;-1820
0017.662; 00661;-0012;-1820
0017.675; 00681;-0008;-1820
0017.691; 00661;-0014;-1820
0017.707; 00641;-0014;-1820
0017.723; 00621;-0014;-1820
0017.737; 00581;-0016;-1820
0017.753; 00581;-0014;-1820
0017.769; 00581;-0018;-1820
0017.785; 00541;-0014;-1820
0017.801; 00541;-0014;-1820
0017.817; 00521;-0016;-1820
0017.833; 00501;-0016;-1820
0017.846; 00481;-0012;-1820
0017.862; 00441;-0018;-1820
0017.878; 00441;-0018;-1820
0017.894; 00401;-0018;-1820
0017.910; 00381;-0018;-1820
0017.924; 00381;-0018;-1820
0017.940; 00361;-0018;-1820
0017.956; 00340;-0020;-1820
0017.972; 00300;-0018;-1820
0017.988; 00280;-0016;-1820
0018.004; 00260;-0018;-1820
0018.020; 00220;-0018;-1820
0018.035; 00200;-0018;-1820
0018.049; 00200;-0020;-1820
0018.065; 00160;-0020;-1820
0018.081; 00160;-0020;-1820
0018.097; 00140;-0016;-1820
0018.113; 00100;-0020;-1820
0018.126; 00100;-0020;-1820
0018.142; 00040;-0022;-1820
0018.158; 00060;-0018;-1820
0018.174; 00000;-0022;-1820
0018.190; 00000;-0020;-1820
0018.206;-00020;-0022;-1820
0018.222;-00040;-0020;-1820
0018.235;-00100;-0024;-1820
0018.251;-00080;-0018;-1820
0018.267;-00100;-0020;-1820
0018.283;-00160;-0024;-1820
0018.299;-00180;-0026;-1820
0018.313;-00220;-0026;-1820
0018.331;-00240;-0024;-1820
0018.347;-00240;-0020;-1820
0018.361;-00280;-0022;-1820
0018.377;-00300;-0022;-1820
0018.393;-00340;-0024;-1820
0018.409;-00340;-0022;-1820
0018.425;-00561;-0038;-1820
0018.438;-00421;-0022;-1820
0018.454;-00461;-0024;-1820
0018.470;-00461;-0024;-1820
0018.486;-00521;-0024;-1820
0018.502;-00541;-0022;-1820
0018.516;-00521;-0022;-1820
0018.532;-00561;-0022;-1820
0018.548;-00601;-0026;-1820
0018.564;-00601;-0026;-1820
0018.580;-00661;-0028;-1820
0018.596;-00701;-0028;-1820
0018.612;-00721;-0030;-1820
0018.628;-00761;-0030;-1820
0018.644;-00801;-0028;-1820
0018.657;-00821;-0028;-1820
0018.673;-00841;-0028;-1820
0018.689;-00861;-0030;-1820
0018.705;-00921;-0030;-1820
0018.718;-00921;-0026;-1820
0018.734;-00961;-0028;-1820
0018.750;-01001;-0030;-1820
0018.766;-01041;-0026;-1820
0018.782;-01062;-0026;-1820
0018.798;-01082;-0026;-1820
0018.814;-01102;-0026;-1820
0018.827;-01142;-0028;-1820
0018.843;-01162;-0024;-1820
0018.859;-01222;-0026;-1820
0018.875;-01222;-0024;-1820
0018.891;-01242;-0024;-1820
0018.907;-01282;-0026;-1820
0018.921;-01322;-0026;-1820
0018.937;-01362;-0032;-1820
0018.953;-01382;-0030;-1820
0018.969;-01422;-0030;-1820
0018.985;-01442;-0030;-1820
0019.001;-01502;-0032;-1820
0019.014;-01502;-0030;-1820
0019.030;-01542;-0030;-1820
0019.046;-01562;-0030;-1820
0019.062;-01622;-0028;-1820
0019.078;-01642;-0026;-1820
0019.094;-01642;-0022;-1820
0019.108;-01682;-0024;-1820
0019.124;-01702;-0024;-1820
0019.140;-01682;-0020;-1820
0019.156;-01742;-0022;-1820
0019.172;-01763;-0022;-1820
0019.188;-01803;-0020;-1820
0019.204;-01823;-0020;-1820
0019.217;-01843;-0022;-1820
0019.233;-01883;-0022;-1820
0019.249;-01923;-0024;-1820
0019.265;-01923;-0022;-1820
0019.281;-01963;-0022;-1820
0019.294;-02143;-0038;-1820
0019.310;-02003;-0026;-1820
0019.326;-02043;-0024;-1820
0019.342;-02063;-0022;-1820
0019.358;-02103;-0026;-1820
0019.374;-02123;-0026;-1820
0019.390;-02163;-0028;-1820
0019.403;-02183;-0026;-1820
0019.419;-02183;-0026;-1820
0019.436;-02243;-0026;-1820
0019.452;-02243;-0024;-1820
0019.467;-02303;-0024;-1820
0019.481;-02323;-0026;-1820
0019.497;-02323;-0022;-1820
0019.513;-02363;-0022;-1820
0019.529;-02403;-0022;-1820
0019.545;-02423;-0024;-1820
0019.561;-02423;-0020;-1820
0019.577;-02504;-0024;-1820
0019.593;-02484;-0020;-1820
0019.606;-02504;-0022;-1820
0019.622;-02544;-0024;-1820
0019.638;-02544;-0026;-1820
0019.654;-02604;-0022;-1820
0019.670;-02584;-0022;-1820
0019.686;-02644;-0024;-1820
0019.702;-02644;-0028;-1820
0019.716;-02704;-0026;-1820
0019.732;-02724;-0028;-1820
0019.750;-02764;-0030;-1820
0019.764;-02784;-0028;-1820
0019.780;-02784;-0028;-1820
0019.793;-02844;-0028;-1820
0019.809;-02864;-0026;-1820
0019.825;-02904;-0026;-1820
0019.841;-02924;-0024;-1820
0019.857;-02964;-0028;-1820
0019.873;-02984;-0026;-1820
0019.889;-03024;-0028;-1820
0019.905;-03044;-0028;-1820
0019.918;-03064;-0028;-1820
0019.934;-03104;-0032;-1820
0019.950;-03124;-0028;-1820
0019.966;-03165;-0026;-1820
0019.982;-03185;-0028;-1820
0019.998;-03225;-0030;-1820
0020.014;-03265;-0030;-1820
0020.028;-03285;-0028;-1820
0020.044;-03325;-0030;-1820
0020.060;-03345;-0028;-1820
0020.076;-03365;-0024;-1820
0020.092;-03405;-0026;-1820
0020.105;-03445;-0026;-1820
0020.121;-03485;-0026;-1820
0020.137;-03485;-0026;-1820
0020.153;-03525;-0028;-1820
0020.169;-03545;-0026;-1820
0020.185;-03585;-0026;-1820
0020.198;-03585;-0024;-1820
0020.214;-03645;-0028;-1820
0020.230;-03665;-0026;-1820
0020.246;-03705;-0026;-1820
0020.276;-03765;-0026;-1820
0020.292;-03765;-0026;-1820
0020.308;-03785;-0026;-1820
0020.324;-03825;-0028;-1820
0020.340;-03846;-0026;-1820
0020.356;-03886;-0026;-1820
0020.372;-03926;-0026;-1820
0020.385;-03946;-0026;-1820
0020.401;-03986;-0026;-1820
0020.417;-04006;-0024;-1820
0020.433;-04026;-0022;-1820
0020.449;-04046;-0024;-1820
0020.462;-04086;-0022;-1820
0020.478;-04106;-0024;-1820
0020.494;-04106;-0026;-1820
0020.510;-04166;-0026;-1820
0020.526;-04206;-0028;-1820
0020.542;-04226;-0028;-1820
0020.558;-04226;-0024;-1820
0020.572;-04226;-0022;-1820
0020.588;-04266;-0022;-1820
0020.604;-04326;-0026;-1820
0020.620;-04326;-0022;-1820
0020.636;-04386;-0022;-1820
0020.652;-04406;-0024;-1820
0020.665;-04406;-0020;-1820
0020.681;-04466;-0022;-1820
0020.697;-04486;-0022;-1820
0020.713;-04506;-0028;-1820
0020.729;-04526;-0026;-1820
0020.745;-04547;-0024;-1820
0020.761;-04587;-0022;-1820
0020.774;-04607;-0026;-1820
0020.790;-04647;-0028;-1820
0020.806;-04687;-0026;-1820
0020.822;-04707;-0026;-1820
0020.838;-04727;-0026;-1820
0020.852;-04767;-0026;-1820
0020.868;-04767;-0028;-1820
0020.884;-04807;-0030;-1820
0020.900;-04827;-0026;-1820
0020.916;-04887;-0028;-1820
0020.932;-04847;-0022;-1820
0020.948;-04907;-0022;-1820
0020.961;-04927;-0020;-1820
0020.977;-04967;-0022;-1820
0020.993;-04987;-0024;-1820
0021.009;-05007;-0022;-1820
0021.025;-05047;-0022;-1820
0021.038;-05087;-0022;-1820
0021.054;-05107;-0020;-1820
0021.070;-05107;-0020;-1820
0021.086;-05167;-0024;-1820
0021.102;-05147;-0024;-1820
0021.118;-05227;-0026;-1820
0021.134;-05227;-0024;-1820
0021.150;-05248;-0024;-1820
0021.164;-05268;-0026;-1820
0021.180;-05308;-0030;-1820
0021.196;-05308;-0026;-1820
0021.212;-05348;-0020;-1820
0021.228;-05388;-0022;-1820
0021.241;-05428;-0026;-1820
0021.257;-05428;-0022;-1820
0021.273;-05468;-0022;-1820
0021.289;-05468;-0020;-1820
0021.305;-05508;-0022;-1820
0021.321;-05528;-0020;-1820
0021.337;-05548;-0020;-1820
0021.350;-05568;-0020;-1820
0021.366;-05588;-0020;-1820
0021.382;-05608;-0018;-1820
0021.398;-05648;-0022;-1820
0021.414;-05688;-0024;-1820
0021.428;-05688;-0024;-1820
0021.444;-05728;-0024;-1820
0021.460;-05728;-0024;-1820
0021.476;-05788;-0024;-1820
0021.492;-05768;-0022;-1820
0021.508;-05808;-0022;-1820
0021.524;-05828;-0024;-1820
0021.540;-05868;-0022;-1820
0021.556;-05868;-0020;-1820
0021.569;-05929;-0024;-1820
0021.585;-05969;-0024;-1820
0021.601;-05969;-0024;-1820
0021.617;-05989;-0026;-1820
0021.630;-06029;-0026;-1820
0021.646;-06029;-0026;-1820
0021.662;-06029;-0024;-1820
0021.678;-06049;-0022;-1820
0021.694;-06109;-0022;-1820
0021.710;-06089;-0018;-1820
0021.726;-06129;-0020;-1820
0021.742;-06169;-0022;-1820
0021.756;-06169;-0024;-1820
0021.772;-06189;-0024;-1820
0021.788;-06189;-0022;-1820
0021.804;-06189;-0024;-1820
0021.817;-06209;-0018;-1820
0021.833;-06209;-0004;-1820
0021.849;-06149; 0008;-1820
0021.865;-06209; 0004;-1820
0021.881;-06229;-0002;-1820
0021.897;-06229; 0000;-1820
0021.926;-06229; 0010;-1820
0021.958;-06209; 0004;-1820
0021.974;-06229; 0000;-1820
0021.990;-06169; 0006;-1820
0022.006;-06229;-0002;-1820
0022.020;-06209; 0000;-1820
0022.038;-06189; 0004;-1820
0022.052;-06229;-0004;-1820
0022.068;-06229; 0000;-1820
0022.084;-06189; 0006; 1820
0022.100;-06229; 0002; 1820
0022.116;-06229; 0004; 1820
0022.129;-06209; 0008; 1820
0022.145;-06209; 0008; 1820
0022.161;-06229; 0008; 1820
0022.177;-06229; 0006; 1820
0022.193;-06189; 0006; 1820
0022.209;-06209; 0000; 1820
0022.222;-06209;-0002; 1820
0022.238;-06189;-0002; 1820
0022.257;-06209; 0002; 1820
0022.270;-06209; 0002; 1820
0022.286;-06209; 0004; 1820
0022.302;-06229;-0002; 1820
0022.332;-06209; 0004; 1820
0022.348;-06189; 0006; 1820
0022.364;-06229; 0000; 1820
0022.380;-06189; 0000; 1820
0022.396;-06189; 0006; 1820
0022.409;-06229; 0004; 1820
0022.425;-06209; 0004; 1820
0022.441;-06209; 0004; 1820
0022.457;-06189; 0006; 1820
0022.473;-06209; 0004; 1820
0022.489;-06229; 0004; 1820
0022.518;-06209; 0006; 1820
0022.534;-06189; 0004; 1820
0022.550;-06189; 0004; 1820
0022.566;-06209; 0002; 1820
0022.582;-06209; 0006; 1820
0022.598;-06229; 0002; 1820
0022.612;-06229; 0004; 1820
0022.628;-06189; 0006; 1820
0022.644;-06229; 0004; 1820
0022.660;-06209; 0004; 1820
0022.676;-06189; 0004; 1820
0022.692;-06229; 0004; 1820
0022.708;-06209; 0006; 1820
0022.721;-06209; 0008; 1820
0022.737;-06209; 0002; 1820
0022.753;-06209; 0002; 1820
0022.769;-06229; 0000; 1820
0022.785;-06189; 0004; 1820
0022.798;-06209; 0006; 1820
0022.814;-06209; 0008; 1820
0022.830;-06189; 0010; 1820
0022.846;-06189; 0010; 1820
0022.862;-06189; 0012; 1820
0022.878;-06189; 0008; 1820
0022.908;-06189; 0006; 1820
0022.924;-06169; 0006; 1820
0022.940;-06189; 0006; 1820
0022.956;-06189;-0002; 1820
0022.972;-06169; 0006; 1820
0022.985;-06169; 0006; 1820
0023.001;-06169; 0004; 1820
0023.017;-06189; 0008; 1820
0023.033;-06169; 0008; 1820
0023.049;-06149; 0010; 1820
0023.078;-06169; 0008; 1820
0023.110;-06169; 0008; 1820
0023.126;-06129; 0006; 1820
0023.142;-06149; 0004; 1820
0023.158;-06129; 0008; 1820
0023.174;-06149; 0004; 1820
0023.188;-06149; 0008; 1820
0023.204;-06109; 0010; 1820
0023.220;-06149; 0010; 1820
0023.236;-06109; 0010; 1820
0023.252;-06109; 0010; 1820
0023.268;-06089; 0012; 1820
0023.284;-06089; 0012; 1820
0023.297;-06069; 0014; 1820
0023.329;-06049; 0014; 1820
0023.345;-06049; 0016; 1820
0023.361;-06009; 0016; 1820
0023.374;-06009; 0018; 1820
0023.390;-06009; 0018; 1820
0023.406;-05969; 0018; 1820
0023.422;-05969; 0016; 1820
0023.438;-05929; 0016; 1820
0023.454;-05949; 0014; 1820
0023.484;-05868; 0014; 1820
0023.500;-05888; 0020; 1820
0023.516;-05868; 0014; 1820
0023.532;-05888; 0014; 1820
0023.548;-05848; 0018; 1820
0023.564;-05848; 0016; 1820
0023.577;-05868; 0014; 1820
0023.593;-05828; 0020; 1820
0023.609;-05808; 0014; 1820
0023.625;-05788; 0016; 1820
0023.641;-05768; 0016; 1820
0023.670;-05748; 0018; 1820
0023.686;-05728; 0020; 1820
0023.702;-05708; 0016; 1820
0023.718;-05688; 0020; 1820
0023.734;-05668; 0020; 1820
0023.750;-05648; 0020; 1820
0023.766;-05628; 0022; 1820
0023.780;-05608; 0022; 1820
0023.796;-05628; 0022; 1820
0023.812;-05588; 0020; 1820
0023.828;-05588; 0016; 1820
0023.844;-05528; 0020; 1820
0023.873;-05528; 0020; 1820
0023.889;-05508; 0016; 1820
0023.905;-05488; 0018; 1820
0023.921;-05488; 0014; 1820
0023.937;-05448; 0020; 1820
0023.953;-05448; 0024; 1820
0023.966;-05428; 0022; 1820
0023.982;-05368; 0028; 1820
0023.998;-05328; 0026; 1820
0024.014;-05328; 0026; 1820
0024.030;-05328; 0022; 1820
0024.046;-05288; 0026; 1820
0024.076;-04927; 0056; 1820
0024.092;-05187; 0028; 1820
0024.108;-05187; 0028; 1820
0024.124;-05167; 0030; 1820
0024.140;-05127; 0030; 1820
0024.153;-05147; 0026; 1820
0024.169;-05107; 0024; 1820
0024.185;-05107; 0020; 1820
0024.201;-05107; 0016; 1820
0024.217;-05087; 0016; 1820
0024.233;-05067; 0016; 1820
0024.262;-05027; 0020; 1820
0024.278;-05007; 0024; 1820
0024.294;-05007; 0024; 1820
0024.310;-04927; 0022; 1820
0024.326;-04927; 0024; 1820
0024.342;-04907; 0024; 1820
0024.358;-04887; 0024; 1820
0024.372;-04887; 0022; 1820
0024.390;-04847; 0024; 1820
0024.404;-04867; 0020; 1820
0024.420;-04827; 0022; 1820
0024.449;-04767; 0020; 1820
0024.465;-04767; 0022; 1820
0024.481;-04727; 0024; 1820
0024.497;-04747; 0024; 1820
0024.513;-04687; 0028; 1820
0024.529;-04667; 0026; 1820
0024.545;-04627; 0026; 1820
0024.561;-04607; 0030; 1820
0024.574;-04587; 0032; 1820
0024.590;-04547; 0030; 1820
0024.606;-04526; 0026; 1820
0024.636;-04486; 0024; 1820
0024.668;-04446; 0028; 1820
0024.684;-04406; 0028; 1820
0024.700;-04386; 0022; 1820
0024.716;-04366; 0022; 1820
0024.732;-04346; 0020; 1820
0024.745;-04326; 0024; 1820
0024.761;-04326; 0024; 1820
0024.777;-04286; 0026; 1820
0024.793;-04286; 0024; 1820
0024.809;-04246; 0026; 1820
0024.838;-04206; 0024; 1820
0024.854;-04186; 0022; 1820
0024.870;-04186; 0018; 1820
0024.886;-04166; 0024; 1820
0024.902;-04126; 0022; 1820
0024.918;-04126; 0024; 1820
0024.932;-04086; 0024; 1820
0024.948;-04086; 0022; 1820
0024.964;-04046; 0022; 1820
0024.980;-04046; 0024; 1820
0024.996;-04006; 0024; 1820
0025.012;-03986; 0024; 1820
0025.041;-03966; 0024; 1820
0025.057;-03926; 0020; 1820
0025.073;-03906; 0028; 1820
0025.089;-03906; 0024; 1820
0025.105;-03866; 0026; 1820
0025.121;-03825; 0022; 1820
0025.134;-03785; 0028; 1820
0025.153;-03805; 0022; 1820
0025.166;-03765; 0026; 1820
0025.182;-03725; 0026; 1820
0025.198;-03705; 0030; 1820
0025.244;-03645; 0024; 1820
0025.260;-03625; 0022; 1820
0025.276;-03625; 0024; 1820
0025.292;-03585; 0024; 1820
0025.308;-03545; 0024; 1820
0025.324;-03505; 0030; 1820
0025.337;-03525; 0020; 1820
0025.353;-03485; 0022; 1820
0025.369;-03485; 0026; 1820
0025.385;-03445; 0024; 1820
0025.414;-03405; 0024; 1820
0025.446;-03365; 0022; 1820
0025.462;-03365; 0020; 1820
0025.478;-03345; 0024; 1820
0025.494;-03305; 0024; 1820
0025.510;-03285; 0020; 1820
0025.524;-03305; 0016; 1820
0025.540;-03265; 0020; 1820
0025.556;-03225; 0018; 1820
0025.572;-03225; 0016; 1820
0025.588;-03225; 0018; 1820
0025.617;-03205; 0016; 1820
0025.633;-03145; 0022; 1820
0025.649;-03145; 0024; 1820
0025.665;-03104; 0020; 1820
0025.681;-03084; 0022; 1820
0025.697;-03084; 0028; 1820
0025.710;-03044; 0028; 1820
0025.726;-03044; 0024; 1820
0025.742;-03004; 0024; 1820
0025.758;-02964; 0022; 1820
0025.774;-02944; 0024; 1820
0025.790;-02944; 0026; 1820
0025.820;-02864; 0028; 1820
0025.836;-02844; 0024; 1820
0025.852;-02804; 0026; 1820
0025.868;-02784; 0030; 1820
0025.884;-02764; 0034; 1820
0025.900;-02744; 0036; 1820
0025.916;-02724; 0030; 1820
0025.932;-02684; 0028; 1820
0025.945;-02684; 0026; 1820
0025.961;-02664; 0026; 1820
0025.977;-02664; 0022; 1820
0026.006;-02584; 0024; 1820
0026.022;-02564; 0022; 1820
0026.038;-02524; 0022; 1820
0026.054;-02524; 0026; 1820
0026.070;-02524; 0030; 1820
0026.086;-02484; 0032; 1820
0026.102;-02444; 0028; 1820
0026.116;-02444; 0028; 1820
0026.132;-02403; 0030; 1820
0026.148;-02383; 0028; 1820
0026.164;-02383; 0026; 1820
0026.180;-02343; 0022; 1820
0026.196;-02343; 0020; 1820
0026.225;-02303; 0018; 1820
0026.241;-02303; 0020; 1820
0026.257;-02283; 0018; 1820
0026.273;-02243; 0018; 1820
0026.289;-02263; 0020; 1820
0026.302;-02223; 0024; 1820
0026.321;-02203; 0024; 1820
0026.334;-02183; 0024; 1820
0026.350;-02143; 0024; 1820
0026.366;-02143; 0022; 1820
0026.380;-02123; 0026; 1820
0026.398;-02103; 0022; 1820
0026.412;-02063; 0022; 1820
0026.428;-02043; 0024; 1820
0026.444;-02023; 0024; 1820
0026.460;-01983; 0028; 1820
0026.476;-01963; 0026; 1820
0026.492;-01943; 0022; 1820
0026.505;-01903; 0022; 1820
0026.521;-01883; 0028; 1820
0026.537;-01843; 0032; 1820
0026.553;-01823; 0036; 1820
0026.582;-01783; 0032; 1820
0026.598;-01763; 0028; 1820
0026.614;-01702; 0030; 1820
0026.630;-01722; 0030; 1820
0026.646;-01682; 0030; 1820
0026.662;-01642; 0026; 1820
0026.678;-01622; 0026; 1820
0026.692;-01642; 0024; 1820
0026.708;-01602; 0026; 1820
0026.724;-01602; 0026; 1820
0026.740;-01582; 0024; 1820
0026.756;-01542; 0022; 1820
0026.785;-01502; 0026; 1820
0026.801;-01482; 0030; 1820
0026.817;-01462; 0024; 1820
0026.833;-01442; 0022; 1820
0026.849;-01422; 0020; 1820
0026.865;-01402; 0020; 1820
0026.881;-01362; 0024; 1820
0026.894;-01342; 0024; 1820
0026.913;-01302; 0024; 1820
0026.926;-01302; 0026; 1820
0026.942;-01262; 0034; 1820
0026.972;-01222; 0034; 1820
0027.004;-01162; 0034; 1820
0027.020;-01082; 0028; 1820
0027.036;-01082; 0030; 1820
0027.052;-01102; 0030;-1820
0027.068;-01021; 0030;-1820
0027.081;-01041; 0028;-1820
0027.097;-01021; 0020;-1820
0027.113;-01021; 0014;-1820
0027.129;-01041; 0002;-1820
0027.145;-01021; 0000;-1820
0027.158;-01041;-0002;-1820
0027.174;-01041;-0008;-1820
0027.190;-01082;-0010;-1820
0027.206;-01082;-0008;-1820
0027.222;-01102;-0008;-1820
0027.238;-01122;-0010;-1820
0027.254;-01122;-0010;-1820
0027.268;-01102;-0008;-1820
0027.284;-01122;-0008;-1820
0027.300;-01142;-0008;-1820
0027.316;-01142;-0008;-1820
0027.332;-01162;-0006;-1820
0027.361;-01162;-0002;-1820
0027.380;-01182;-0004;-1820
0027.393;-01202;-0006;-1820
0027.409;-01202;-0008;-1820
0027.425;-01182;-0006;-1820
0027.441;-01222;-0006;-1820
0027.457;-01222;-0004;-1820
0027.473;-01222;-0006;-1820
0027.486;-01242;-0010;-1820
0027.502;-01242;-0008;-1820
0027.518;-01262;-0010;-1820
0027.534;-01302;-0014;-1820
0027.548;-01282;-0012;-1820
0027.566;-01322;-0014;-1820
0027.580;-01302;-0014;-1820
0027.596;-01322;-0010;-1820
0027.612;-01342;-0012;-1820
0027.628;-01362;-0012;-1820
0027.644;-01382;-0012;-1820
0027.660;-01382;-0014;-1820
0027.673;-01402;-0010;-1820
0027.692;-01462;-0012;-1820
0027.705;-01442;-0010;-1820
0027.721;-01442;-0008;-1820
0027.737;-01442;-0008;-1820
0027.753;-01462;-0010;-1820
0027.766;-01482;-0010;-1820
0027.782;-01482;-0010;-1820
0027.798;-01522;-0012;-1820
0027.814;-01522;-0012;-1820
0027.830;-01542;-0014;-1820
0027.846;-01582;-0016;-1820
0027.860;-01562;-0016;-1820
0027.878;-01602;-0018;-1820
0027.892;-01642;-0020;-1820
0027.908;-01662;-0018;-1820
0027.924;-01662;-0018;-1820
0027.937;-01682;-0018;-1820
0027.953;-01722;-0018;-1820
0027.969;-01722;-0016;-1820
0027.985;-01763;-0016;-1820
0028.001;-01742;-0016;-1820
0028.017;-01783;-0016;-1820
0028.033;-01823;-0018;-1820
0028.046;-01803;-0016;-1820
0028.065;-01843;-0016;-1820
0028.078;-01863;-0018;-1820
0028.094;-01863;-0016;-1820
0028.110;-01883;-0018;-1820
0028.126;-01903;-0018;-1820
0028.140;-01903;-0016;-1820
0028.158;-01943;-0016;-1820
0028.172;-01963;-0014;-1820
0028.188;-01983;-0014;-1820
0028.204;-01983;-0012;-1820
0028.220;-02023;-0016;-1820
0028.236;-02043;-0022;-1820
0028.252;-02063;-0020;-1820
0028.265;-02103;-0022;-1820
0028.281;-02143;-0022;-1820
0028.297;-02123;-0018;-1820
0028.313;-02163;-0022;-1820
0028.329;-02183;-0020;-1820
0028.345;-02223;-0022;-1820
0028.358;-02263;-0022;-1820
0028.374;-02263;-0022;-1820
0028.390;-02303;-0022;-1820
0028.406;-02303;-0020;-1820
0028.422;-02323;-0020;-1820
0028.438;-02363;-0020;-1820
0028.452;-02383;-0018;-1820
0028.470;-02403;-0022;-1820
0028.484;-02423;-0022;-1820
0028.500;-02464;-0022;-1820
0028.529;-02524;-0024;-1820
0028.561;-02564;-0022;-1820
0028.577;-02584;-0022;-1820
0028.596;-02604;-0022;-1820
0028.609;-02604;-0020;-1820
0028.625;-02664;-0022;-1820
0028.638;-02684;-0022;-1820
0028.654;-02684;-0022;-1820
0028.670;-02744;-0024;-1820
0028.686;-02764;-0028;-1820
0028.702;-02784;-0024;-1820
0028.718;-02824;-0024;-1820
0028.732;-02844;-0026;-1820
0028.748;-02864;-0024;-1820
0028.764;-02884;-0024;-1820
0028.780;-02924;-0026;-1820
0028.796;-02944;-0026;-1820
0028.812;-02984;-0024;-1820
0028.825;-03004;-0024;-1820
0028.841;-03044;-0024;-1820
0028.857;-03064;-0024;-1820
0028.873;-03084;-0024;-1820
0028.889;-03124;-0026;-1820
0028.905;-03165;-0026;-1820
0028.918;-03165;-0022;-1820
0028.937;-03185;-0022;-1820
0028.950;-03205;-0022;-1820
0028.966;-03245;-0024;-1820
0028.982;-03265;-0024;-1820
0028.998;-03285;-0026;-1820
0029.014;-03325;-0026;-1820
0029.030;-03365;-0028;-1820
0029.044;-03385;-0028;-1820
0029.060;-03425;-0030;-1820
0029.076;-03425;-0030;-1820
0029.092;-03485;-0028;-1820
0029.121;-03545;-0026;-1820
0029.140;-03585;-0026;-1820
0029.153;-03625;-0028;-1820
0029.169;-03645;-0026;-1820
0029.185;-03645;-0024;-1820
0029.201;-03665;-0022;-1820
0029.217;-03705;-0022;-1820
0029.233;-03745;-0022;-1820
0029.249;-03725;-0020;-1820
0029.262;-03765;-0020;-1820
0029.278;-03805;-0022;-1820
0029.292;-03785;-0022;-1820
0029.310;-03825;-0018;-1820
0029.324;-03846;-0018;-1820
0029.340;-03906;-0020;-1820
0029.356;-03886;-0020;-1820
0029.372;-03926;-0018;-1820
0029.388;-03966;-0024;-1820
0029.404;-03986;-0022;-1820
0029.420;-04026;-0024;-1820
0029.436;-04026;-0022;-1820
0029.449;-04046;-0020;-1820
0029.465;-04086;-0024;-1820
0029.481;-04106;-0022;-1820
0029.497;-04146;-0020;-1820
0029.510;-04166;-0022;-1820
0029.526;-04186;-0020;-1820
0029.542;-04186;-0018;-1820
0029.558;-04206;-0018;-1820
0029.574;-04266;-0022;-1820
0029.590;-04246;-0022;-1820
0029.604;-04286;-0024;-1820
0029.622;-04306;-0022;-1820
0029.636;-04326;-0022;-1820
0029.652;-04366;-0022;-1820
0029.668;-04386;-0022;-1820
0029.684;-04406;-0020;-1820
0029.697;-04446;-0022;-1820
0029.716;-04466;-0024;-1820
0029.729;-04486;-0024;-1820
0029.745;-04547;-0026;-1820
0029.761;-04547;-0022;-1820
0029.777;-04567;-0026;-1820
0029.793;-04607;-0024;-1820
0029.809;-04627;-0022;-1820
0029.822;-04647;-0024;-1820
0029.838;-04667;-0020;-1820
0029.854;-04667;-0020;-1820
0029.870;-04727;-0020;-1820
0029.886;-04767;-0024;-1820
0029.902;-04767;-0020;-1820
0029.916;-04767;-0020;-1820
0029.932;-04827;-0022;-1820
0029.948;-04847;-0026;-1820
0029.964;-04867;-0022;-1820
0029.980;-04907;-0024;-1820
0029.996;-04947;-0022;-1820
0030.009;-04947;-0024;-1820
0030.028;-04967;-0020;-1820
0030.041;-04987;-0022;-1820
0030.057;-05027;-0020;-1820
0030.070;-05047;-0022;-1820
0030.089;-05067;-0022;-1820
0030.102;-05107;-0024;-1820
0030.118;-05127;-0022;-1820
0030.134;-05147;-0020;-1820
0030.150;-05187;-0022;-1820
0030.166;-05187;-0020;-1820
0030.182;-05207;-0022;-1820
0030.198;-05227;-0018;-1820
0030.214;-05268;-0020;-1820
0030.228;-05308;-0024;-1820
0030.244;-05328;-0026;-1820
0030.260;-05348;-0026;-1820
0030.276;-05368;-0024;-1820
0030.289;-05408;-0026;-1820
0030.321;-05468;-0026;-1820
0030.337;-05488;-0026;-1820
0030.353;-05528;-0028;-1820
0030.369;-05548;-0026;-1820
0030.382;-05588;-0030;-1820
0030.401;-05628;-0026;-1820
0030.414;-05648;-0028;-1820
0030.430;-05688;-0028;-1820
0030.446;-05708;-0028;-1820
0030.462;-05748;-0028;-1820
0030.478;-05768;-0028;-1820
0030.494;-05788;-0026;-1820
0030.508;-05828;-0028;-1820
0030.524;-05868;-0026;-1820
0030.540;-05868;-0024;-1820
0030.556;-05929;-0028;-1820
0030.572;-05929;-0028;-1820
0030.588;-05989;-0028;-1820
0030.601;-05989;-0028;-1820
0030.617;-06029;-0028;-1820
0030.633;-06049;-0026;-1820
0030.649;-06069;-0026;-1820
0030.662;-06109;-0028;-1820
0030.678;-06129;-0028;-1820
0030.694;-06129;-0028;-1820
0030.710;-06149;-0024;-1820
0030.726;-06189;-0028;-1820
0030.742;-06209;-0026;-1820
0030.758;-06209;-0024;-1820
0030.772;-06189;-0002;-1820
0030.790;-06189; 0008;-1820
0030.804;-06209; 0006;-1820
0030.820;-06209; 0000;-1820
0030.836;-06209;-0004;-1820
0030.865;-06189; 0006;-1820
0030.881;-06189; 0002;-1820
0030.897;-06229;-0002;-1820
0030.913;-06229;-0004;-1820
0030.929;-06209;-0002;-1820
0030.945;-06189;-0004;-1820
0030.961;-06209;-0004;-1820
0030.974;-06229; 0006;-1820
0030.990;-06209; 0010;-1820
0031.006;-06149; 0004;-1820
0031.022;-06209; 0006;-1820
0031.038;-06209; 0004;-1820
0031.068;-06189; 0004;-1820
0031.084;-06189; 0002;-1820
0031.100;-06229;-0002;-1820
0031.116;-06209; 0000;-1820
0031.132;-06189; 0004;-1820
0031.148;-06189; 0000;-1820
0031.161;-06209; 0004;-1820
0031.177;-06249; 0004;-1820
0031.193;-06209; 0004;-1820
0031.209;-06209; 0004;-1820
0031.225;-06209; 0004;-1820
0031.254;-06209; 0004;-1820
0031.270;-06229; 0002;-1820
0031.286;-06189; 0004;-1820
0031.302;-06229; 0004;-1820
0031.318;-06209; 0004;-1820
0031.334;-06149; 0004;-1820
0031.350;-06269; 0006;-1820
0031.366;-06209; 0000;-1820
0031.380;-06209; 0004;-1820
0031.396;-06209; 0004;-1820
0031.412;-06169; 0004;-1820
0031.428;-06209; 0006;-1820
0031.441;-06229; 0000;-1820
0031.457;-06189; 0004;-1820
0031.473;-06249; 0000;-1820
0031.489;-06189; 0004;-1820
0031.505;-06229; 0004;-1820
0031.521;-06189; 0006;-1820
0031.537;-06229; 0000;-1820
0031.553;-06209; 0004;-1820
0031.566;-06229; 0000;-1820
0031.582;-06209; 0004;-1820
0031.598;-06209; 0004;-1820
0031.614;-06229; 0000;-1820
0031.630;-06209; 0006;-1820
0031.644;-06209; 0002;-1820
0031.660;-06189; 0004;-1820
0031.676;-06169; 0004;-1820
0031.692;-06229; 0004;-1820
0031.708;-06189; 0006;-1820
0031.724;-06189; 0004;-1820
0031.740;-06209; 0004;-1820
0031.753;-06269; 0002;-1820
0031.769;-06229; 0000;-1820
0031.785;-06209; 0004;-1820
0031.801;-06209; 0004;-1820
0031.817;-06229; 0006;-1820
0031.830;-06189; 0004;-1820
0031.846;-06229; 0000;-1820
0031.862;-06209; 0002;-1820
0031.878;-06209; 0004;-1820
0031.894;-06209; 0002;-1820
0031.910;-06229; 0000;-1820
0031.926;-06209; 0004;-1820
0031.942;-06209; 0000;-1820
0031.958;-06209; 0004;-1820
0031.972;-06209; 0004;-1820
0031.988;-06209; 0002;-1820
0032.004;-06209; 0004;-1820
