temps;TRH1;EFN
temps;trs/min Droit;Effort milli N
0056.627;00000; 00137
0000.011;00000; 00137
0000.021;00000; 00137
0000.032;00000; 00137
0000.045;00000; 00137
0000.049;00000; 00137
0000.060;00000; 00137
0000.079;00000; 00137
0000.098;00000; 00137
0000.109;00000; 00137
0000.120;00000; 00137
0000.130;00000; 00137
0000.139;00000; 00137
0000.149;00000; 00137
0000.160;00000; 00137
0000.169;00000; 00137
0000.179;01854; 00137
0000.190;01854; 00137
0000.199;01854; 00137
0000.209;01854; 00147
0000.220;01854; 00137
0000.239;03018; 00137
0000.250;03018; 00137
0000.260;03018; 00147
0000.269;03018; 00147
0000.280;00884; 00137
0000.290;00884; 00137
0000.299;01108; 00137
0000.309;01108; 00137
0000.320;01259; 00137
0000.329;01259; 00147
0000.339;01259; 00147
0000.350;01379; 00147
0000.359;01379; 00137
0000.376;01485; 00137
0000.391;01555; 00147
0000.408;01632; 00137
0000.420;01655; 00147
0000.438;01679; 00137
0000.452;01679; 00137
0000.467;01704; 00147
0000.484;01729; 00137
0000.499;01742; 00147
0000.514;01769; 00147
0000.531;01796; 00137
0000.546;01810; 00137
0000.561;01824; 00147
0000.608;01869; 00147
0000.640;01899; 00147
0000.655;01915; 00147
0000.702;01947; 00137
0000.734;01964; 00147
0000.749;01980; 00147
0000.781;01997; 00147
0000.811;01997; 00147
0000.828;02015; 00147
0000.843;02032; 00147
0000.858;02015; 00147
0000.875;02032; 00147
0000.890;02050; 00137
0000.905;02032; 00147
0000.920;02050; 00137
0000.937;02050; 00137
0000.954;02069; 00147
0000.967;02069; 00147
0000.984;02069; 00147
0000.999;02087; 00147
0001.016;02087; 00147
0001.031;02069; 00147
0001.046;02106; 00147
0001.063;02087; 00137
0001.078;02087; 00147
0001.092;02106; 00137
0001.107;02106; 00147
0001.124;02106; 00147
0001.139;02106; 00147
0001.154;02126; 00147
0001.171;02106; 00137
0001.186;02126; 00147
0001.201;02106; 00137
0001.216;02126; 00147
0001.231;02126; 00147
0001.248;02126; 00147
0001.263;02125; 00147
0001.278;02145; 00147
0001.295;02126; 00137
0001.310;02145; 00147
0001.327;02126; 00147
0001.342;02145; 00137
0001.357;02145; 00147
0001.372;02145; 00147
0001.387;02145; 00147
0001.404;02145; 00147
0001.419;02165; 00147
0001.434;02145; 00147
0001.451;02145; 00137
0001.466;02165; 00147
0001.481;02145; 00147
0001.498;02165; 00147
0001.513;02145; 00137
0001.528;02165; 00147
0001.543;02145; 00137
0001.560;02165; 00147
0001.575;02145; 00147
0001.590;02165; 00137
0001.607;02165; 00147
0001.622;02165; 00147
0001.639;02165; 00147
0001.654;02165; 00147
0001.668;02165; 00147
0001.683;02165; 00147
0001.698;02165; 00137
0001.715;02165; 00147
0001.730;02165; 00137
0001.747;02165; 00147
0001.762;02165; 00137
0001.777;02165; 00147
0001.792;02165; 00147
0001.809;02165; 00147
0001.824;02165; 00147
0001.839;02165; 00137
0001.854;02165; 00147
0001.871;02165; 00137
0001.886;02165; 00147
0001.903;02165; 00147
0001.918;02165; 00147
0001.933;02165; 00147
0001.948;02165; 00137
0001.965;02165; 00147
0001.980;02165; 00147
0001.997;02165; 00147
0002.010;02165; 00137
0002.029;02145; 00147
0002.042;02145; 00147
0002.059;02165; 00147
0002.074;02165; 00147
0002.091;02165; 00137
0002.106;02145; 00147
0002.121;02165; 00137
0002.136;02165; 00147
0002.153;02145; 00147
0002.168;02145; 00147
0002.183;02165; 00147
0002.200;02165; 00147
0002.215;02145; 00147
0002.244;02165; 00147
0002.262;02145; 00137
0002.276;02165; 00147
0002.291;02165; 00147
0002.308;02165; 00137
0002.323;02165; 00147
0002.338;02165; 00147
0002.355;02185; 00147
0002.370;02185; 00137
0002.385;02185; 00147
0002.402;02185; 00147
0002.417;02186; 00147
0002.432;02185; 00147
0002.447;02206; 00147
0002.464;02186; 00147
0002.479;02206; 00147
0002.494;02206; 00147
0002.511;02206; 00147
0002.528;02206; 00147
0002.541;02206; 00147
0002.558;02228; 00147
0002.573;02227; 00147
0002.588;02228; 00137
0002.603;02228; 00147
0002.620;02227; 00147
0002.635;02249; 00137
0002.650;02249; 00147
0002.667;02249; 00147
0002.682;02249; 00147
0002.699;02249; 00137
0002.714;02271; 00137
0002.729;02271; 00147
0002.744;02271; 00147
0002.759;02294; 00147
0002.776;02271; 00147
0002.791;02294; 00147
0002.806;02294; 00147
0002.823;02294; 00147
0002.838;02317; 00147
0002.852;02294; 00137
0002.872;02317; 00147
0002.884;02317; 00147
0002.899;02317; 00147
0002.914;02340; 00147
0002.931;02317; 00147
0002.946;02340; 00147
0002.961;02364; 00147
0002.978;02340; 00147
0002.993;02340; 00147
0003.008;02364; 00147
0003.025;02364; 00147
0003.040;02388; 00147
0003.055;02364; 00147
0003.070;02388; 00147
0003.087;02388; 00147
0003.102;02388; 00147
0003.117;02388; 00147
0003.134;02413; 00137
0003.149;02413; 00147
0003.164;02413; 00147
0003.181;02413; 00147
0003.196;02413; 00147
0003.211;02438; 00147
0003.226;02438; 00147
0003.243;02438; 00147
0003.258;02438; 00137
0003.275;02438; 00147
0003.290;02464; 00147
0003.305;02464; 00137
0003.320;02464; 00147
0003.337;02464; 00147
0003.352;02491; 00147
0003.369;02491; 00147
0003.382;02491; 00147
0003.399;02518; 00137
0003.414;02491; 00147
0003.428;02546; 00147
0003.446;02518; 00147
0003.460;02518; 00147
0003.475;02546; 00147
0003.493;02546; 00157
0003.507;02546; 00157
0003.554;02574; 00157
0003.571;02574; 00157
0003.586;02603; 00157
0003.603;02574; 00157
0003.616;02603; 00157
0003.633;02603; 00157
0003.663;02603; 00157
0003.680;02632; 00157
0003.695;02603; 00157
0003.725;02632; 00157
0003.742;02663; 00157
0003.757;02663; 00157
0003.772;02663; 00147
0003.789;02663; 00157
0003.804;02663; 00157
0003.821;02663; 00147
0003.836;02693; 00157
0003.851;02693; 00157
0003.866;02694; 00157
0003.883;02725; 00157
0003.898;02694; 00157
0003.913;02725; 00157
0003.928;02725; 00147
0003.945;02725; 00157
0003.960;02725; 00157
0003.977;02725; 00157
0003.992;02758; 00157
0004.007;02758; 00157
0004.022;02758; 00157
0004.039;02758; 00157
0004.054;02758; 00157
0004.068;02791; 00157
0004.083;02791; 00157
0004.101;02791; 00157
0004.118;02791; 00157
0004.130;02825; 00157
0004.147;02791; 00157
0004.162;02791; 00157
0004.179;02825; 00157
0004.192;02825; 00157
0004.209;02791; 00157
0004.224;02825; 00157
0004.239;02825; 00157
0004.256;02860; 00157
0004.271;02860; 00157
0004.286;02860; 00157
0004.303;02860; 00157
0004.318;02896; 00157
0004.333;02860; 00157
0004.348;02860; 00157
0004.365;02896; 00157
0004.380;02896; 00157
0004.395;02896; 00157
0004.412;02896; 00157
0004.427;02896; 00157
0004.442;02896; 00157
0004.459;02932; 00157
0004.474;02932; 00157
0004.489;02932; 00157
0004.504;02932; 00157
0004.521;02932; 00157
0004.536;02932; 00157
0004.553;02970; 00157
0004.568;02970; 00157
0004.583;02932; 00157
0004.598;02970; 00157
0004.615;02970; 00157
0004.630;02970; 00157
0004.645;02970; 00157
0004.659;02970; 00157
0004.677;02970; 00157
0004.691;02970; 00157
0004.706;03008; 00157
0004.723;02970; 00157
0004.738;03008; 00157
0004.753;03008; 00157
0004.770;03008; 00157
0004.785;03008; 00157
0004.800;03048; 00157
0004.815;03048; 00157
0004.832;03008; 00157
0004.847;03048; 00157
0004.862;03008; 00157
0004.879;03048; 00157
0004.894;03048; 00157
0004.909;03048; 00157
0004.926;03048; 00157
0004.941;03048; 00157
0004.988;03089; 00157
0005.005;03048; 00157
0005.020;03089; 00157
0005.035;03089; 00157
0005.052;03089; 00157
0005.067;03089; 00157
0005.097;03089; 00157
0005.114;03089; 00157
0005.129;03089; 00157
0005.144;03130; 00157
0005.161;03130; 00157
0005.176;03173; 00157
0005.191;03130; 00157
0005.208;03131; 00157
0005.223;03130; 00157
0005.238;03173; 00157
0005.253;03130; 00157
0005.270;03173; 00167
0005.285;03173; 00167
0005.302;03173; 00167
0005.317;03173; 00167
0005.331;03173; 00167
0005.349;03173; 00167
0005.363;03173; 00167
0005.378;03217; 00167
0005.396;03217; 00167
0005.408;03217; 00167
0005.425;03217; 00167
0005.440;03217; 00157
0005.455;03217; 00167
0005.472;03217; 00167
0005.487;03217; 00167
0005.502;03217; 00167
0005.519;03217; 00167
0005.534;03262; 00167
0005.551;03217; 00167
0005.566;03262; 00167
0005.581;03262; 00167
0005.596;03262; 00167
0005.613;03262; 00167
0005.628;03262; 00167
0005.643;03262; 00167
0005.658;03262; 00167
0005.675;03309; 00157
0005.690;03262; 00167
0005.705;03309; 00167
0005.720;03309; 00167
0005.737;03309; 00167
0005.752;03309; 00167
0005.767;03309; 00167
0005.784;03309; 00167
0005.799;03309; 00167
0005.814;03309; 00167
0005.831;03357; 00167
0005.846;03309; 00167
0005.863;03309; 00167
0005.875;03357; 00167
0005.893;03357; 00167
0005.907;03357; 00167
0005.925;03357; 00167
0005.939;03357; 00167
0005.954;03357; 00167
0005.969;03357; 00167
0005.986;03357; 00167
0006.001;03357; 00167
0006.016;03357; 00157
0006.031;03406; 00167
0006.048;03406; 00167
0006.063;03357; 00167
0006.078;03457; 00167
0006.095;03406; 00157
0006.110;03457; 00167
0006.125;03406; 00167
0006.142;03457; 00177
0006.157;03406; 00186
0006.174;03457; 00177
0006.189;03457; 00186
0006.204;03457; 00196
0006.219;03457; 00196
0006.236;03457; 00186
0006.251;03457; 00186
0006.266;03457; 00186
0006.281;03457; 00196
0006.298;03457; 00196
0006.313;03457; 00206
0006.330;03457; 00206
0006.375;03509; 00206
0006.392;03509; 00196
0006.407;03509; 00186
0006.424;03509; 00196
0006.439;03564; 00196
0006.454;03509; 00196
0006.469;03564; 00196
0006.486;03564; 00206
0006.501;03510; 00196
0006.530;03564; 00196
0006.547;03564; 00196
0006.562;03564; 00186
0006.579;03564; 00196
0006.594;03619; 00186
0006.611;03564; 00186
0006.624;03564; 00186
0006.641;03619; 00196
0006.656;03619; 00196
0006.671;03564; 00186
0006.686;03619; 00186
0006.703;03564; 00186
0006.718;03564; 00186
0006.735;03619; 00186
0006.750;03619; 00186
0006.767;03677; 00186
0006.780;03619; 00186
0006.797;03619; 00186
0006.812;03677; 00186
0006.829;03677; 00196
0006.842;03619; 00186
0006.859;03677; 00196
0006.876;03677; 00196
0006.891;03677; 00196
0006.906;03677; 00196
0006.923;03677; 00196
0006.936;03677; 00196
0006.953;03736; 00206
0006.968;03677; 00186
0006.985;03677; 00186
0006.998;03736; 00196
0007.015;03677; 00186
0007.030;03677; 00196
0007.045;03736; 00196
0007.062;03736; 00196
0007.079;03677; 00196
0007.091;03736; 00196
0007.109;03736; 00196
0007.124;03677; 00196
0007.141;03736; 00196
0007.156;03736; 00196
0007.179;03736; 00196
0007.185;03736; 00196
0007.203;03736; 00196
0007.217;03736; 00196
0007.234;03736; 00196
0007.247;03736; 00196
0007.264;03736; 00196
0007.279;03736; 00196
0007.294;03736; 00196
0007.309;03736; 00196
0007.326;03736; 00196
0007.341;03736; 00196
0007.358;03736; 00196
0007.373;03736; 00196
0007.388;03797; 00196
0007.403;03736; 00196
0007.420;03797; 00196
0007.435;03797; 00196
0007.450;03736; 00196
0007.465;03736; 00196
0007.482;03736; 00196
0007.497;03797; 00196
0007.514;03797; 00196
0007.529;03736; 00196
0007.544;03797; 00196
0007.559;03797; 00196
0007.576;03797; 00196
0007.591;03797; 00196
0007.608;03797; 00196
0007.621;03797; 00196
0007.638;03797; 00196
0007.653;03797; 00196
0007.670;03861; 00196
0007.685;03797; 00196
0007.700;03797; 00196
0007.714;03860; 00196
0007.732;03797; 00196
0007.746;03797; 00196
0007.761;03797; 00186
0007.808;03797; 00196
0007.825;03861; 00196
0007.840;03860; 00196
0007.857;03861; 00196
0007.872;03861; 00196
0007.902;03861; 00186
0007.919;03926; 00196
0007.934;03860; 00196
0007.964;03926; 00196
0007.981;03926; 00196
0007.996;03926; 00196
0008.013;03926; 00196
0008.028;03926; 00196
0008.045;03994; 00196
0008.058;03926; 00186
0008.075;03926; 00196
0008.090;03926; 00196
0008.105;03926; 00196
0008.124;03994; 00196
0008.137;03993; 00196
0008.152;03994; 00196
0008.169;03994; 00196
0008.184;03993; 00196
0008.199;03994; 00196
0008.214;03994; 00196
0008.231;03994; 00196
0008.246;03993; 00196
0008.263;03994; 00196
0008.278;03994; 00196
0008.293;04064; 00196
0008.308;03993; 00196
0008.325;04064; 00196
0008.340;04064; 00196
0008.357;04064; 00196
0008.372;04064; 00196
0008.387;03994; 00196
0008.401;04064; 00196
0008.418;04064; 00196
0008.433;04064; 00196
0008.448;04064; 00196
0008.463;04136; 00196
0008.480;04064; 00196
0008.495;04064; 00196
0008.510;04136; 00196
0008.527;04136; 00196
0008.542;04136; 00196
0008.557;04136; 00196
0008.572;04136; 00196
0008.589;04136; 00196
0008.604;04136; 00196
0008.619;04136; 00196
0008.636;04064; 00196
0008.651;04064; 00196
0008.666;04136; 00196
0008.681;04136; 00196
0008.698;04136; 00196
0008.713;04136; 00196
0008.730;04136; 00196
0008.745;04136; 00196
0008.762;04136; 00196
0008.775;04136; 00196
0008.792;04136; 00196
0008.807;04136; 00196
0008.822;04136; 00196
0008.837;04064; 00196
0008.854;04136; 00196
0008.869;04136; 00196
0008.884;04136; 00196
0008.901;04136; 00196
0008.916;04136; 00196
0008.930;04136; 00196
0008.948;04136; 00196
0008.962;04136; 00196
0008.980;04136; 00196
0008.994;04136; 00196
0009.009;04136; 00196
0009.024;04136; 00196
0009.041;04136; 00196
0009.056;04136; 00196
0009.071;04136; 00196
0009.086;04136; 00196
0009.103;04136; 00196
0009.118;04211; 00196
0009.133;04211; 00196
0009.148;04211; 00196
0009.165;04136; 00196
0009.180;04211; 00196
0009.195;04211; 00196
0009.212;04212; 00196
0009.227;04211; 00196
0009.274;04212; 00196
0009.306;04211; 00196
0009.321;04289; 00196
0009.336;04211; 00196
0009.353;04212; 00196
0009.368;04211; 00196
0009.398;04289; 00196
0009.415;04289; 00196
0009.445;04211; 00196
0009.462;04289; 00196
0009.492;04289; 00196
0009.509;04289; 00196
0009.524;04370; 00196
0009.541;04289; 00196
0009.556;04289; 00196
0009.571;04289; 00186
0009.585;04289; 00196
0009.603;04289; 00196
0009.617;04289; 00196
0009.634;04289; 00196
0009.647;04370; 00196
0009.664;04370; 00196
0009.679;04370; 00196
0009.696;04370; 00196
0009.711;04370; 00196
0009.726;04370; 00196
0009.741;04370; 00196
0009.758;04370; 00186
0009.773;04370; 00196
0009.790;04289; 00196
0009.805;04370; 00196
0009.820;04370; 00196
0009.835;04370; 00196
0009.852;04370; 00196
0009.867;04370; 00196
0009.882;04370; 00196
0009.899;04370; 00186
0009.914;04454; 00186
0009.929;04370; 00196
0009.946;04454; 00196
0009.959;04370; 00196
0009.976;04370; 00196
0009.991;04370; 00196
0010.008;04454; 00206
0010.023;04454; 00206
0010.038;04370; 00206
0010.053;04370; 00206
0010.070;04370; 00206
0010.085;04454; 00206
0010.100;04454; 00206
0010.115;04454; 00216
0010.134;04454; 00216
0010.149;04454; 00216
0010.164;04370; 00206
0010.179;04370; 00216
0010.193;04454; 00216
0010.208;04454; 00206
0010.225;04454; 00216
0010.240;04370; 00226
0010.255;04454; 00226
0010.270;04454; 00216
0010.287;04454; 00216
0010.302;04454; 00226
0010.319;04541; 00235
0010.334;04454; 00226
0010.349;04455; 00226
0010.364;04455; 00235
0010.381;04541; 00245
0010.396;04454; 00245
0010.411;04454; 00235
0010.426;04542; 00235
0010.445;04541; 00245
0010.458;04541; 00245
0010.475;04541; 00245
0010.490;04541; 00235
0010.507;04541; 00235
0010.522;04542; 00245
0010.537;04541; 00245
0010.552;04541; 00245
0010.569;04632; 00245
0010.582;04542; 00245
0010.599;04542; 00245
0010.614;04542; 00245
0010.631;04542; 00245
0010.646;04632; 00245
0010.661;04632; 00245
0010.678;04541; 00245
0010.693;04632; 00245
0010.708;04632; 00235
0010.725;04632; 00245
0010.742;04632; 00245
0010.755;04542; 00245
0010.787;04632; 00235
0010.801;04632; 00235
0010.831;04541; 00235
0010.848;04542; 00235
0010.863;04542; 00235
0010.880;04632; 00235
0010.895;04632; 00235
0010.910;04632; 00235
0010.927;04632; 00235
0010.942;04632; 00245
0010.957;04542; 00245
0010.974;04542; 00245
0010.989;04633; 00255
0011.006;04632; 00265
0011.019;04632; 00265
0011.036;04541; 00265
0011.051;04632; 00255
0011.066;04542; 00255
0011.083;04632; 00255
0011.098;04632; 00255
0011.113;04542; 00255
0011.130;04632; 00265
0011.145;04632; 00265
0011.160;04541; 00275
0011.177;04632; 00275
0011.192;04632; 00275
0011.207;04632; 00275
0011.224;04632; 00275
0011.239;04632; 00284
0011.254;04632; 00275
0011.269;04632; 00284
0011.288;04632; 00284
0011.301;04632; 00275
0011.316;04632; 00275
0011.331;04632; 00275
0011.348;04632; 00265
0011.363;04632; 00265
0011.377;04632; 00265
0011.395;04632; 00265
0011.409;04632; 00265
0011.427;04632; 00265
0011.441;04727; 00255
0011.456;04727; 00255
0011.471;04632; 00255
0011.486;04727; 00245
0011.503;04727; 00245
0011.518;04727; 00245
0011.533;04727; 00245
0011.550;04727; 00245
0011.565;04825; 00255
0011.580;04727; 00245
0011.597;04727; 00255
0011.612;04727; 00265
0011.629;04825; 00275
0011.642;04825; 00275
0011.659;04825; 00284
0011.674;04825; 00284
0011.689;04825; 00275
0011.706;04825; 00284
0011.721;04727; 00265
0011.736;04727; 00245
0011.753;04825; 00235
0011.768;04825; 00235
0011.783;04825; 00265
0011.798;04825; 00265
0011.815;04825; 00275
0011.830;04825; 00275
0011.847;04825; 00265
0011.862;04825; 00245
0011.877;04825; 00245
0011.892;04825; 00245
0011.909;04727; 00265
0011.924;04825; 00255
0011.939;04825; 00265
0011.956;04825; 00255
0011.971;04825; 00265
0011.985;04825; 00255
0012.000;04825; 00265
0012.017;04825; 00284
0012.032;04825; 00294
0012.047;04825; 00284
0012.064;04826; 00294
0012.079;04825; 00284
0012.094;04825; 00275
0012.141;04825; 00324
0012.158;04825; 00324
0012.173;04825; 00324
0012.203;04825; 00304
0012.220;04826; 00284
0012.235;04825; 00284
0012.267;04825; 00314
0012.282;04825; 00304
0012.297;04825; 00294
0012.314;04825; 00284
0012.329;04825; 00275
0012.346;04825; 00284
0012.361;04826; 00304
0012.376;04825; 00304
0012.391;04825; 00294
0012.408;04825; 00314
0012.423;04826; 00294
0012.438;04825; 00284
0012.453;04825; 00294
0012.470;04825; 00314
0012.485;04928; 00304
0012.502;04928; 00334
0012.517;04825; 00324
0012.532;04825; 00304
0012.547;04826; 00304
0012.564;04928; 00294
0012.579;04928; 00294
0012.593;04826; 00294
0012.611;04825; 00294
0012.625;04825; 00294
0012.640;04825; 00294
0012.657;04928; 00294
0012.672;04826; 00304
0012.687;04825; 00304
0012.702;04928; 00314
0012.719;04825; 00314
0012.734;04825; 00304
0012.749;04928; 00314
0012.764;04928; 00334
0012.781;04825; 00343
0012.796;04929; 00334
0012.813;04928; 00334
0012.828;04928; 00314
0012.843;04928; 00314
0012.858;04928; 00334
0012.875;04928; 00314
0012.890;04928; 00304
0012.907;04928; 00304
0012.920;04928; 00314
0012.937;04928; 00314
0012.952;04928; 00314
0012.969;04928; 00324
0012.984;04928; 00324
0012.999;04928; 00314
0013.016;04928; 00324
0013.031;04928; 00314
0013.046;04929; 00314
0013.061;04928; 00334
0013.076;04928; 00324
0013.093;04928; 00314
0013.108;05035; 00304
0013.123;05035; 00304
0013.140;05035; 00314
0013.155;04929; 00314
0013.169;04928; 00324
0013.187;04928; 00314
0013.202;05035; 00314
0013.216;04928; 00334
0013.231;04928; 00334
0013.248;05035; 00334
0013.263;05035; 00343
0013.278;04928; 00334
0013.295;05035; 00304
0013.310;04928; 00324
0013.325;05035; 00304
0013.342;05035; 00304
0013.357;05035; 00314
0013.372;05035; 00294
0013.387;05035; 00294
0013.404;05035; 00334
0013.419;05035; 00334
0013.434;05035; 00343
0013.451;04928; 00363
0013.466;05035; 00363
0013.481;05035; 00363
0013.498;05035; 00363
0013.513;05035; 00353
0013.528;05147; 00363
0013.560;05035; 00373
0013.592;05147; 00353
0013.607;05035; 00353
0013.637;05147; 00343
0013.654;05147; 00363
0013.669;05035; 00363
0013.701;05147; 00353
0013.716;05035; 00334
0013.733;05035; 00353
0013.748;05035; 00343
0013.778;05035; 00343
0013.795;05035; 00343
0013.810;05035; 00334
0013.824;05147; 00324
0013.842;05147; 00324
0013.856;05147; 00334
0013.871;05147; 00334
0013.888;05147; 00334
0013.903;05148; 00343
0013.920;05147; 00334
0013.935;05147; 00324
0013.950;05147; 00324
0013.967;05147; 00334
0013.980;05147; 00334
0013.997;05147; 00334
0014.012;05147; 00334
0014.027;05264; 00334
0014.044;05147; 00324
0014.059;05147; 00324
0014.074;05147; 00334
0014.091;05147; 00334
0014.106;05264; 00334
0014.121;05148; 00334
0014.136;05265; 00334
0014.153;05147; 00343
0014.168;05147; 00353
0014.185;05264; 00353
0014.200;05147; 00353
0014.215;05147; 00353
0014.232;05147; 00353
0014.247;05148; 00353
0014.262;05264; 00353
0014.277;05147; 00343
0014.292;05147; 00353
0014.309;05148; 00353
0014.324;05147; 00353
0014.339;05147; 00353
0014.356;05148; 00343
0014.371;05148; 00353
0014.386;05147; 00343
0014.403;05264; 00353
0014.418;05147; 00353
0014.432;05264; 00353
0014.447;05147; 00353
0014.464;05147; 00343
0014.479;05264; 00363
0014.494;05264; 00363
0014.511;05147; 00363
0014.526;05147; 00363
0014.541;05147; 00363
0014.556;05265; 00353
0014.573;05264; 00363
0014.588;05147; 00373
0014.603;05264; 00373
0014.620;05147; 00363
0014.635;05264; 00363
0014.650;05264; 00353
0014.667;05147; 00353
0014.682;05264; 00363
0014.697;05264; 00353
0014.714;05264; 00353
0014.729;05264; 00353
0014.746;05264; 00353
0014.761;05387; 00353
0014.776;05387; 00353
0014.791;05264; 00363
0014.806;05387; 00363
0014.823;05264; 00353
0014.838;05264; 00353
0014.853;05264; 00363
0014.870;05387; 00363
0014.885;05387; 00363
0014.900;05387; 00353
0014.919;05387; 00363
0014.932;05387; 00363
0014.947;05386; 00363
0014.964;05387; 00353
0014.979;05264; 00353
0014.994;05264; 00363
0015.011;05386; 00353
0015.026;05387; 00363
0015.040;05264; 00353
0015.055;05387; 00363
0015.072;05264; 00363
0015.087;05264; 00353
0015.102;05264; 00363
0015.134;05264; 00363
0015.151;05387; 00363
0015.181;05264; 00363
0015.196;05387; 00363
0015.228;05264; 00363
0015.243;05386; 00353
0015.258;05387; 00353
0015.275;05386; 00363
0015.290;05387; 00353
0015.307;05264; 00353
0015.322;05386; 00353
0015.337;05264; 00353
0015.352;05264; 00363
0015.369;05387; 00363
0015.384;05264; 00353
0015.399;05386; 00363
0015.416;05264; 00363
0015.431;05387; 00363
0015.446;05264; 00353
0015.463;05264; 00363
0015.478;05264; 00353
0015.495;05264; 00353
0015.510;05386; 00363
0015.525;05386; 00353
0015.540;05386; 00363
0015.555;05386; 00363
0015.572;05387; 00363
0015.587;05264; 00363
0015.602;05387; 00363
0015.619;05387; 00363
0015.634;05387; 00363
0015.651;05387; 00353
0015.663;05387; 00363
0015.680;05387; 00363
0015.695;05387; 00353
0015.710;05387; 00363
0015.727;05386; 00353
0015.744;05387; 00363
0015.757;05387; 00363
0015.774;05387; 00363
0015.791;05515; 00363
0015.804;05387; 00363
0015.821;05387; 00363
0015.836;05387; 00353
0015.851;05387; 00363
0015.868;05387; 00363
0015.883;05515; 00353
0015.898;05515; 00363
0015.913;05387; 00353
0015.930;05386; 00363
0015.945;05515; 00363
0015.960;05515; 00363
0015.975;05515; 00353
0015.992;05515; 00353
0016.007;05515; 00353
0016.022;05515; 00353
0016.039;05515; 00363
0016.054;05515; 00353
0016.069;05387; 00353
0016.086;05515; 00363
0016.103;05387; 00363
0016.116;05515; 00353
0016.133;05515; 00363
0016.148;05515; 00363
0016.163;05515; 00363
0016.178;05515; 00363
0016.195;05515; 00363
0016.210;05386; 00363
0016.224;05515; 00363
0016.242;05515; 00373
0016.256;05515; 00373
0016.271;05387; 00373
0016.288;05386; 00373
0016.303;05386; 00373
0016.318;05387; 00373
0016.335;05387; 00373
0016.350;05515; 00373
0016.365;05386; 00363
0016.380;05515; 00363
0016.397;05515; 00373
0016.412;05515; 00373
0016.427;05515; 00373
0016.442;05515; 00373
0016.459;05650; 00373
0016.474;05515; 00373
0016.489;05515; 00373
0016.506;05515; 00373
0016.521;05515; 00373
0016.536;05515; 00373
0016.568;05515; 00383
0016.598;05515; 00383
0016.615;05515; 00383
0016.630;05515; 00383
0016.662;05650; 00383
0016.677;05650; 00373
0016.694;05515; 00383
0016.709;05650; 00383
0016.724;05650; 00383
0016.741;05650; 00373
0016.756;05650; 00373
0016.771;05650; 00363
0016.786;05650; 00363
0016.803;05650; 00373
0016.818;05791; 00373
0016.833;05650; 00373
0016.850;05650; 00373
0016.865;05650; 00373
0016.882;05650; 00373
0016.897;05790; 00373
0016.911;05650; 00373
0016.929;05650; 00373
0016.941;05791; 00373
0016.958;05650; 00383
0016.973;05650; 00383
0016.988;05790; 00383
0017.005;05650; 00392
0017.020;05650; 00392
0017.035;05650; 00392
0017.052;05650; 00392
0017.067;05650; 00392
0017.082;05650; 00383
0017.097;05515; 00392
0017.114;05650; 00392
0017.129;05650; 00383
0017.146;05515; 00383
0017.161;05650; 00383
0017.178;05650; 00383
0017.191;05650; 00392
0017.208;05515; 00392
0017.223;05650; 00392
0017.238;05650; 00392
0017.253;05650; 00383
0017.270;05650; 00392
0017.285;05650; 00392
0017.300;05515; 00392
0017.317;05650; 00383
0017.332;05650; 00383
0017.347;05515; 00392
0017.364;05650; 00392
0017.379;05650; 00392
0017.396;05515; 00383
0017.411;05649; 00392
0017.426;05515; 00392
0017.441;05650; 00402
0017.458;05650; 00392
0017.473;05515; 00402
0017.487;05650; 00402
0017.505;05650; 00402
0017.520;05650; 00402
0017.534;05650; 00402
0017.549;05650; 00402
0017.564;05650; 00402
0017.581;05650; 00402
0017.596;05650; 00402
0017.611;05650; 00402
0017.628;05650; 00402
0017.643;05650; 00402
0017.658;05650; 00402
0017.675;05650; 00402
0017.690;05650; 00402
0017.705;05650; 00392
0017.720;05790; 00402
0017.737;05650; 00402
0017.752;05791; 00402
0017.767;05790; 00392
0017.784;05790; 00392
0017.801;05790; 00402
0017.814;05790; 00392
0017.831;05790; 00392
0017.846;05791; 00392
0017.861;05791; 00392
0017.878;05790; 00392
0017.893;05790; 00392
0017.908;05790; 00392
0017.923;05939; 00383
0017.940;05790; 00383
0017.955;05939; 00392
0017.970;05790; 00392
0017.987;05791; 00392
0018.002;05791; 00383
0018.019;05790; 00392
0018.049;05791; 00402
0018.081;05791; 00402
0018.095;05790; 00402
0018.125;05791; 00392
0018.142;05650; 00402
0018.157;05650; 00392
0018.174;05791; 00402
0018.189;05650; 00402
0018.204;05650; 00402
0018.221;05650; 00402
0018.236;05790; 00402
0018.253;05791; 00392
0018.268;05790; 00402
0018.283;05791; 00402
0018.300;05650; 00412
0018.313;05791; 00402
0018.330;05650; 00412
0018.345;05790; 00412
0018.362;05790; 00422
0018.377;05790; 00422
0018.392;05791; 00422
0018.409;05791; 00412
0018.424;05791; 00422
0018.439;05790; 00432
0018.454;05791; 00432
0018.469;05790; 00432
0018.486;05791; 00432
0018.501;05940; 00422
0018.516;05791; 00432
0018.531;05790; 00432
0018.548;05791; 00432
0018.563;05791; 00432
0018.580;05939; 00422
0018.595;05791; 00422
0018.610;05790; 00432
0018.627;05791; 00422
0018.642;05940; 00422
0018.657;05939; 00412
0018.671;05939; 00412
0018.689;05939; 00422
0018.703;05939; 00412
0018.718;05939; 00412
0018.735;05940; 00422
0018.750;05940; 00412
0018.765;05940; 00412
0018.782;05939; 00422
0018.797;05939; 00412
0018.812;05940; 00412
0018.827;05939; 00412
0018.844;05940; 00422
0018.861;05939; 00432
0018.874;05940; 00422
0018.891;05939; 00422
0018.906;05940; 00432
0018.921;05940; 00432
0018.936;05939; 00432
0018.953;05939; 00441
0018.968;05940; 00432
0018.983;05940; 00441
0019.000;05791; 00432
0019.015;05939; 00432
0019.030;05939; 00441
0019.047;05939; 00451
0019.062;05940; 00441
0019.077;05940; 00432
0019.092;05940; 00441
0019.109;05791; 00441
0019.124;05939; 00441
0019.139;05940; 00432
0019.154;05791; 00432
0019.171;05939; 00441
0019.186;05940; 00432
0019.203;05940; 00441
0019.218;05939; 00441
0019.233;05940; 00441
0019.247;05791; 00432
0019.265;05939; 00441
0019.280;05790; 00441
0019.294;05939; 00451
0019.326;05940; 00451
0019.341;05940; 00441
0019.359;05940; 00441
0019.373;05940; 00441
0019.388;05939; 00451
0019.435;05940; 00432
0019.452;05940; 00441
0019.467;05940; 00441
0019.497;05939; 00432
0019.514;05940; 00441
0019.544;05939; 00441
0019.561;05940; 00441
0019.576;06096; 00441
0019.606;06096; 00461
0019.623;05940; 00451
0019.640;06096; 00441
0019.655;06096; 00432
0019.670;06096; 00432
0019.685;05940; 00441
0019.704;06096; 00451
0019.717;06096; 00451
0019.732;06096; 00441
0019.749;06096; 00432
0019.764;06096; 00422
0019.779;06096; 00422
0019.794;06096; 00432
0019.811;06096; 00441
0019.826;06096; 00461
0019.843;06096; 00471
0019.858;06096; 00471
0019.873;06096; 00461
0019.888;06096; 00441
0019.905;06096; 00441
0019.920;06096; 00451
0019.934;06096; 00451
0019.952;06096; 00471
0019.966;06096; 00481
0019.981;06096; 00490
0019.996;06096; 00481
0020.013;06096; 00471
0020.028;06096; 00451
0020.043;06096; 00461
0020.058;06096; 00461
0020.075;06096; 00471
0020.090;06096; 00481
0020.105;06096; 00481
0020.122;05939; 00471
0020.137;06096; 00461
0020.154;05940; 00471
0020.169;06096; 00471
0020.184;06096; 00481
0020.199;06096; 00490
0020.214;06096; 00481
0020.231;06096; 00471
0020.246;06096; 00461
0020.261;06096; 00461
0020.278;06096; 00471
0020.293;06096; 00481
0020.308;06096; 00490
0020.325;06096; 00481
0020.340;06096; 00471
0020.357;06096; 00461
0020.372;06096; 00451
0020.387;06261; 00451
0020.402;06261; 00461
0020.417;06261; 00461
0020.434;06096; 00471
0020.449;06096; 00481
0020.464;06096; 00500
0020.481;06096; 00490
0020.496;06096; 00490
0020.510;06096; 00481
0020.525;06262; 00461
0020.545;06262; 00441
0020.557;06096; 00432
0020.572;06261; 00422
0020.589;06096; 00422
0020.604;06096; 00432
0020.619;06261; 00441
0020.636;06261; 00451
0020.651;06261; 00461
0020.666;06261; 00471
0020.681;06261; 00471
0020.698;06261; 00490
0020.713;06096; 00500
0020.728;06096; 00510
0020.745;06096; 00520
0020.760;06261; 00510
0020.775;06260; 00520
0020.792;06261; 00530
0020.807;06096; 00530
0020.822;06096; 00540
0020.839;06261; 00530
0020.854;06096; 00530
0020.869;06096; 00520
0020.916;06096; 00481
0020.933;06261; 00471
0020.948;06096; 00461
0020.963;06096; 00461
0020.980;06096; 00481
0020.995;06261; 00500
0021.010;06096; 00520
0021.027;06262; 00530
0021.042;06262; 00540
0021.057;06096; 00540
0021.074;06096; 00540
0021.089;06261; 00530
0021.104;06097; 00530
0021.118;06096; 00520
0021.136;06262; 00500
0021.150;06261; 00490
0021.165;06096; 00471
0021.180;06096; 00481
0021.197;06096; 00471
0021.212;06096; 00490
0021.229;06262; 00500
0021.244;06096; 00520
0021.259;06096; 00520
0021.274;06262; 00520
0021.291;06262; 00530
0021.306;06262; 00540
0021.321;06262; 00530
0021.336;06262; 00530
0021.353;06262; 00540
0021.368;06096; 00540
0021.383;06262; 00530
0021.400;06262; 00520
0021.417;06262; 00510
0021.430;06262; 00510
0021.447;06262; 00500
0021.462;06261; 00500
0021.477;06262; 00490
0021.494;06262; 00490
0021.509;06261; 00481
0021.526;06261; 00471
0021.539;06261; 00490
0021.556;06262; 00481
0021.571;06435; 00481
0021.586;06435; 00490
0021.603;06435; 00500
0021.618;06435; 00500
0021.633;06261; 00500
0021.648;06262; 00500
0021.665;06435; 00510
0021.680;06435; 00500
0021.697;06435; 00490
0021.712;06262; 00500
0021.727;06262; 00500
0021.741;06262; 00520
0021.758;06261; 00520
0021.773;06262; 00510
0021.788;06262; 00510
0021.803;06262; 00490
0021.820;06262; 00490
0021.835;06261; 00490
0021.850;06261; 00471
0021.867;06262; 00471
0021.882;06261; 00481
0021.899;06261; 00471
0021.914;06262; 00490
0021.929;06262; 00490
0021.944;06261; 00490
0021.959;06096; 00510
0021.976;06096; 00500
0021.991;06096; 00520
0022.008;06261; 00540
0022.023;06262; 00530
0022.038;06261; 00540
0022.053;06261; 00549
0022.070;06261; 00549
0022.085;06261; 00559
0022.100;06262; 00559
0022.117;06262; 00569
0022.132;06435; 00569
0022.147;06435; 00559
0022.162;06435; 00569
0022.179;06435; 00569
0022.194;06262; 00559
0022.209;06435; 00559
0022.226;06435; 00549
0022.241;06436; 00549
0022.256;06435; 00540
0022.302;06435; 00540
0022.334;06435; 00510
0022.364;06435; 00520
0022.381;06435; 00520
0022.396;06435; 00540
0022.413;06436; 00530
0022.428;06436; 00520
0022.443;06436; 00520
0022.475;06435; 00500
0022.505;06435; 00520
0022.522;06262; 00510
0022.537;06261; 00530
0022.552;06435; 00530
0022.569;06262; 00520
0022.584;06435; 00530
0022.599;06435; 00520
0022.616;06261; 00510
0022.631;06435; 00510
0022.646;06436; 00510
0022.663;06261; 00510
0022.678;06262; 00530
0022.695;06435; 00530
0022.708;06262; 00530
0022.725;06262; 00530
0022.740;06436; 00530
0022.755;06435; 00520
0022.772;06262; 00520
0022.787;06435; 00530
0022.804;06436; 00530
0022.819;06435; 00540
0022.834;06436; 00540
0022.849;06436; 00549
0022.866;06435; 00540
0022.881;06436; 00530
0022.896;06435; 00540
0022.911;06435; 00520
0022.928;06435; 00530
0022.943;06435; 00540
0022.957;06436; 00530
0022.975;06435; 00530
0022.989;06262; 00540
0023.004;06435; 00549
0023.021;06435; 00540
0023.036;06436; 00530
0023.051;06435; 00520
0023.068;06435; 00530
0023.083;06436; 00530
0023.098;06435; 00530
0023.115;06436; 00540
0023.130;06435; 00549
0023.145;06435; 00549
0023.160;06435; 00540
0023.175;06435; 00540
0023.192;06436; 00520
0023.207;06435; 00520
0023.222;06435; 00540
0023.239;06619; 00540
0023.254;06435; 00530
0023.269;06435; 00530
0023.286;06436; 00510
0023.301;06436; 00500
0023.318;06435; 00500
0023.333;06619; 00510
0023.348;06435; 00490
0023.363;06619; 00490
0023.378;06619; 00490
0023.395;06619; 00490
0023.410;06619; 00500
0023.425;06436; 00510
0023.442;06436; 00510
0023.457;06619; 00510
0023.472;06619; 00520
0023.489;06619; 00520
0023.504;06436; 00520
0023.519;06619; 00520
0023.533;06436; 00520
0023.551;06619; 00520
0023.565;06435; 00510
0023.580;06435; 00520
0023.597;06435; 00520
0023.612;06436; 00520
0023.629;06436; 00530
0023.644;06436; 00520
0023.659;06436; 00520
0023.674;06619; 00530
0023.689;06619; 00540
0023.706;06435; 00530
0023.721;06436; 00540
0023.736;06436; 00540
0023.753;06435; 00540
0023.768;06436; 00549
0023.783;06436; 00559
0023.815;06619; 00549
0023.830;06436; 00549
0023.847;06436; 00549
0023.862;06436; 00549
0023.877;06436; 00559
0023.909;06619; 00549
0023.924;06436; 00549
0023.941;06436; 00549
0023.956;06619; 00540
0023.971;06435; 00530
0023.986;06436; 00540
0024.003;06620; 00540
0024.033;06619; 00540
0024.050;06619; 00540
0024.067;06619; 00540
0024.080;06619; 00559
0024.097;06435; 00549
0024.112;06619; 00549
0024.127;06436; 00540
0024.141;06436; 00549
0024.159;06620; 00540
0024.173;06619; 00540
0024.188;06619; 00530
0024.205;06620; 00540
0024.220;06620; 00540
0024.235;06620; 00540
0024.252;06436; 00540
0024.267;06620; 00530
0024.284;06436; 00549
0024.297;06619; 00559
0024.314;06436; 00540
0024.329;06436; 00540
0024.344;06436; 00549
0024.361;06620; 00559
0024.376;06620; 00540
0024.393;06619; 00530
0024.408;06619; 00540
0024.423;06619; 00530
0024.438;06436; 00530
0024.455;06619; 00540
0024.470;06619; 00540
0024.485;06620; 00540
0024.500;06619; 00549
0024.517;06436; 00540
0024.532;06620; 00540
0024.549;06619; 00540
0024.564;06619; 00549
0024.579;06619; 00549
0024.594;06620; 00549
0024.609;06620; 00549
0024.626;06436; 00549
0024.641;06620; 00540
0024.656;06620; 00540
0024.673;06619; 00549
0024.688;06620; 00540
0024.703;06620; 00540
0024.720;06620; 00559
0024.735;06620; 00549
0024.749;06619; 00549
0024.767;06620; 00559
0024.781;06619; 00559
0024.796;06619; 00559
0024.811;06619; 00559
0024.828;06620; 00549
0024.843;06814; 00549
0024.858;06620; 00549
0024.875;06620; 00540
0024.890;06814; 00549
0024.905;06620; 00549
0024.922;06620; 00530
0024.937;06814; 00530
0024.952;06620; 00540
0024.969;06620; 00530
0024.984;06620; 00540
0025.001;06815; 00540
0025.016;06620; 00540
0025.031;06620; 00549
0025.046;06619; 00559
0025.063;06620; 00559
0025.076;06620; 00549
0025.093;06620; 00559
0025.108;06815; 00559
0025.123;06620; 00559
0025.140;06814; 00559
0025.155;06620; 00559
0025.170;06620; 00549
0025.187;06620; 00559
0025.202;06620; 00549
0025.217;06620; 00549
0025.264;06814; 00549
0025.281;06814; 00559
0025.296;06620; 00569
0025.325;06620; 00579
0025.343;06620; 00589
0025.372;06620; 00579
0025.390;06620; 00579
0025.404;06620; 00579
0025.421;06814; 00569
0025.436;06620; 00569
0025.466;06620; 00559
0025.483;06620; 00559
0025.498;06815; 00559
0025.513;06815; 00559
0025.530;06815; 00559
0025.545;06620; 00559
0025.560;06620; 00559
0025.577;06815; 00559
0025.592;06814; 00559
0025.607;06815; 00559
0025.624;06814; 00569
0025.639;06814; 00569
0025.654;06815; 00579
0025.669;06814; 00569
0025.686;06814; 00559
0025.701;06620; 00569
0025.716;06815; 00559
0025.733;06814; 00549
0025.750;06814; 00559
0025.765;06814; 00569
0025.780;06815; 00549
0025.795;06620; 00559
0025.810;06814; 00559
0025.825;06814; 00559
0025.842;06814; 00559
0025.857;06814; 00559
0025.872;06814; 00569
0025.889;06815; 00569
0025.904;06815; 00569
0025.919;06815; 00569
0025.936;06620; 00579
0025.951;06620; 00579
0025.966;06815; 00589
0025.980;06815; 00589
0025.997;06815; 00598
0026.012;06815; 00598
0026.027;06620; 00598
0026.044;06620; 00608
0026.059;06815; 00598
0026.074;06620; 00598
0026.091;06815; 00608
0026.106;06620; 00598
0026.121;06620; 00598
0026.136;06620; 00608
0026.153;06814; 00589
0026.168;06814; 00589
0026.183;06620; 00598
0026.200;06814; 00589
0026.215;06815; 00589
0026.230;06620; 00589
0026.247;06815; 00579
0026.262;06815; 00569
0026.277;06815; 00579
0026.292;06815; 00569
0026.309;06814; 00569
0026.324;06814; 00579
0026.339;06814; 00579
0026.356;06814; 00579
0026.371;06815; 00569
0026.386;06815; 00579
0026.405;06815; 00579
0026.418;06815; 00589
0026.433;06815; 00569
0026.448;06815; 00579
0026.465;07021; 00569
0026.480;06815; 00569
0026.495;07022; 00579
0026.512;06815; 00579
0026.529;06814; 00559
0026.542;07021; 00579
0026.559;07022; 00569
0026.574;06815; 00569
0026.588;06815; 00579
0026.603;07021; 00579
0026.620;06815; 00569
0026.635;06815; 00569
0026.650;06815; 00579
0026.667;06815; 00579
0026.682;06815; 00608
0026.697;07021; 00598
0026.714;06814; 00608
0026.729;06815; 00608
0026.746;06815; 00598
0026.776;06815; 00608
0026.838;06815; 00618
0026.870;06815; 00608
0026.885;06815; 00618
0026.917;06815; 00618
0026.947;06815; 00618
0026.964;06815; 00618
0026.979;06815; 00608
0026.996;06815; 00618
0027.011;06815; 00608
0027.026;07022; 00608
0027.041;06815; 00618
0027.058;06815; 00598
0027.073;06815; 00608
0027.090;06815; 00608
0027.105;06815; 00608
0027.120;06815; 00618
0027.135;07021; 00608
0027.152;06815; 00608
0027.167;06816; 00618
0027.182;06815; 00608
0027.196;06816; 00608
0027.214;06815; 00598
0027.228;06815; 00598
0027.243;06816; 00598
0027.258;06815; 00598
0027.275;06815; 00598
0027.290;06815; 00598
0027.307;06815; 00598
0027.322;06815; 00618
0027.337;06815; 00608
0027.352;06815; 00598
0027.369;06815; 00598
0027.384;07022; 00608
0027.401;06815; 00598
0027.416;06815; 00618
0027.431;07022; 00608
0027.446;06815; 00608
0027.463;06815; 00608
0027.478;06815; 00608
0027.493;06815; 00598
0027.508;06815; 00598
0027.525;07021; 00598
0027.540;07022; 00608
0027.555;07022; 00618
0027.572;07022; 00608
0027.587;06815; 00598
0027.602;06816; 00608
0027.619;06815; 00608
0027.634;06816; 00608
0027.651;07022; 00598
0027.666;06815; 00589
0027.681;07022; 00589
0027.696;07022; 00598
0027.713;06816; 00598
0027.728;07022; 00618
0027.743;07022; 00598
0027.758;06816; 00598
0027.775;07022; 00608
0027.790;07022; 00589
0027.804;07022; 00598
0027.819;07022; 00589
0027.837;07022; 00589
0027.851;07022; 00589
0027.866;07022; 00589
0027.881;07022; 00598
0027.898;07022; 00589
0027.913;07022; 00579
0027.930;07022; 00589
0027.945;07022; 00589
0027.960;07022; 00608
0027.975;07022; 00608
0027.992;07022; 00589
0028.007;07021; 00589
0028.024;07022; 00598
0028.039;07022; 00598
0028.054;07022; 00598
0028.069;07022; 00618
0028.086;07022; 00618
0028.101;06816; 00618
0028.118;06815; 00638
0028.131;07022; 00628
0028.148;07022; 00628
0028.163;07022; 00628
0028.178;07022; 00628
0028.193;07022; 00638
0028.210;06815; 00647
0028.225;06815; 00647
0028.242;07022; 00628
0028.257;07022; 00638
0028.274;06815; 00628
0028.319;07022; 00647
0028.366;07022; 00638
0028.398;07022; 00647
0028.412;07022; 00647
0028.442;06816; 00647
0028.459;06816; 00657
0028.474;06815; 00647
0028.491;07022; 00647
0028.506;07022; 00638
0028.521;07022; 00647
0028.538;07022; 00647
0028.553;07023; 00638
0028.570;07022; 00647
0028.585;07023; 00647
0028.600;07022; 00647
0028.617;07242; 00628
0028.630;07022; 00628
0028.647;07022; 00647
0028.662;07022; 00618
0028.679;07022; 00618
0028.694;07022; 00618
0028.709;07022; 00608
0028.724;07022; 00628
0028.741;07022; 00628
0028.756;07242; 00618
0028.771;07022; 00628
0028.786;07022; 00628
0028.803;07022; 00608
0028.818;07241; 00628
0028.833;07241; 00628
0028.850;07022; 00618
0028.865;07022; 00618
0028.880;07022; 00608
0028.897;07242; 00608
0028.912;07022; 00628
0028.927;07022; 00628
0028.942;07022; 00618
0028.959;07023; 00628
0028.974;07023; 00618
0028.991;07023; 00628
0029.006;07022; 00638
0029.021;07022; 00628
0029.035;07023; 00638
0029.053;07023; 00647
0029.067;07022; 00628
0029.082;07022; 00647
0029.099;07242; 00657
0029.114;07242; 00647
0029.129;07022; 00657
0029.144;07022; 00647
0029.161;07242; 00657
0029.176;07023; 00657
0029.191;07022; 00657
0029.208;07022; 00667
0029.223;07023; 00667
0029.240;07022; 00657
0029.253;07023; 00657
0029.270;07022; 00647
0029.285;07242; 00647
0029.300;07242; 00657
0029.317;07022; 00657
0029.332;07022; 00647
0029.347;07022; 00647
0029.364;07022; 00638
0029.379;07242; 00628
0029.396;07242; 00638
0029.409;07023; 00638
0029.426;07022; 00638
0029.441;07022; 00638
0029.456;07242; 00638
0029.473;07241; 00628
0029.488;07242; 00647
0029.503;07022; 00647
0029.520;07242; 00657
0029.535;07022; 00638
0029.550;07023; 00647
0029.565;07022; 00647
0029.582;07242; 00647
0029.597;07022; 00647
0029.611;07022; 00647
0029.629;07242; 00647
0029.643;07023; 00647
0029.661;07242; 00657
0029.675;07022; 00647
0029.690;07242; 00657
0029.720;07023; 00647
0029.737;07022; 00667
0029.752;07022; 00657
0029.799;07242; 00677
0029.846;07242; 00677
0029.863;07022; 00667
0029.878;07022; 00667
0029.893;07241; 00667
0029.908;07242; 00657
0029.925;07022; 00667
0029.940;07242; 00667
0029.955;07023; 00657
0029.972;07242; 00657
0029.987;07242; 00657
0030.002;07023; 00657
0030.019;07242; 00657
0030.034;07022; 00667
0030.049;07242; 00667
0030.066;07023; 00657
0030.081;07242; 00647
0030.096;07242; 00647
0030.111;07242; 00647
0030.128;07242; 00638
0030.143;07022; 00647
0030.158;07022; 00647
0030.175;07022; 00647
0030.190;07242; 00638
0030.205;07023; 00657
0030.219;07023; 00647
0030.237;07023; 00638
0030.251;07242; 00657
0030.269;07242; 00647
0030.283;07242; 00647
0030.298;07022; 00647
0030.315;07023; 00647
0030.330;07023; 00667
0030.345;07242; 00657
0030.360;07022; 00657
0030.377;07242; 00667
0030.392;07242; 00677
0030.407;07242; 00667
0030.422;07023; 00667
0030.439;07242; 00677
0030.454;07243; 00667
0030.469;07022; 00687
0030.486;07242; 00687
0030.501;07242; 00687
0030.516;07023; 00677
0030.531;07242; 00687
0030.548;07023; 00687
0030.563;07023; 00677
0030.580;07242; 00687
0030.595;07242; 00677
0030.610;07242; 00687
0030.625;07023; 00677
0030.644;07023; 00687
0030.657;07243; 00687
0030.672;07243; 00677
0030.689;07243; 00677
0030.704;07242; 00677
0030.719;07242; 00677
0030.736;07243; 00677
0030.751;07242; 00667
0030.766;07242; 00647
0030.781;07475; 00657
0030.798;07242; 00657
0030.813;07242; 00647
0030.830;07243; 00657
0030.845;07243; 00657
0030.859;07242; 00657
0030.874;07242; 00667
0030.889;07242; 00667
0030.906;07243; 00677
0030.921;07243; 00677
0030.936;07242; 00677
0030.953;07242; 00677
0030.968;07242; 00697
0030.983;07243; 00697
0031.000;07242; 00697
0031.015;07243; 00706
0031.030;07242; 00706
0031.045;07243; 00697
0031.062;07242; 00697
0031.077;07243; 00697
0031.092;07242; 00697
0031.109;07243; 00697
0031.124;07242; 00697
0031.141;07242; 00697
0031.156;07242; 00706
0031.171;07242; 00706
0031.186;07242; 00697
0031.203;07243; 00697
0031.218;07243; 00697
0031.248;07242; 00687
0031.265;07242; 00687
0031.280;07242; 00687
0031.297;07243; 00697
0031.312;07242; 00697
0031.327;07242; 00687
0031.359;07476; 00677
0031.374;07242; 00677
0031.391;07242; 00697
0031.406;07242; 00687
0031.435;07243; 00677
0031.453;07242; 00687
0031.467;07476; 00677
0031.485;07476; 00677
0031.499;07243; 00677
0031.517;07243; 00677
0031.529;07242; 00667
0031.546;07242; 00677
0031.561;07243; 00687
0031.576;07476; 00677
0031.591;07242; 00687
0031.608;07242; 00687
0031.623;07242; 00687
0031.638;07476; 00697
0031.655;07243; 00697
0031.670;07476; 00706
0031.685;07476; 00697
0031.702;07243; 00697
0031.717;07243; 00706
0031.732;07243; 00706
0031.747;07477; 00706
0031.764;07476; 00716
0031.779;07243; 00716
0031.794;07476; 00706
0031.811;07243; 00716
0031.826;07243; 00716
0031.841;07242; 00716
0031.858;07243; 00716
0031.873;07242; 00716
0031.888;07242; 00716
0031.903;07243; 00716
0031.920;07243; 00706
0031.935;07243; 00706
0031.952;07243; 00706
0031.967;07243; 00706
0031.982;07243; 00716
0031.997;07476; 00726
0032.014;07243; 00726
0032.029;07476; 00736
0032.044;07243; 00736
0032.058;07243; 00736
0032.076;07476; 00736
0032.090;07477; 00736
