<?xml version="1.0" encoding="UTF-8"?>
<magicdraw><association classType="Association" humanType="Association" icon="SysML - BGR-300_files/icon_association.jpg" id="_17_0_4_1bde048e_1433746028420_689123_13148"><TO_DO humanName="A Faire"></TO_DO><feature humanName="Caractéristique"><property classType="Property" humanType="Propriété" icon="SysML - BGR-300_files/icon_property.jpg" name="" refid="_17_0_4_1bde048e_1433746028421_177818_13150"/></feature><ownedElement humanName="Elément avec Possesseur"><property classType="Property" humanType="Propriété" icon="SysML - BGR-300_files/icon_property.jpg" name="" refid="_17_0_4_1bde048e_1433746028421_177818_13150"/></ownedElement><relatedElement humanName="Elément Relié"><block classType="Class" humanType="Block" icon="SysML - BGR-300_files/icon_block.jpg" name="Codeur incrémental" refid="_17_0_4_1bde048e_1433745381593_902227_13000"/><subsystem classType="Class" humanType="Subsystem" icon="SysML - BGR-300_files/icon_subsystem.jpg" name="Etage boule (gros)" refid="_17_0_4_1bde048e_1433744897780_776633_12801"/></relatedElement><namespace classType="Package" humanName="Espace de Nommage" humanType="Paquet" icon="SysML - BGR-300_files/icon_package.jpg" name="Etage boule (gros)" refid="_17_0_4_1bde048e_1433354627169_728308_12925"/><isAbstract humanName="Est Abstrait">false</isAbstract><isDerived humanName="Est Dérivé">false</isDerived><isFinalSpecialization humanName="Est Final Spécialisation">false</isFinalSpecialization><isLeaf humanName="Est une Feuille">false</isLeaf><ownedEnd humanName="Fin avec Possesseur"><property classType="Property" humanType="Propriété" icon="SysML - BGR-300_files/icon_property.jpg" name="" refid="_17_0_4_1bde048e_1433746028421_177818_13150"/></ownedEnd><memberEnd humanName="Fin de Membre"><property classType="Property" humanType="Propriété" icon="SysML - BGR-300_files/icon_property.jpg" name="" refid="_17_0_4_1bde048e_1433746028421_177818_13150"/><partproperty classType="Property" humanType="Part Property" icon="SysML - BGR-300_files/icon_partproperty.jpg" name="Codeur incrémental 1" refid="_17_0_4_1bde048e_1433746028421_718634_13149"/></memberEnd><member humanName="Membre"><property classType="Property" humanType="Propriété" icon="SysML - BGR-300_files/icon_property.jpg" name="" refid="_17_0_4_1bde048e_1433746028421_177818_13150"/><partproperty classType="Property" humanType="Part Property" icon="SysML - BGR-300_files/icon_partproperty.jpg" name="Codeur incrémental 1" refid="_17_0_4_1bde048e_1433746028421_718634_13149"/></member><ownedMember humanName="Membre avec Possesseur"><property classType="Property" humanType="Propriété" icon="SysML - BGR-300_files/icon_property.jpg" name="" refid="_17_0_4_1bde048e_1433746028421_177818_13150"/></ownedMember><name humanName="Nom" mode="standard,expert"></name><qualifiedName humanName="Nom Qualifié" mode="expert">Etage boule (gros)::</qualifiedName><package classType="Package" humanName="Paquetage" humanType="Paquet" icon="SysML - BGR-300_files/icon_package.jpg" name="Etage boule (gros)" refid="_17_0_4_1bde048e_1433354627169_728308_12925"/><owningPackage classType="Package" humanName="Paquetage de Possession" humanType="Paquet" icon="SysML - BGR-300_files/icon_package.jpg" name="Etage boule (gros)" refid="_17_0_4_1bde048e_1433354627169_728308_12925"/><owner classType="Package" humanName="Possesseur" humanType="Paquet" icon="SysML - BGR-300_files/icon_package.jpg" mode="standard,expert" name="Etage boule (gros)" refid="_17_0_4_1bde048e_1433354627169_728308_12925"/><endType humanName="Type de Fin"><block classType="Class" humanType="Block" icon="SysML - BGR-300_files/icon_block.jpg" name="Codeur incrémental" refid="_17_0_4_1bde048e_1433745381593_902227_13000"/><subsystem classType="Class" humanType="Subsystem" icon="SysML - BGR-300_files/icon_subsystem.jpg" name="Etage boule (gros)" refid="_17_0_4_1bde048e_1433744897780_776633_12801"/></endType><visibility humanName="Visibilité" mode="standard,expert">public</visibility></association></magicdraw>