<?xml version="1.0" encoding="UTF-8"?>
<magicdraw><elementvalue classType="ElementValue" humanType="Valeur de l'Elément" icon="SysML - BGR-300_files/icon_elementvalue.jpg" id="_17_0_4_1bde048e_1474540236424_186263_6709"><TO_DO humanName="A Faire"></TO_DO><element classType="Property" humanName="Elément" humanType="Part Property" icon="SysML - BGR-300_files/icon_partproperty.jpg" mode="standard,expert" name="Support" refid="_17_0_4_2_b1402db_1434816553451_205227_14971"/><owningSlot classType="Slot" humanName="Emplacement de Possession" humanType="Emplacement" icon="SysML - BGR-300_files/icon_slot.jpg" refid="_17_0_4_1bde048e_1474540236424_766578_6708"/><name humanName="Nom"></name><qualifiedName humanName="Nom Qualifié">Etage optique (fin)::Etage optique (fin)::::::</qualifiedName><owner classType="Slot" humanName="Possesseur" humanType="Emplacement" icon="SysML - BGR-300_files/icon_slot.jpg" mode="expert" refid="_17_0_4_1bde048e_1474540236424_766578_6708"/><text humanName="Text" mode="standard">Support</text><TYPE_MODIFIER humanName="Type de Modificateur"></TYPE_MODIFIER><visibility humanName="Visibilité">public</visibility></elementvalue></magicdraw>