<?xml version="1.0" encoding="UTF-8"?>
<magicdraw><slot classType="Slot" humanType="Emplacement" icon="SysML - BGR-300_files/icon_slot.jpg" id="_17_0_4_1bde048e_1474540236429_677784_6728"><TO_DO humanName="A Faire" mode="standard,expert"></TO_DO><definingFeature classType="Property" humanName="Définir la Caractéristique" humanType="Propriété" icon="SysML - BGR-300_files/icon_property.jpg" mode="standard,expert" name="Creation date" refid="_be00301_1073306188629_537791_2"/><ownedElement humanName="Elément avec Possesseur"><literalstring classType="LiteralString" humanType="Littéral Chaîne de Caractères" icon="SysML - BGR-300_files/icon_literalstring.jpg" name="" refid="_17_0_4_1bde048e_1474540236429_186234_6729" text="20/06/15 12:28"/></ownedElement><owningInstance classType="InstanceSpecification" humanName="Instance de Possession" humanType="Spécification d'Instance" icon="SysML - BGR-300_files/icon_instancespecification.jpg" name="" refid="_17_0_4_1bde048e_1434796113977_209568_13492"/><owner classType="InstanceSpecification" humanName="Possesseur" humanType="Spécification d'Instance" icon="SysML - BGR-300_files/icon_instancespecification.jpg" mode="standard,expert" name="" refid="_17_0_4_1bde048e_1434796113977_209568_13492"/><value humanName="Valeur" mode="standard,expert"><literalstring classType="LiteralString" humanType="Littéral Chaîne de Caractères" icon="SysML - BGR-300_files/icon_literalstring.jpg" name="" refid="_17_0_4_1bde048e_1474540236429_186234_6729" text="20/06/15 12:28"/></value></slot></magicdraw>