<?xml version="1.0" encoding="UTF-8"?>
<magicdraw><instancespecification classType="InstanceSpecification" humanType="Spécification d'Instance" icon="SysML - BGR-300_files/icon_instancespecification.jpg" id="_17_0_4_1bde048e_1432805526156_607170_11295"><TO_DO humanName="A Faire" mode="standard,expert"></TO_DO><classifier humanName="Classificateur" mode="standard,expert"><stereotype classType="Stereotype" humanType="Stéréotype" icon="SysML - BGR-300_files/icon_stereotype.jpg" name="Requirement" refid="_11_5EAPbeta_be00301_1147873190330_159934_2220"/></classifier><ownedElement humanName="Elément avec Possesseur"><slot classType="Slot" humanType="Emplacement" icon="SysML - BGR-300_files/icon_slot.jpg" refid="_17_0_4_1bde048e_1474540236445_398184_6802"/><slot classType="Slot" humanType="Emplacement" icon="SysML - BGR-300_files/icon_slot.jpg" refid="_17_0_4_1bde048e_1474540236445_515269_6804"/></ownedElement><stereotypedElement classType="Class" humanName="Elément Stéréotypé" humanType="Requirement" icon="SysML - BGR-300_files/icon_requirement.jpg" name="Perturbations vibratoires du porteur" refid="_17_0_4_1bde048e_1432805526155_566199_11294"/><slot humanName="Emplacement"><slot classType="Slot" humanType="Emplacement" icon="SysML - BGR-300_files/icon_slot.jpg" refid="_17_0_4_1bde048e_1474540236445_398184_6802"/><slot classType="Slot" humanType="Emplacement" icon="SysML - BGR-300_files/icon_slot.jpg" refid="_17_0_4_1bde048e_1474540236445_515269_6804"/></slot><name humanName="Nom" mode="standard,expert"></name><qualifiedName humanName="Nom Qualifié" mode="expert">Divers::Exigence globale::Exigences fonctionnelles::Sensibilité aux perturbations::Perturbations vibratoires du porteur::</qualifiedName><owner classType="Class" humanName="Possesseur" humanType="Requirement" icon="SysML - BGR-300_files/icon_requirement.jpg" mode="standard,expert" name="Perturbations vibratoires du porteur" refid="_17_0_4_1bde048e_1432805526155_566199_11294"/><visibility humanName="Visibilité">public</visibility></instancespecification></magicdraw>