<?xml version="1.0" encoding="UTF-8"?>
<magicdraw><instancespecification classType="InstanceSpecification" humanType="Spécification d'Instance" icon="SysML - BGR-300_files/icon_instancespecification.jpg" id="_17_0_4_1bde048e_1434796113977_209568_13492"><TO_DO humanName="A Faire" mode="standard,expert"></TO_DO><classifier humanName="Classificateur" mode="standard,expert"><stereotype classType="Stereotype" humanType="Stéréotype" icon="SysML - BGR-300_files/icon_stereotype.jpg" name="DiagramInfo" refid="_9_0_be00301_1108044380615_150487_0"/></classifier><ownedElement humanName="Elément avec Possesseur"><slot classType="Slot" humanType="Emplacement" icon="SysML - BGR-300_files/icon_slot.jpg" refid="_17_0_4_1bde048e_1474540236429_677784_6728"/><slot classType="Slot" humanType="Emplacement" icon="SysML - BGR-300_files/icon_slot.jpg" refid="_17_0_4_1bde048e_1474540236429_135499_6730"/><slot classType="Slot" humanType="Emplacement" icon="SysML - BGR-300_files/icon_slot.jpg" refid="_17_0_4_1bde048e_1474540236430_396867_6732"/><slot classType="Slot" humanType="Emplacement" icon="SysML - BGR-300_files/icon_slot.jpg" refid="_17_0_4_1bde048e_1474540236430_544316_6734"/></ownedElement><stereotypedElement classType="Diagram" humanName="Elément Stéréotypé" humanType="Diagramme" icon="SysML - BGR-300_files/icon_SysML Internal Block Diagram.jpg" name="ibd boule gyrostabilisée globale" refid="_17_0_4_1bde048e_1434796113972_35741_13481"/><slot humanName="Emplacement"><slot classType="Slot" humanType="Emplacement" icon="SysML - BGR-300_files/icon_slot.jpg" refid="_17_0_4_1bde048e_1474540236429_677784_6728"/><slot classType="Slot" humanType="Emplacement" icon="SysML - BGR-300_files/icon_slot.jpg" refid="_17_0_4_1bde048e_1474540236429_135499_6730"/><slot classType="Slot" humanType="Emplacement" icon="SysML - BGR-300_files/icon_slot.jpg" refid="_17_0_4_1bde048e_1474540236430_396867_6732"/><slot classType="Slot" humanType="Emplacement" icon="SysML - BGR-300_files/icon_slot.jpg" refid="_17_0_4_1bde048e_1474540236430_544316_6734"/></slot><name humanName="Nom" mode="standard,expert"></name><qualifiedName humanName="Nom Qualifié" mode="expert">Diagrammes structurels::ibd boule gyrostabilisée globale::</qualifiedName><owner classType="Diagram" humanName="Possesseur" humanType="Diagramme" icon="SysML - BGR-300_files/icon_SysML Internal Block Diagram.jpg" mode="standard,expert" name="ibd boule gyrostabilisée globale" refid="_17_0_4_1bde048e_1434796113972_35741_13481"/><visibility humanName="Visibilité">public</visibility></instancespecification></magicdraw>