<?xml version="1.0" encoding="UTF-8"?>
<magicdraw><literalboolean classType="LiteralBoolean" humanType="Littéral Booléen" icon="SysML - BGR-300_files/icon_literalboolean.jpg" id="_17_0_4_1bde048e_1474540236424_398347_6707"><TO_DO humanName="A Faire"></TO_DO><owningSlot classType="Slot" humanName="Emplacement de Possession" humanType="Emplacement" icon="SysML - BGR-300_files/icon_slot.jpg" refid="_17_0_4_1bde048e_1474540236424_602436_6706"/><name humanName="Nom"></name><qualifiedName humanName="Nom Qualifié">Etage boule (gros)::Moteur CC::p1::::</qualifiedName><owner classType="Slot" humanName="Possesseur" humanType="Emplacement" icon="SysML - BGR-300_files/icon_slot.jpg" mode="expert" refid="_17_0_4_1bde048e_1474540236424_602436_6706"/><text humanName="Text" mode="standard">true</text><TYPE_MODIFIER humanName="Type de Modificateur"></TYPE_MODIFIER><value humanName="Valeur" mode="standard,expert">true</value><visibility humanName="Visibilité">public</visibility></literalboolean></magicdraw>