<?xml version="1.0" encoding="UTF-8"?>
<magicdraw><comment classType="Comment" humanType="Commentaire" icon="SysML - BGR-300_files/icon_comment.jpg" id="_17_0_4_1bde048e_1432708025807_76881_10832"><TO_DO humanName="A Faire" mode="standard,expert"></TO_DO><body humanName="Corps" mode="standard,expert">Author:svillacampa.
Created:27/05/15 08:27.
Title:.
Comment:.
</body><annotatedElement humanName="Elément Annoté" mode="standard,expert"><model classType="Model" humanType="Modèle" icon="SysML - BGR-300_files/icon_model.jpg" name="Boule gyrostabilisée" refid="eee_1045467100313_135436_1"/></annotatedElement><owningElement classType="Model" humanName="Elément Appartenant" humanType="Modèle" icon="SysML - BGR-300_files/icon_model.jpg" name="Boule gyrostabilisée" refid="eee_1045467100313_135436_1"/><owner classType="Model" humanName="Possesseur" humanType="Modèle" icon="SysML - BGR-300_files/icon_model.jpg" mode="standard,expert" name="Boule gyrostabilisée" refid="eee_1045467100313_135436_1"/></comment></magicdraw>