<?xml version="1.0" encoding="UTF-8"?>
<magicdraw><instancevalue classType="InstanceValue" humanType="Valeur d'Instance" icon="SysML - BGR-300_files/icon_instancevalue.jpg" id="_17_0_4_1bde048e_1474540236438_670575_6765"><TO_DO humanName="A Faire"></TO_DO><owningSlot classType="Slot" humanName="Emplacement de Possession" humanType="Emplacement" icon="SysML - BGR-300_files/icon_slot.jpg" refid="_17_0_4_1bde048e_1474540236438_696899_6764"/><instance classType="EnumerationLiteral" humanName="Instance" humanType="Littéral d'Enumération" icon="SysML - BGR-300_files/icon_enumerationliteral.jpg" mode="standard,expert" name="Average Complexity" refid="_86b026b_1100851488050_713066_5"/><name humanName="Nom"></name><qualifiedName humanName="Nom Qualifié" mode="expert">Divers::Obtenir une image nette et indépendante des mouvements de l'hélicoptère::::</qualifiedName><owner classType="Slot" humanName="Possesseur" humanType="Emplacement" icon="SysML - BGR-300_files/icon_slot.jpg" refid="_17_0_4_1bde048e_1474540236438_696899_6764"/><text humanName="Text" mode="standard">Average Complexity</text><TYPE_MODIFIER humanName="Type de Modificateur"></TYPE_MODIFIER><visibility humanName="Visibilité">public</visibility></instancevalue></magicdraw>