<?xml version="1.0" encoding="UTF-8"?>
<magicdraw><block classType="Class" humanType="Block" icon="SysML - BGR-300_files/icon_block.jpg" id="_17_0_4_1bde048e_1433744968872_506602_12845"><TO_DO humanName="A Faire" mode="standard,expert"></TO_DO><attribute humanName="Attribut"><flowport classType="Port" humanType="Flow Port" icon="SysML - BGR-300_files/icon_flowport.jpg" name="Energie élec" refid="_17_0_4_1bde048e_1433746243634_18675_13413"/><port classType="Port" humanType="Port" icon="SysML - BGR-300_files/icon_port.jpg" name="Mesure position relative" refid="_17_0_4_2_b1402db_1434818336289_464627_16174"/><flowport classType="Port" humanType="Flow Port" icon="SysML - BGR-300_files/icon_flowport.jpg" name="p1" refid="_17_0_4_1bde048e_1433746226398_961722_13389"/><flowport classType="Port" humanType="Flow Port" icon="SysML - BGR-300_files/icon_flowport.jpg" name="p3" refid="_17_0_4_1bde048e_1433746256915_307270_13437"/><flowport classType="Port" humanType="Flow Port" icon="SysML - BGR-300_files/icon_flowport.jpg" name="p5" refid="_17_0_4_1bde048e_1433746294464_7532_13461"/><port classType="Port" humanType="Port" icon="SysML - BGR-300_files/icon_port.jpg" name="p6" refid="_17_0_4_2_b1402db_1434818561003_748573_16422"/><referenceproperty classType="Property" humanType="Reference Property" icon="SysML - BGR-300_files/icon_referenceproperty.jpg" name="Référence" refid="_17_0_4_1bde048e_1433745097056_921690_12885"/></attribute><ownedAttribute humanName="Attribut avec Possesseur"><flowport classType="Port" humanType="Flow Port" icon="SysML - BGR-300_files/icon_flowport.jpg" name="Energie élec" refid="_17_0_4_1bde048e_1433746243634_18675_13413"/><port classType="Port" humanType="Port" icon="SysML - BGR-300_files/icon_port.jpg" name="Mesure position relative" refid="_17_0_4_2_b1402db_1434818336289_464627_16174"/><flowport classType="Port" humanType="Flow Port" icon="SysML - BGR-300_files/icon_flowport.jpg" name="p1" refid="_17_0_4_1bde048e_1433746226398_961722_13389"/><flowport classType="Port" humanType="Flow Port" icon="SysML - BGR-300_files/icon_flowport.jpg" name="p3" refid="_17_0_4_1bde048e_1433746256915_307270_13437"/><flowport classType="Port" humanType="Flow Port" icon="SysML - BGR-300_files/icon_flowport.jpg" name="p5" refid="_17_0_4_1bde048e_1433746294464_7532_13461"/><port classType="Port" humanType="Port" icon="SysML - BGR-300_files/icon_port.jpg" name="p6" refid="_17_0_4_2_b1402db_1434818561003_748573_16422"/><referenceproperty classType="Property" humanType="Reference Property" icon="SysML - BGR-300_files/icon_referenceproperty.jpg" name="Référence" refid="_17_0_4_1bde048e_1433745097056_921690_12885"/></ownedAttribute><feature humanName="Caractéristique"><flowport classType="Port" humanType="Flow Port" icon="SysML - BGR-300_files/icon_flowport.jpg" name="Energie élec" refid="_17_0_4_1bde048e_1433746243634_18675_13413"/><port classType="Port" humanType="Port" icon="SysML - BGR-300_files/icon_port.jpg" name="Mesure position relative" refid="_17_0_4_2_b1402db_1434818336289_464627_16174"/><flowport classType="Port" humanType="Flow Port" icon="SysML - BGR-300_files/icon_flowport.jpg" name="p1" refid="_17_0_4_1bde048e_1433746226398_961722_13389"/><flowport classType="Port" humanType="Flow Port" icon="SysML - BGR-300_files/icon_flowport.jpg" name="p3" refid="_17_0_4_1bde048e_1433746256915_307270_13437"/><flowport classType="Port" humanType="Flow Port" icon="SysML - BGR-300_files/icon_flowport.jpg" name="p5" refid="_17_0_4_1bde048e_1433746294464_7532_13461"/><port classType="Port" humanType="Port" icon="SysML - BGR-300_files/icon_port.jpg" name="p6" refid="_17_0_4_2_b1402db_1434818561003_748573_16422"/><referenceproperty classType="Property" humanType="Reference Property" icon="SysML - BGR-300_files/icon_referenceproperty.jpg" name="Référence" refid="_17_0_4_1bde048e_1433745097056_921690_12885"/></feature><ownedElement humanName="Elément avec Possesseur"><instancespecification classType="InstanceSpecification" humanType="Spécification d'Instance" icon="SysML - BGR-300_files/icon_instancespecification.jpg" name="" refid="_17_0_4_1bde048e_1433744968873_119028_12846"/><flowport classType="Port" humanType="Flow Port" icon="SysML - BGR-300_files/icon_flowport.jpg" name="Energie élec" refid="_17_0_4_1bde048e_1433746243634_18675_13413"/><port classType="Port" humanType="Port" icon="SysML - BGR-300_files/icon_port.jpg" name="Mesure position relative" refid="_17_0_4_2_b1402db_1434818336289_464627_16174"/><flowport classType="Port" humanType="Flow Port" icon="SysML - BGR-300_files/icon_flowport.jpg" name="p1" refid="_17_0_4_1bde048e_1433746226398_961722_13389"/><flowport classType="Port" humanType="Flow Port" icon="SysML - BGR-300_files/icon_flowport.jpg" name="p3" refid="_17_0_4_1bde048e_1433746256915_307270_13437"/><flowport classType="Port" humanType="Flow Port" icon="SysML - BGR-300_files/icon_flowport.jpg" name="p5" refid="_17_0_4_1bde048e_1433746294464_7532_13461"/><port classType="Port" humanType="Port" icon="SysML - BGR-300_files/icon_port.jpg" name="p6" refid="_17_0_4_2_b1402db_1434818561003_748573_16422"/><referenceproperty classType="Property" humanType="Reference Property" icon="SysML - BGR-300_files/icon_referenceproperty.jpg" name="Référence" refid="_17_0_4_1bde048e_1433745097056_921690_12885"/></ownedElement><namespace classType="Package" humanName="Espace de Nommage" humanType="Paquet" icon="SysML - BGR-300_files/icon_package.jpg" name="Etage boule (gros)" refid="_17_0_4_1bde048e_1433354627169_728308_12925"/><isAbstract humanName="Est Abstrait" mode="standard,expert">false</isAbstract><isActive humanName="Est Actif" mode="standard,expert">false</isActive><isFinalSpecialization humanName="Est Final Spécialisation" mode="expert">false</isFinalSpecialization><isLeaf humanName="Est une Feuille" mode="expert">false</isLeaf><appliedStereotypeInstance classType="InstanceSpecification" humanName="Instance de Stéréotype Appliqué" humanType="Spécification d'Instance" icon="SysML - BGR-300_files/icon_instancespecification.jpg" name="" refid="_17_0_4_1bde048e_1433744968873_119028_12846"/><member humanName="Membre"><flowport classType="Port" humanType="Flow Port" icon="SysML - BGR-300_files/icon_flowport.jpg" name="Energie élec" refid="_17_0_4_1bde048e_1433746243634_18675_13413"/><port classType="Port" humanType="Port" icon="SysML - BGR-300_files/icon_port.jpg" name="Mesure position relative" refid="_17_0_4_2_b1402db_1434818336289_464627_16174"/><flowport classType="Port" humanType="Flow Port" icon="SysML - BGR-300_files/icon_flowport.jpg" name="p1" refid="_17_0_4_1bde048e_1433746226398_961722_13389"/><flowport classType="Port" humanType="Flow Port" icon="SysML - BGR-300_files/icon_flowport.jpg" name="p3" refid="_17_0_4_1bde048e_1433746256915_307270_13437"/><flowport classType="Port" humanType="Flow Port" icon="SysML - BGR-300_files/icon_flowport.jpg" name="p5" refid="_17_0_4_1bde048e_1433746294464_7532_13461"/><port classType="Port" humanType="Port" icon="SysML - BGR-300_files/icon_port.jpg" name="p6" refid="_17_0_4_2_b1402db_1434818561003_748573_16422"/><referenceproperty classType="Property" humanType="Reference Property" icon="SysML - BGR-300_files/icon_referenceproperty.jpg" name="Référence" refid="_17_0_4_1bde048e_1433745097056_921690_12885"/></member><ownedMember humanName="Membre avec Possesseur"><flowport classType="Port" humanType="Flow Port" icon="SysML - BGR-300_files/icon_flowport.jpg" name="Energie élec" refid="_17_0_4_1bde048e_1433746243634_18675_13413"/><port classType="Port" humanType="Port" icon="SysML - BGR-300_files/icon_port.jpg" name="Mesure position relative" refid="_17_0_4_2_b1402db_1434818336289_464627_16174"/><flowport classType="Port" humanType="Flow Port" icon="SysML - BGR-300_files/icon_flowport.jpg" name="p1" refid="_17_0_4_1bde048e_1433746226398_961722_13389"/><flowport classType="Port" humanType="Flow Port" icon="SysML - BGR-300_files/icon_flowport.jpg" name="p3" refid="_17_0_4_1bde048e_1433746256915_307270_13437"/><flowport classType="Port" humanType="Flow Port" icon="SysML - BGR-300_files/icon_flowport.jpg" name="p5" refid="_17_0_4_1bde048e_1433746294464_7532_13461"/><port classType="Port" humanType="Port" icon="SysML - BGR-300_files/icon_port.jpg" name="p6" refid="_17_0_4_2_b1402db_1434818561003_748573_16422"/><referenceproperty classType="Property" humanType="Reference Property" icon="SysML - BGR-300_files/icon_referenceproperty.jpg" name="Référence" refid="_17_0_4_1bde048e_1433745097056_921690_12885"/></ownedMember><name humanName="Nom" mode="standard,expert">Carte EPOS</name><qualifiedName humanName="Nom Qualifié" mode="expert">Etage boule (gros)::Carte EPOS</qualifiedName><package classType="Package" humanName="Paquetage" humanType="Paquet" icon="SysML - BGR-300_files/icon_package.jpg" name="Etage boule (gros)" refid="_17_0_4_1bde048e_1433354627169_728308_12925"/><owningPackage classType="Package" humanName="Paquetage de Possession" humanType="Paquet" icon="SysML - BGR-300_files/icon_package.jpg" name="Etage boule (gros)" refid="_17_0_4_1bde048e_1433354627169_728308_12925"/><part humanName="Partie"><flowport classType="Port" humanType="Flow Port" icon="SysML - BGR-300_files/icon_flowport.jpg" name="Energie élec" refid="_17_0_4_1bde048e_1433746243634_18675_13413"/><port classType="Port" humanType="Port" icon="SysML - BGR-300_files/icon_port.jpg" name="Mesure position relative" refid="_17_0_4_2_b1402db_1434818336289_464627_16174"/><flowport classType="Port" humanType="Flow Port" icon="SysML - BGR-300_files/icon_flowport.jpg" name="p1" refid="_17_0_4_1bde048e_1433746226398_961722_13389"/><flowport classType="Port" humanType="Flow Port" icon="SysML - BGR-300_files/icon_flowport.jpg" name="p3" refid="_17_0_4_1bde048e_1433746256915_307270_13437"/><flowport classType="Port" humanType="Flow Port" icon="SysML - BGR-300_files/icon_flowport.jpg" name="p5" refid="_17_0_4_1bde048e_1433746294464_7532_13461"/><port classType="Port" humanType="Port" icon="SysML - BGR-300_files/icon_port.jpg" name="p6" refid="_17_0_4_2_b1402db_1434818561003_748573_16422"/></part><ownedPort humanName="Port avec Possesseur"><flowport classType="Port" humanType="Flow Port" icon="SysML - BGR-300_files/icon_flowport.jpg" name="Energie élec" refid="_17_0_4_1bde048e_1433746243634_18675_13413"/><port classType="Port" humanType="Port" icon="SysML - BGR-300_files/icon_port.jpg" name="Mesure position relative" refid="_17_0_4_2_b1402db_1434818336289_464627_16174"/><flowport classType="Port" humanType="Flow Port" icon="SysML - BGR-300_files/icon_flowport.jpg" name="p1" refid="_17_0_4_1bde048e_1433746226398_961722_13389"/><flowport classType="Port" humanType="Flow Port" icon="SysML - BGR-300_files/icon_flowport.jpg" name="p3" refid="_17_0_4_1bde048e_1433746256915_307270_13437"/><flowport classType="Port" humanType="Flow Port" icon="SysML - BGR-300_files/icon_flowport.jpg" name="p5" refid="_17_0_4_1bde048e_1433746294464_7532_13461"/><port classType="Port" humanType="Port" icon="SysML - BGR-300_files/icon_port.jpg" name="p6" refid="_17_0_4_2_b1402db_1434818561003_748573_16422"/></ownedPort><owner classType="Package" humanName="Possesseur" humanType="Paquet" icon="SysML - BGR-300_files/icon_package.jpg" mode="standard,expert" name="Etage boule (gros)" refid="_17_0_4_1bde048e_1433354627169_728308_12925"/><role humanName="Rôle"><flowport classType="Port" humanType="Flow Port" icon="SysML - BGR-300_files/icon_flowport.jpg" name="Energie élec" refid="_17_0_4_1bde048e_1433746243634_18675_13413"/><port classType="Port" humanType="Port" icon="SysML - BGR-300_files/icon_port.jpg" name="Mesure position relative" refid="_17_0_4_2_b1402db_1434818336289_464627_16174"/><flowport classType="Port" humanType="Flow Port" icon="SysML - BGR-300_files/icon_flowport.jpg" name="p1" refid="_17_0_4_1bde048e_1433746226398_961722_13389"/><flowport classType="Port" humanType="Flow Port" icon="SysML - BGR-300_files/icon_flowport.jpg" name="p3" refid="_17_0_4_1bde048e_1433746256915_307270_13437"/><flowport classType="Port" humanType="Flow Port" icon="SysML - BGR-300_files/icon_flowport.jpg" name="p5" refid="_17_0_4_1bde048e_1433746294464_7532_13461"/><port classType="Port" humanType="Port" icon="SysML - BGR-300_files/icon_port.jpg" name="p6" refid="_17_0_4_2_b1402db_1434818561003_748573_16422"/><referenceproperty classType="Property" humanType="Reference Property" icon="SysML - BGR-300_files/icon_referenceproperty.jpg" name="Référence" refid="_17_0_4_1bde048e_1433745097056_921690_12885"/></role><APPLIED_STEREOTYPES humanName="Stéréotype Appliqué" mode="expert"><stereotype classType="Stereotype" humanType="Stéréotype" icon="SysML - BGR-300_files/icon_stereotype.jpg" name="Block" refid="_11_5EAPbeta_be00301_1147424179914_458922_958"/></APPLIED_STEREOTYPES><appliedStereotype humanName="Stéréotype Appliqué" mode="expert"><stereotype classType="Stereotype" humanType="Stéréotype" icon="SysML - BGR-300_files/icon_stereotype.jpg" name="Block" refid="_11_5EAPbeta_be00301_1147424179914_458922_958"><property classType="Property" humanName="base_Class" humanType="Propriété" icon="SysML - BGR-300_files/icon_property.jpg" name="base_Class" refid="_11_5EAPbeta_be00301_1147424181797_326831_961"/><property classType="Property" humanName="isEncapsulated" humanType="Propriété" icon="SysML - BGR-300_files/icon_property.jpg" name="isEncapsulated" refid="_11_5EAPbeta_be00301_1147424201876_860708_1049"/></stereotype></appliedStereotype><visibility humanName="Visibilité" mode="standard,expert">public</visibility></block></magicdraw>