<?xml version="1.0" encoding="UTF-8"?>
<magicdraw><literalstring classType="LiteralString" humanType="Littéral Chaîne de Caractères" icon="SysML - BGR-300_files/icon_literalstring.jpg" id="_17_0_4_1bde048e_1474540236466_223835_6907"><TO_DO humanName="A Faire"></TO_DO><owningSlot classType="Slot" humanName="Emplacement de Possession" humanType="Emplacement" icon="SysML - BGR-300_files/icon_slot.jpg" refid="_17_0_4_1bde048e_1474540236466_303187_6906"/><name humanName="Nom"></name><qualifiedName humanName="Nom Qualifié">Divers::Exigence globale::Exigences fonctionnelles::Alignement parfait de la ligne de visée du pilote avec l'axe optique des caméras de la boule gyrostabilisée::Stabilité::::</qualifiedName><owner classType="Slot" humanName="Possesseur" humanType="Emplacement" icon="SysML - BGR-300_files/icon_slot.jpg" mode="expert" refid="_17_0_4_1bde048e_1474540236466_303187_6906"/><text humanName="Text" mode="standard">L' amplitude maximale des oscillations de l'axe optique de la boule gyrostabilisée est de 340µrad.</text><TYPE_MODIFIER humanName="Type de Modificateur"></TYPE_MODIFIER><value humanName="Valeur" mode="standard,expert">L' amplitude maximale des oscillations de l'axe optique de la boule gyrostabilisée est de 340µrad.</value><visibility humanName="Visibilité">public</visibility></literalstring></magicdraw>