<?xml version="1.0" encoding="UTF-8"?>
<magicdraw><elementvalue classType="ElementValue" humanType="Valeur de l'Elément" icon="SysML - BGR-300_files/icon_elementvalue.jpg" id="_17_0_4_1bde048e_1474540236454_719415_6849"><TO_DO humanName="A Faire"></TO_DO><element classType="Property" humanName="Elément" humanType="Part Property" icon="SysML - BGR-300_files/icon_partproperty.jpg" mode="standard,expert" name="Carte 1" refid="_17_0_4_1bde048e_1433746015332_493203_13099"/><owningSlot classType="Slot" humanName="Emplacement de Possession" humanType="Emplacement" icon="SysML - BGR-300_files/icon_slot.jpg" refid="_17_0_4_1bde048e_1474540236454_332227_6848"/><name humanName="Nom"></name><qualifiedName humanName="Nom Qualifié">Etage boule (gros)::Etage boule (gros)::::::</qualifiedName><owner classType="Slot" humanName="Possesseur" humanType="Emplacement" icon="SysML - BGR-300_files/icon_slot.jpg" mode="expert" refid="_17_0_4_1bde048e_1474540236454_332227_6848"/><text humanName="Text" mode="standard">Carte 1</text><TYPE_MODIFIER humanName="Type de Modificateur"></TYPE_MODIFIER><visibility humanName="Visibilité">public</visibility></elementvalue></magicdraw>