<?xml version="1.0" encoding="UTF-8"?>
<magicdraw><externalsystem classType="Actor" humanType="External system" icon="SysML - BGR-300_files/icon_externalsystem.jpg" id="_17_0_4_1bde048e_1432708384309_546093_10939"><TO_DO humanName="A Faire" mode="standard,expert"></TO_DO><ownedElement humanName="Elément avec Possesseur"><instancespecification classType="InstanceSpecification" humanType="Spécification d'Instance" icon="SysML - BGR-300_files/icon_instancespecification.jpg" name="" refid="_17_0_4_1bde048e_1432708384310_749899_10940"/></ownedElement><namespace classType="Package" humanName="Espace de Nommage" humanType="Paquet" icon="SysML - BGR-300_files/icon_package.jpg" name="Divers" refid="_17_0_4_2_b1402db_1434819072685_820867_16616"/><isAbstract humanName="Est Abstrait" mode="standard,expert">false</isAbstract><isFinalSpecialization humanName="Est Final Spécialisation">false</isFinalSpecialization><isLeaf humanName="Est une Feuille">false</isLeaf><appliedStereotypeInstance classType="InstanceSpecification" humanName="Instance de Stéréotype Appliqué" humanType="Spécification d'Instance" icon="SysML - BGR-300_files/icon_instancespecification.jpg" name="" refid="_17_0_4_1bde048e_1432708384310_749899_10940"/><name humanName="Nom" mode="standard,expert">Casque du pilote</name><qualifiedName humanName="Nom Qualifié" mode="expert">Divers::Casque du pilote</qualifiedName><package classType="Package" humanName="Paquetage" humanType="Paquet" icon="SysML - BGR-300_files/icon_package.jpg" name="Divers" refid="_17_0_4_2_b1402db_1434819072685_820867_16616"/><owningPackage classType="Package" humanName="Paquetage de Possession" humanType="Paquet" icon="SysML - BGR-300_files/icon_package.jpg" name="Divers" refid="_17_0_4_2_b1402db_1434819072685_820867_16616"/><owner classType="Package" humanName="Possesseur" humanType="Paquet" icon="SysML - BGR-300_files/icon_package.jpg" mode="standard,expert" name="Divers" refid="_17_0_4_2_b1402db_1434819072685_820867_16616"/><APPLIED_STEREOTYPES humanName="Stéréotype Appliqué" mode="standard,expert"><stereotype classType="Stereotype" humanType="Stéréotype" icon="SysML - BGR-300_files/icon_stereotype.jpg" name="External system" refid="_12_1_8740266_1172578094250_866559_1543"/></APPLIED_STEREOTYPES><appliedStereotype humanName="Stéréotype Appliqué" mode="standard,expert"><stereotype classType="Stereotype" humanType="Stéréotype" icon="SysML - BGR-300_files/icon_stereotype.jpg" name="External system" refid="_12_1_8740266_1172578094250_866559_1543"><property classType="Property" humanName="base_Actor" humanType="Propriété" icon="SysML - BGR-300_files/icon_property.jpg" name="base_Actor" refid="_12_1_8740266_1172578094281_40321_1614"/></stereotype></appliedStereotype><visibility humanName="Visibilité">public</visibility></externalsystem></magicdraw>