<?xml version="1.0" encoding="UTF-8"?>
<magicdraw><literalstring classType="LiteralString" humanType="Littéral Chaîne de Caractères" icon="SysML - BGR-300_files/icon_literalstring.jpg" id="_17_0_4_1bde048e_1474540236446_251958_6805"><TO_DO humanName="A Faire"></TO_DO><owningSlot classType="Slot" humanName="Emplacement de Possession" humanType="Emplacement" icon="SysML - BGR-300_files/icon_slot.jpg" refid="_17_0_4_1bde048e_1474540236445_515269_6804"/><name humanName="Nom"></name><qualifiedName humanName="Nom Qualifié">Divers::Exigence globale::Exigences fonctionnelles::Sensibilité aux perturbations::Perturbations vibratoires du porteur::::</qualifiedName><owner classType="Slot" humanName="Possesseur" humanType="Emplacement" icon="SysML - BGR-300_files/icon_slot.jpg" mode="expert" refid="_17_0_4_1bde048e_1474540236445_515269_6804"/><text humanName="Text" mode="standard">23.1.1.4</text><TYPE_MODIFIER humanName="Type de Modificateur"></TYPE_MODIFIER><value humanName="Valeur" mode="standard,expert">23.1.1.4</value><visibility humanName="Visibilité">public</visibility></literalstring></magicdraw>