<?xml version="1.0" encoding="UTF-8"?>
<magicdraw><association classType="Association" humanType="Association" icon="SysML - BGR-300_files/icon_association.jpg" id="_17_0_4_1bde048e_1434794162559_3006_12821"><TO_DO humanName="A Faire"></TO_DO><feature humanName="Caractéristique"><property classType="Property" humanType="Propriété" icon="SysML - BGR-300_files/icon_property.jpg" name="" refid="_17_0_4_1bde048e_1434794162559_122519_12822"/><property classType="Property" humanType="Propriété" icon="SysML - BGR-300_files/icon_property.jpg" name="" refid="_17_0_4_1bde048e_1434794162560_867041_12823"/></feature><ownedElement humanName="Elément avec Possesseur"><property classType="Property" humanType="Propriété" icon="SysML - BGR-300_files/icon_property.jpg" name="" refid="_17_0_4_1bde048e_1434794162559_122519_12822"/><property classType="Property" humanType="Propriété" icon="SysML - BGR-300_files/icon_property.jpg" name="" refid="_17_0_4_1bde048e_1434794162560_867041_12823"/></ownedElement><relatedElement humanName="Elément Relié"><externalsystem classType="Actor" humanType="External system" icon="SysML - BGR-300_files/icon_externalsystem.jpg" name="Casque du pilote" refid="_17_0_4_1bde048e_1432708384309_546093_10939"/><usecase classType="UseCase" humanType="Cas d'Utilisation" icon="SysML - BGR-300_files/icon_usecase.jpg" name="Obtenir une image fidèle suivant la ligne de visée" refid="_17_0_4_1bde048e_1432708214449_154489_10903"/></relatedElement><namespace classType="Package" humanName="Espace de Nommage" humanType="Paquet" icon="SysML - BGR-300_files/icon_package.jpg" name="Divers" refid="_17_0_4_2_b1402db_1434819072685_820867_16616"/><isAbstract humanName="Est Abstrait">false</isAbstract><isDerived humanName="Est Dérivé">false</isDerived><isFinalSpecialization humanName="Est Final Spécialisation">false</isFinalSpecialization><isLeaf humanName="Est une Feuille">false</isLeaf><ownedEnd humanName="Fin avec Possesseur"><property classType="Property" humanType="Propriété" icon="SysML - BGR-300_files/icon_property.jpg" name="" refid="_17_0_4_1bde048e_1434794162559_122519_12822"/><property classType="Property" humanType="Propriété" icon="SysML - BGR-300_files/icon_property.jpg" name="" refid="_17_0_4_1bde048e_1434794162560_867041_12823"/></ownedEnd><navigableOwnedEnd humanName="Fin avec Possesseur Navigable" mode="expert"><property classType="Property" humanType="Propriété" icon="SysML - BGR-300_files/icon_property.jpg" name="" refid="_17_0_4_1bde048e_1434794162559_122519_12822"/><property classType="Property" humanType="Propriété" icon="SysML - BGR-300_files/icon_property.jpg" name="" refid="_17_0_4_1bde048e_1434794162560_867041_12823"/></navigableOwnedEnd><memberEnd humanName="Fin de Membre"><property classType="Property" humanType="Propriété" icon="SysML - BGR-300_files/icon_property.jpg" name="" refid="_17_0_4_1bde048e_1434794162559_122519_12822"/><property classType="Property" humanType="Propriété" icon="SysML - BGR-300_files/icon_property.jpg" name="" refid="_17_0_4_1bde048e_1434794162560_867041_12823"/></memberEnd><member humanName="Membre"><property classType="Property" humanType="Propriété" icon="SysML - BGR-300_files/icon_property.jpg" name="" refid="_17_0_4_1bde048e_1434794162559_122519_12822"/><property classType="Property" humanType="Propriété" icon="SysML - BGR-300_files/icon_property.jpg" name="" refid="_17_0_4_1bde048e_1434794162560_867041_12823"/></member><ownedMember humanName="Membre avec Possesseur"><property classType="Property" humanType="Propriété" icon="SysML - BGR-300_files/icon_property.jpg" name="" refid="_17_0_4_1bde048e_1434794162559_122519_12822"/><property classType="Property" humanType="Propriété" icon="SysML - BGR-300_files/icon_property.jpg" name="" refid="_17_0_4_1bde048e_1434794162560_867041_12823"/></ownedMember><name humanName="Nom" mode="standard,expert"></name><qualifiedName humanName="Nom Qualifié" mode="expert">Divers::</qualifiedName><package classType="Package" humanName="Paquetage" humanType="Paquet" icon="SysML - BGR-300_files/icon_package.jpg" name="Divers" refid="_17_0_4_2_b1402db_1434819072685_820867_16616"/><owningPackage classType="Package" humanName="Paquetage de Possession" humanType="Paquet" icon="SysML - BGR-300_files/icon_package.jpg" name="Divers" refid="_17_0_4_2_b1402db_1434819072685_820867_16616"/><owner classType="Package" humanName="Possesseur" humanType="Paquet" icon="SysML - BGR-300_files/icon_package.jpg" mode="standard,expert" name="Divers" refid="_17_0_4_2_b1402db_1434819072685_820867_16616"/><endType humanName="Type de Fin"><externalsystem classType="Actor" humanType="External system" icon="SysML - BGR-300_files/icon_externalsystem.jpg" name="Casque du pilote" refid="_17_0_4_1bde048e_1432708384309_546093_10939"/><usecase classType="UseCase" humanType="Cas d'Utilisation" icon="SysML - BGR-300_files/icon_usecase.jpg" name="Obtenir une image fidèle suivant la ligne de visée" refid="_17_0_4_1bde048e_1432708214449_154489_10903"/></endType><visibility humanName="Visibilité" mode="standard,expert">public</visibility></association></magicdraw>