<?xml version="1.0" encoding="UTF-8"?>
<magicdraw><diagram classType="Diagram" diagramType="SysML Requirements Diagram" height="708" humanType="Diagramme" icon="SysML - BGR-300_files/icon_SysML Requirements Diagram.jpg" id="_17_0_4_1bde048e_1432708709813_24558_10982" src="SysML - BGR-300_files/_17_0_4_1bde048e_1432708709813_24558_10982.jpg" width="1016"><TO_DO humanName="A Faire" mode="standard,expert"></TO_DO><ownedElement humanName="Elément avec Possesseur"><instancespecification classType="InstanceSpecification" humanType="Spécification d'Instance" icon="SysML - BGR-300_files/icon_instancespecification.jpg" name="" refid="_17_0_4_1bde048e_1432708709821_242265_10993"/></ownedElement><appliedStereotypeInstance classType="InstanceSpecification" humanName="Instance de Stéréotype Appliqué" humanType="Spécification d'Instance" icon="SysML - BGR-300_files/icon_instancespecification.jpg" name="" refid="_17_0_4_1bde048e_1432708709821_242265_10993"/><map><area name="Refine " refid="_17_0_4_2_b1402db_1434807533003_471228_12914" shape="poly"><point x="248" y="453"/><point x="262" y="524"/><point x="260" y="526"/><point x="246" y="455"/></area><area name="Refine " refid="_17_0_4_2_b1402db_1434807528016_159105_12899" shape="poly"><point x="196" y="453"/><point x="146" y="524"/><point x="144" y="526"/><point x="194" y="455"/></area><area name="Refine " refid="_17_0_4_2_b1402db_1434807536548_472369_12927" shape="poly"><point x="297" y="453"/><point x="375" y="524"/><point x="373" y="526"/><point x="295" y="455"/></area><area name="Emplacement " refid="_17_0_4_1bde048e_1474540236434_360970_6758" shape="rect"><point x="199" y="577"/><point x="355" y="577"/><point x="355" y="648"/><point x="199" y="648"/></area><area name="Emplacement " refid="_17_0_4_1bde048e_1474540236449_717284_6822" shape="rect"><point x="444" y="395"/><point x="600" y="395"/><point x="600" y="410"/><point x="444" y="410"/></area><area name="Emplacement " refid="_17_0_4_1bde048e_1474540236449_398431_6820" shape="rect"><point x="444" y="409"/><point x="600" y="409"/><point x="600" y="452"/><point x="444" y="452"/></area><area name="Emplacement " refid="_17_0_4_1bde048e_1474540236435_425313_6760" shape="rect"><point x="199" y="563"/><point x="355" y="563"/><point x="355" y="578"/><point x="199" y="578"/></area><area name="Emplacement " refid="_17_0_4_1bde048e_1474540236478_184425_6960" shape="rect"><point x="157" y="420"/><point x="314" y="420"/><point x="314" y="435"/><point x="157" y="435"/></area><area name="Emplacement " refid="_17_0_4_1bde048e_1474540236477_30683_6958" shape="rect"><point x="157" y="434"/><point x="314" y="434"/><point x="314" y="449"/><point x="157" y="449"/></area><area name="Emplacement " refid="_17_0_4_1bde048e_1474540236488_466720_7004" shape="rect"><point x="374" y="563"/><point x="531" y="563"/><point x="531" y="578"/><point x="374" y="578"/></area><area name="Emplacement " refid="_17_0_4_1bde048e_1474540236488_305744_7002" shape="rect"><point x="374" y="577"/><point x="531" y="577"/><point x="531" y="662"/><point x="374" y="662"/></area><area name="Emplacement " refid="_17_0_4_1bde048e_1474540236516_616618_7128" shape="rect"><point x="766" y="576"/><point x="923" y="576"/><point x="923" y="591"/><point x="766" y="591"/></area><area name="Emplacement " refid="_17_0_4_1bde048e_1474540236516_940021_7126" shape="rect"><point x="766" y="590"/><point x="923" y="590"/><point x="923" y="661"/><point x="766" y="661"/></area><area name="Emplacement " refid="_17_0_4_1bde048e_1474540236445_515269_6804" shape="rect"><point x="766" y="429"/><point x="923" y="429"/><point x="923" y="444"/><point x="766" y="444"/></area><area name="Emplacement " refid="_17_0_4_1bde048e_1474540236445_398184_6802" shape="rect"><point x="766" y="443"/><point x="923" y="443"/><point x="923" y="514"/><point x="766" y="514"/></area><area name="Emplacement " refid="_17_0_4_1bde048e_1474540236510_591390_7102" shape="rect"><point x="556" y="583"/><point x="713" y="583"/><point x="713" y="598"/><point x="556" y="598"/></area><area name="Emplacement " refid="_17_0_4_1bde048e_1474540236510_781985_7100" shape="rect"><point x="556" y="597"/><point x="713" y="597"/><point x="713" y="668"/><point x="556" y="668"/></area><area name="Emplacement " refid="_17_0_4_1bde048e_1474540236467_80319_6908" shape="rect"><point x="17" y="563"/><point x="174" y="563"/><point x="174" y="578"/><point x="17" y="578"/></area><area name="Emplacement " refid="_17_0_4_1bde048e_1474540236466_303187_6906" shape="rect"><point x="17" y="577"/><point x="174" y="577"/><point x="174" y="648"/><point x="17" y="648"/></area><area name="Emplacement " refid="_17_0_4_1bde048e_1474540236507_841742_7082" shape="rect"><point x="738" y="234"/><point x="895" y="234"/><point x="895" y="249"/><point x="738" y="249"/></area><area name="Emplacement " refid="_17_0_4_1bde048e_1474540236507_566113_7080" shape="rect"><point x="738" y="248"/><point x="895" y="248"/><point x="895" y="361"/><point x="738" y="361"/></area><area name="Emplacement " refid="_17_0_4_1bde048e_1474540236477_703627_6956" shape="rect"><point x="514" y="227"/><point x="671" y="227"/><point x="671" y="242"/><point x="514" y="242"/></area><area name="Emplacement " refid="_17_0_4_1bde048e_1474540236477_620316_6954" shape="rect"><point x="514" y="241"/><point x="671" y="241"/><point x="671" y="284"/><point x="514" y="284"/></area><area name="Emplacement " refid="_17_0_4_1bde048e_1474540236476_72496_6952" shape="rect"><point x="822" y="87"/><point x="979" y="87"/><point x="979" y="102"/><point x="822" y="102"/></area><area name="Emplacement " refid="_17_0_4_1bde048e_1474540236476_343164_6950" shape="rect"><point x="822" y="101"/><point x="979" y="101"/><point x="979" y="172"/><point x="822" y="172"/></area><area name="Requirement Rapidité" refid="_17_0_4_1bde048e_1432806003279_859334_11414" shape="rect"><point x="196" y="525"/><point x="358" y="525"/><point x="358" y="666"/><point x="196" y="666"/></area><area name="Requirement Sensibilité aux perturbations" refid="_17_0_4_1bde048e_1432804916642_616949_11154" shape="rect"><point x="441" y="357"/><point x="603" y="357"/><point x="603" y="471"/><point x="441" y="471"/></area><area name="Requirement Alignement parfait de la ligne de visée du pilote avec l'axe optique des caméras de la boule gyrostabilisée" refid="_17_0_4_1bde048e_1432804318286_455859_11041" shape="rect"><point x="154" y="343"/><point x="317" y="343"/><point x="317" y="455"/><point x="154" y="455"/></area><area name="Requirement Précision" refid="_17_0_4_1bde048e_1432804893528_303826_11118" shape="rect"><point x="371" y="525"/><point x="534" y="525"/><point x="534" y="668"/><point x="371" y="668"/></area><area name="Requirement Perturbations aérodynamiques du vol" refid="_17_0_4_1bde048e_1432805503529_165955_11258" shape="rect"><point x="763" y="525"/><point x="926" y="525"/><point x="926" y="667"/><point x="763" y="667"/></area><area name="Requirement Perturbations vibratoires du porteur" refid="_17_0_4_1bde048e_1432805526155_566199_11294" shape="rect"><point x="763" y="378"/><point x="926" y="378"/><point x="926" y="520"/><point x="763" y="520"/></area><area name="Requirement Perturbations dynamiques du vol" refid="_17_0_4_1bde048e_1432805549542_692769_11330" shape="rect"><point x="553" y="532"/><point x="716" y="532"/><point x="716" y="674"/><point x="553" y="674"/></area><area name="Requirement Stabilité" refid="_17_0_4_1bde048e_1432805848632_133646_11369" shape="rect"><point x="14" y="525"/><point x="177" y="525"/><point x="177" y="668"/><point x="14" y="668"/></area><area name="Requirement Alimentation en énergie" refid="_17_0_4_1bde048e_1432807154183_220539_11514" shape="rect"><point x="511" y="189"/><point x="674" y="189"/><point x="674" y="299"/><point x="511" y="299"/></area><area name="Requirement Masse du système" refid="_17_0_4_1bde048e_1432807487327_774815_11552" shape="rect"><point x="819" y="49"/><point x="982" y="49"/><point x="982" y="178"/><point x="819" y="178"/></area><area name="Emplacement " refid="_17_0_4_1bde048e_1474540236443_293253_6788" shape="rect"><point x="514" y="94"/><point x="684" y="94"/><point x="684" y="109"/><point x="514" y="109"/></area><area name="Emplacement " refid="_17_0_4_1bde048e_1474540236443_159975_6786" shape="rect"><point x="514" y="108"/><point x="684" y="108"/><point x="684" y="123"/><point x="514" y="123"/></area><area name="Requirement Assemblage avec le porteur" refid="_17_0_4_1bde048e_1432807137394_691451_11478" shape="rect"><point x="735" y="196"/><point x="898" y="196"/><point x="898" y="367"/><point x="735" y="367"/></area><area name="Requirement Exigences techniques" refid="_17_0_4_1bde048e_1432709022571_740089_11116" shape="rect"><point x="511" y="56"/><point x="687" y="56"/><point x="687" y="129"/><point x="511" y="129"/></area><area name="Emplacement " refid="_17_0_4_1bde048e_1474540236519_476281_7138" shape="rect"><point x="136" y="227"/><point x="320" y="227"/><point x="320" y="242"/><point x="136" y="242"/></area><area name="Emplacement " refid="_17_0_4_1bde048e_1474540236518_481965_7136" shape="rect"><point x="136" y="241"/><point x="320" y="241"/><point x="320" y="256"/><point x="136" y="256"/></area><area name="Requirement Exigences fonctionnelles" refid="_17_0_4_1bde048e_1432709031164_308042_11152" shape="rect"><point x="133" y="189"/><point x="323" y="189"/><point x="323" y="262"/><point x="133" y="262"/></area><area name="Emplacement " refid="_17_0_4_1bde048e_1474540236487_62808_7000" shape="rect"><point x="45" y="73"/><point x="418" y="73"/><point x="418" y="88"/><point x="45" y="88"/></area><area name="Emplacement " refid="_17_0_4_1bde048e_1474540236487_195714_6998" shape="rect"><point x="45" y="87"/><point x="418" y="87"/><point x="418" y="144"/><point x="45" y="144"/></area><area name="Requirement Exigence globale" refid="_17_0_4_1bde048e_1432708734594_786992_11022" shape="rect"><point x="42" y="35"/><point x="421" y="35"/><point x="421" y="150"/><point x="42" y="150"/></area></map><name humanName="Nom" mode="standard,expert">req</name><qualifiedName humanName="Nom Qualifié" mode="expert">Diagramme d'exigence::req</qualifiedName><owner classType="Package" humanName="Possesseur" humanType="Paquet" icon="SysML - BGR-300_files/icon_package.jpg" mode="standard,expert" name="Diagramme d'exigence" refid="_17_0_4_1bde048e_1432709431411_744676_11298"/><ownerOfDiagram classType="Package" humanName="Possesseur du Diagramme" humanType="Paquet" icon="SysML - BGR-300_files/icon_package.jpg" name="Diagramme d'exigence" refid="_17_0_4_1bde048e_1432709431411_744676_11298"/><APPLIED_STEREOTYPES humanName="Stéréotype Appliqué" mode="standard,expert"><stereotype classType="Stereotype" humanType="Stéréotype" icon="SysML - BGR-300_files/icon_stereotype.jpg" name="DiagramInfo" refid="_9_0_be00301_1108044380615_150487_0"/></APPLIED_STEREOTYPES><appliedStereotype humanName="Stéréotype Appliqué" mode="standard,expert"><stereotype classType="Stereotype" humanType="Stéréotype" icon="SysML - BGR-300_files/icon_stereotype.jpg" name="DiagramInfo" refid="_9_0_be00301_1108044380615_150487_0"><property classType="Property" humanName="Author" humanType="Propriété" icon="SysML - BGR-300_files/icon_property.jpg" name="Author" refid="_be00301_1077726770128_871366_1"><String>svillacampa</String></property><property classType="Property" humanName="base_Diagram" humanType="Propriété" icon="SysML - BGR-300_files/icon_property.jpg" name="base_Diagram" refid="_10_0EAPbeta_be00301_1123081772498_901864_356"/><property classType="Property" humanName="base_Element" humanType="Propriété" icon="SysML - BGR-300_files/icon_property.jpg" name="base_Element" refid="_10_0EAPbeta_be00301_1123081772098_411862_275"/><property classType="Property" humanName="Creation date" humanType="Propriété" icon="SysML - BGR-300_files/icon_property.jpg" name="Creation date" refid="_be00301_1073306188629_537791_2"><String>27/05/15 08:38</String></property><property classType="Property" humanName="Last modified by" humanType="Propriété" icon="SysML - BGR-300_files/icon_property.jpg" name="Last modified by" refid="_16_8beta_8ca0285_1257244649124_794756_344"><String>vincentboyer</String></property><property classType="Property" humanName="Modification date" humanType="Propriété" icon="SysML - BGR-300_files/icon_property.jpg" name="Modification date" refid="_be00301_1073394345322_922552_1"><String>20/06/16 20:40</String></property></stereotype></appliedStereotype><visibility humanName="Visibilité">public</visibility></diagram></magicdraw>