<?xml version="1.0" encoding="UTF-8"?>
<magicdraw><system classType="Class" humanType="System" icon="SysML - BGR-300_files/icon_system.jpg" id="_17_0_4_1bde048e_1434795695036_75073_13287"><TO_DO humanName="A Faire" mode="standard,expert"></TO_DO><attribute humanName="Attribut"><partproperty classType="Property" humanType="Part Property" icon="SysML - BGR-300_files/icon_partproperty.jpg" name="" refid="_17_0_4_1bde048e_1434795742226_853383_13332"/><partproperty classType="Property" humanType="Part Property" icon="SysML - BGR-300_files/icon_partproperty.jpg" name="" refid="_17_0_4_1bde048e_1434795748733_830011_13356"/><partproperty classType="Property" humanType="Part Property" icon="SysML - BGR-300_files/icon_partproperty.jpg" name="Caméras" refid="_17_0_4_1bde048e_1434795942808_773653_13451"/><partproperty classType="Property" humanType="Part Property" icon="SysML - BGR-300_files/icon_partproperty.jpg" name="capteur angulaire relatif QR 30" refid="_17_0_4_1bde048e_1434796252392_858803_13707"/><partproperty classType="Property" humanType="Part Property" icon="SysML - BGR-300_files/icon_partproperty.jpg" name="Capteur QR30" refid="_17_0_4_1bde048e_1434797527629_454886_13769"/><flowport classType="Port" humanType="Flow Port" icon="SysML - BGR-300_files/icon_flowport.jpg" name="Energie élec" refid="_17_0_4_2_b1402db_1434813644744_894020_14080"/><partproperty classType="Property" humanType="Part Property" icon="SysML - BGR-300_files/icon_partproperty.jpg" name="Gyro CRS43" refid="_17_0_4_1bde048e_1434797520471_77269_13740"/><partproperty classType="Property" humanType="Part Property" icon="SysML - BGR-300_files/icon_partproperty.jpg" name="gyromètre CRS43" refid="_17_0_4_1bde048e_1434796247908_380649_13681"/><port classType="Port" humanType="Port" icon="SysML - BGR-300_files/icon_port.jpg" name="p1" refid="_17_0_4_2_b1402db_1434812823999_168844_13605"/><flowport classType="Port" humanType="Flow Port" icon="SysML - BGR-300_files/icon_flowport.jpg" name="p2" refid="_17_0_4_2_b1402db_1434813521137_582911_14044"/><port classType="Port" humanType="Port" icon="SysML - BGR-300_files/icon_port.jpg" name="Rotation casque" refid="_17_0_4_2_b1402db_1434811146455_654965_13101"/></attribute><ownedAttribute humanName="Attribut avec Possesseur"><partproperty classType="Property" humanType="Part Property" icon="SysML - BGR-300_files/icon_partproperty.jpg" name="" refid="_17_0_4_1bde048e_1434795742226_853383_13332"/><partproperty classType="Property" humanType="Part Property" icon="SysML - BGR-300_files/icon_partproperty.jpg" name="" refid="_17_0_4_1bde048e_1434795748733_830011_13356"/><partproperty classType="Property" humanType="Part Property" icon="SysML - BGR-300_files/icon_partproperty.jpg" name="Caméras" refid="_17_0_4_1bde048e_1434795942808_773653_13451"/><partproperty classType="Property" humanType="Part Property" icon="SysML - BGR-300_files/icon_partproperty.jpg" name="capteur angulaire relatif QR 30" refid="_17_0_4_1bde048e_1434796252392_858803_13707"/><partproperty classType="Property" humanType="Part Property" icon="SysML - BGR-300_files/icon_partproperty.jpg" name="Capteur QR30" refid="_17_0_4_1bde048e_1434797527629_454886_13769"/><flowport classType="Port" humanType="Flow Port" icon="SysML - BGR-300_files/icon_flowport.jpg" name="Energie élec" refid="_17_0_4_2_b1402db_1434813644744_894020_14080"/><partproperty classType="Property" humanType="Part Property" icon="SysML - BGR-300_files/icon_partproperty.jpg" name="Gyro CRS43" refid="_17_0_4_1bde048e_1434797520471_77269_13740"/><partproperty classType="Property" humanType="Part Property" icon="SysML - BGR-300_files/icon_partproperty.jpg" name="gyromètre CRS43" refid="_17_0_4_1bde048e_1434796247908_380649_13681"/><port classType="Port" humanType="Port" icon="SysML - BGR-300_files/icon_port.jpg" name="p1" refid="_17_0_4_2_b1402db_1434812823999_168844_13605"/><flowport classType="Port" humanType="Flow Port" icon="SysML - BGR-300_files/icon_flowport.jpg" name="p2" refid="_17_0_4_2_b1402db_1434813521137_582911_14044"/><port classType="Port" humanType="Port" icon="SysML - BGR-300_files/icon_port.jpg" name="Rotation casque" refid="_17_0_4_2_b1402db_1434811146455_654965_13101"/></ownedAttribute><feature humanName="Caractéristique"><connector classType="Connector" humanType="Connecteur" icon="SysML - BGR-300_files/icon_connector.jpg" isRelationship="true" name="" refid="_17_0_4_2_b1402db_1434811976850_136451_13182"/><connector classType="Connector" humanType="Connecteur" icon="SysML - BGR-300_files/icon_connector.jpg" isRelationship="true" name="" refid="_17_0_4_2_b1402db_1434812462669_922456_13263"/><connector classType="Connector" humanType="Connecteur" icon="SysML - BGR-300_files/icon_connector.jpg" isRelationship="true" name="" refid="_17_0_4_2_b1402db_1434812518950_182176_13397"/><connector classType="Connector" humanType="Connecteur" icon="SysML - BGR-300_files/icon_connector.jpg" isRelationship="true" name="" refid="_17_0_4_2_b1402db_1434812561596_653894_13424"/><connector classType="Connector" humanType="Connecteur" icon="SysML - BGR-300_files/icon_connector.jpg" isRelationship="true" name="" refid="_17_0_4_2_b1402db_1434812743728_744959_13559"/><connector classType="Connector" humanType="Connecteur" icon="SysML - BGR-300_files/icon_connector.jpg" isRelationship="true" name="" refid="_17_0_4_2_b1402db_1434812831473_459710_13650"/><connector classType="Connector" humanType="Connecteur" icon="SysML - BGR-300_files/icon_connector.jpg" isRelationship="true" name="" refid="_17_0_4_2_b1402db_1434813249950_381217_13848"/><connector classType="Connector" humanType="Connecteur" icon="SysML - BGR-300_files/icon_connector.jpg" isRelationship="true" name="" refid="_17_0_4_2_b1402db_1434813278046_776644_13880"/><connector classType="Connector" humanType="Connecteur" icon="SysML - BGR-300_files/icon_connector.jpg" isRelationship="true" name="" refid="_17_0_4_2_b1402db_1434813327214_128018_13932"/><connector classType="Connector" humanType="Connecteur" icon="SysML - BGR-300_files/icon_connector.jpg" isRelationship="true" name="" refid="_17_0_4_2_b1402db_1434813435571_780229_13995"/><connector classType="Connector" humanType="Connecteur" icon="SysML - BGR-300_files/icon_connector.jpg" isRelationship="true" name="" refid="_17_0_4_2_b1402db_1434813528928_613845_14064"/><connector classType="Connector" humanType="Connecteur" icon="SysML - BGR-300_files/icon_connector.jpg" isRelationship="true" name="" refid="_17_0_4_2_b1402db_1434813783899_368571_14283"/><connector classType="Connector" humanType="Connecteur" icon="SysML - BGR-300_files/icon_connector.jpg" isRelationship="true" name="" refid="_17_0_4_2_b1402db_1434813787575_459285_14295"/><connector classType="Connector" humanType="Connecteur" icon="SysML - BGR-300_files/icon_connector.jpg" isRelationship="true" name="" refid="_17_0_4_2_b1402db_1434813791263_31822_14307"/><connector classType="Connector" humanType="Connecteur" icon="SysML - BGR-300_files/icon_connector.jpg" isRelationship="true" name="" refid="_17_0_4_2_b1402db_1434813795697_273571_14319"/><connector classType="Connector" humanType="Connecteur" icon="SysML - BGR-300_files/icon_connector.jpg" isRelationship="true" name="" refid="_17_0_4_2_b1402db_1434813800012_63286_14331"/><partproperty classType="Property" humanType="Part Property" icon="SysML - BGR-300_files/icon_partproperty.jpg" name="" refid="_17_0_4_1bde048e_1434795742226_853383_13332"/><partproperty classType="Property" humanType="Part Property" icon="SysML - BGR-300_files/icon_partproperty.jpg" name="" refid="_17_0_4_1bde048e_1434795748733_830011_13356"/><partproperty classType="Property" humanType="Part Property" icon="SysML - BGR-300_files/icon_partproperty.jpg" name="Caméras" refid="_17_0_4_1bde048e_1434795942808_773653_13451"/><partproperty classType="Property" humanType="Part Property" icon="SysML - BGR-300_files/icon_partproperty.jpg" name="capteur angulaire relatif QR 30" refid="_17_0_4_1bde048e_1434796252392_858803_13707"/><partproperty classType="Property" humanType="Part Property" icon="SysML - BGR-300_files/icon_partproperty.jpg" name="Capteur QR30" refid="_17_0_4_1bde048e_1434797527629_454886_13769"/><flowport classType="Port" humanType="Flow Port" icon="SysML - BGR-300_files/icon_flowport.jpg" name="Energie élec" refid="_17_0_4_2_b1402db_1434813644744_894020_14080"/><partproperty classType="Property" humanType="Part Property" icon="SysML - BGR-300_files/icon_partproperty.jpg" name="Gyro CRS43" refid="_17_0_4_1bde048e_1434797520471_77269_13740"/><partproperty classType="Property" humanType="Part Property" icon="SysML - BGR-300_files/icon_partproperty.jpg" name="gyromètre CRS43" refid="_17_0_4_1bde048e_1434796247908_380649_13681"/><port classType="Port" humanType="Port" icon="SysML - BGR-300_files/icon_port.jpg" name="p1" refid="_17_0_4_2_b1402db_1434812823999_168844_13605"/><flowport classType="Port" humanType="Flow Port" icon="SysML - BGR-300_files/icon_flowport.jpg" name="p2" refid="_17_0_4_2_b1402db_1434813521137_582911_14044"/><port classType="Port" humanType="Port" icon="SysML - BGR-300_files/icon_port.jpg" name="Rotation casque" refid="_17_0_4_2_b1402db_1434811146455_654965_13101"/></feature><ownedConnector humanName="Connecteur avec Possesseur"><connector classType="Connector" humanType="Connecteur" icon="SysML - BGR-300_files/icon_connector.jpg" isRelationship="true" name="" refid="_17_0_4_2_b1402db_1434811976850_136451_13182"/><connector classType="Connector" humanType="Connecteur" icon="SysML - BGR-300_files/icon_connector.jpg" isRelationship="true" name="" refid="_17_0_4_2_b1402db_1434812462669_922456_13263"/><connector classType="Connector" humanType="Connecteur" icon="SysML - BGR-300_files/icon_connector.jpg" isRelationship="true" name="" refid="_17_0_4_2_b1402db_1434812518950_182176_13397"/><connector classType="Connector" humanType="Connecteur" icon="SysML - BGR-300_files/icon_connector.jpg" isRelationship="true" name="" refid="_17_0_4_2_b1402db_1434812561596_653894_13424"/><connector classType="Connector" humanType="Connecteur" icon="SysML - BGR-300_files/icon_connector.jpg" isRelationship="true" name="" refid="_17_0_4_2_b1402db_1434812743728_744959_13559"/><connector classType="Connector" humanType="Connecteur" icon="SysML - BGR-300_files/icon_connector.jpg" isRelationship="true" name="" refid="_17_0_4_2_b1402db_1434812831473_459710_13650"/><connector classType="Connector" humanType="Connecteur" icon="SysML - BGR-300_files/icon_connector.jpg" isRelationship="true" name="" refid="_17_0_4_2_b1402db_1434813249950_381217_13848"/><connector classType="Connector" humanType="Connecteur" icon="SysML - BGR-300_files/icon_connector.jpg" isRelationship="true" name="" refid="_17_0_4_2_b1402db_1434813278046_776644_13880"/><connector classType="Connector" humanType="Connecteur" icon="SysML - BGR-300_files/icon_connector.jpg" isRelationship="true" name="" refid="_17_0_4_2_b1402db_1434813327214_128018_13932"/><connector classType="Connector" humanType="Connecteur" icon="SysML - BGR-300_files/icon_connector.jpg" isRelationship="true" name="" refid="_17_0_4_2_b1402db_1434813435571_780229_13995"/><connector classType="Connector" humanType="Connecteur" icon="SysML - BGR-300_files/icon_connector.jpg" isRelationship="true" name="" refid="_17_0_4_2_b1402db_1434813528928_613845_14064"/><connector classType="Connector" humanType="Connecteur" icon="SysML - BGR-300_files/icon_connector.jpg" isRelationship="true" name="" refid="_17_0_4_2_b1402db_1434813783899_368571_14283"/><connector classType="Connector" humanType="Connecteur" icon="SysML - BGR-300_files/icon_connector.jpg" isRelationship="true" name="" refid="_17_0_4_2_b1402db_1434813787575_459285_14295"/><connector classType="Connector" humanType="Connecteur" icon="SysML - BGR-300_files/icon_connector.jpg" isRelationship="true" name="" refid="_17_0_4_2_b1402db_1434813791263_31822_14307"/><connector classType="Connector" humanType="Connecteur" icon="SysML - BGR-300_files/icon_connector.jpg" isRelationship="true" name="" refid="_17_0_4_2_b1402db_1434813795697_273571_14319"/><connector classType="Connector" humanType="Connecteur" icon="SysML - BGR-300_files/icon_connector.jpg" isRelationship="true" name="" refid="_17_0_4_2_b1402db_1434813800012_63286_14331"/></ownedConnector><ownedElement humanName="Elément avec Possesseur"><instancespecification classType="InstanceSpecification" humanType="Spécification d'Instance" icon="SysML - BGR-300_files/icon_instancespecification.jpg" name="" refid="_17_0_4_1bde048e_1434795712601_888118_13327"/><partproperty classType="Property" humanType="Part Property" icon="SysML - BGR-300_files/icon_partproperty.jpg" name="" refid="_17_0_4_1bde048e_1434795742226_853383_13332"/><partproperty classType="Property" humanType="Part Property" icon="SysML - BGR-300_files/icon_partproperty.jpg" name="" refid="_17_0_4_1bde048e_1434795748733_830011_13356"/><connector classType="Connector" humanType="Connecteur" icon="SysML - BGR-300_files/icon_connector.jpg" isRelationship="true" name="" refid="_17_0_4_2_b1402db_1434811976850_136451_13182"/><connector classType="Connector" humanType="Connecteur" icon="SysML - BGR-300_files/icon_connector.jpg" isRelationship="true" name="" refid="_17_0_4_2_b1402db_1434812462669_922456_13263"/><connector classType="Connector" humanType="Connecteur" icon="SysML - BGR-300_files/icon_connector.jpg" isRelationship="true" name="" refid="_17_0_4_2_b1402db_1434812518950_182176_13397"/><connector classType="Connector" humanType="Connecteur" icon="SysML - BGR-300_files/icon_connector.jpg" isRelationship="true" name="" refid="_17_0_4_2_b1402db_1434812561596_653894_13424"/><connector classType="Connector" humanType="Connecteur" icon="SysML - BGR-300_files/icon_connector.jpg" isRelationship="true" name="" refid="_17_0_4_2_b1402db_1434812743728_744959_13559"/><connector classType="Connector" humanType="Connecteur" icon="SysML - BGR-300_files/icon_connector.jpg" isRelationship="true" name="" refid="_17_0_4_2_b1402db_1434812831473_459710_13650"/><connector classType="Connector" humanType="Connecteur" icon="SysML - BGR-300_files/icon_connector.jpg" isRelationship="true" name="" refid="_17_0_4_2_b1402db_1434813249950_381217_13848"/><connector classType="Connector" humanType="Connecteur" icon="SysML - BGR-300_files/icon_connector.jpg" isRelationship="true" name="" refid="_17_0_4_2_b1402db_1434813278046_776644_13880"/><connector classType="Connector" humanType="Connecteur" icon="SysML - BGR-300_files/icon_connector.jpg" isRelationship="true" name="" refid="_17_0_4_2_b1402db_1434813327214_128018_13932"/><connector classType="Connector" humanType="Connecteur" icon="SysML - BGR-300_files/icon_connector.jpg" isRelationship="true" name="" refid="_17_0_4_2_b1402db_1434813435571_780229_13995"/><connector classType="Connector" humanType="Connecteur" icon="SysML - BGR-300_files/icon_connector.jpg" isRelationship="true" name="" refid="_17_0_4_2_b1402db_1434813528928_613845_14064"/><connector classType="Connector" humanType="Connecteur" icon="SysML - BGR-300_files/icon_connector.jpg" isRelationship="true" name="" refid="_17_0_4_2_b1402db_1434813783899_368571_14283"/><connector classType="Connector" humanType="Connecteur" icon="SysML - BGR-300_files/icon_connector.jpg" isRelationship="true" name="" refid="_17_0_4_2_b1402db_1434813787575_459285_14295"/><connector classType="Connector" humanType="Connecteur" icon="SysML - BGR-300_files/icon_connector.jpg" isRelationship="true" name="" refid="_17_0_4_2_b1402db_1434813791263_31822_14307"/><connector classType="Connector" humanType="Connecteur" icon="SysML - BGR-300_files/icon_connector.jpg" isRelationship="true" name="" refid="_17_0_4_2_b1402db_1434813795697_273571_14319"/><connector classType="Connector" humanType="Connecteur" icon="SysML - BGR-300_files/icon_connector.jpg" isRelationship="true" name="" refid="_17_0_4_2_b1402db_1434813800012_63286_14331"/><partproperty classType="Property" humanType="Part Property" icon="SysML - BGR-300_files/icon_partproperty.jpg" name="Caméras" refid="_17_0_4_1bde048e_1434795942808_773653_13451"/><partproperty classType="Property" humanType="Part Property" icon="SysML - BGR-300_files/icon_partproperty.jpg" name="capteur angulaire relatif QR 30" refid="_17_0_4_1bde048e_1434796252392_858803_13707"/><partproperty classType="Property" humanType="Part Property" icon="SysML - BGR-300_files/icon_partproperty.jpg" name="Capteur QR30" refid="_17_0_4_1bde048e_1434797527629_454886_13769"/><flowport classType="Port" humanType="Flow Port" icon="SysML - BGR-300_files/icon_flowport.jpg" name="Energie élec" refid="_17_0_4_2_b1402db_1434813644744_894020_14080"/><partproperty classType="Property" humanType="Part Property" icon="SysML - BGR-300_files/icon_partproperty.jpg" name="Gyro CRS43" refid="_17_0_4_1bde048e_1434797520471_77269_13740"/><partproperty classType="Property" humanType="Part Property" icon="SysML - BGR-300_files/icon_partproperty.jpg" name="gyromètre CRS43" refid="_17_0_4_1bde048e_1434796247908_380649_13681"/><port classType="Port" humanType="Port" icon="SysML - BGR-300_files/icon_port.jpg" name="p1" refid="_17_0_4_2_b1402db_1434812823999_168844_13605"/><flowport classType="Port" humanType="Flow Port" icon="SysML - BGR-300_files/icon_flowport.jpg" name="p2" refid="_17_0_4_2_b1402db_1434813521137_582911_14044"/><port classType="Port" humanType="Port" icon="SysML - BGR-300_files/icon_port.jpg" name="Rotation casque" refid="_17_0_4_2_b1402db_1434811146455_654965_13101"/></ownedElement><namespace classType="Package" humanName="Espace de Nommage" humanType="Paquet" icon="SysML - BGR-300_files/icon_package.jpg" name="Divers" refid="_17_0_4_2_b1402db_1434819072685_820867_16616"/><isAbstract humanName="Est Abstrait" mode="standard,expert">false</isAbstract><isActive humanName="Est Actif" mode="standard,expert">false</isActive><isFinalSpecialization humanName="Est Final Spécialisation" mode="expert">false</isFinalSpecialization><isLeaf humanName="Est une Feuille" mode="expert">false</isLeaf><appliedStereotypeInstance classType="InstanceSpecification" humanName="Instance de Stéréotype Appliqué" humanType="Spécification d'Instance" icon="SysML - BGR-300_files/icon_instancespecification.jpg" name="" refid="_17_0_4_1bde048e_1434795712601_888118_13327"/><member humanName="Membre"><partproperty classType="Property" humanType="Part Property" icon="SysML - BGR-300_files/icon_partproperty.jpg" name="" refid="_17_0_4_1bde048e_1434795742226_853383_13332"/><partproperty classType="Property" humanType="Part Property" icon="SysML - BGR-300_files/icon_partproperty.jpg" name="" refid="_17_0_4_1bde048e_1434795748733_830011_13356"/><connector classType="Connector" humanType="Connecteur" icon="SysML - BGR-300_files/icon_connector.jpg" isRelationship="true" name="" refid="_17_0_4_2_b1402db_1434811976850_136451_13182"/><connector classType="Connector" humanType="Connecteur" icon="SysML - BGR-300_files/icon_connector.jpg" isRelationship="true" name="" refid="_17_0_4_2_b1402db_1434812462669_922456_13263"/><connector classType="Connector" humanType="Connecteur" icon="SysML - BGR-300_files/icon_connector.jpg" isRelationship="true" name="" refid="_17_0_4_2_b1402db_1434812518950_182176_13397"/><connector classType="Connector" humanType="Connecteur" icon="SysML - BGR-300_files/icon_connector.jpg" isRelationship="true" name="" refid="_17_0_4_2_b1402db_1434812561596_653894_13424"/><connector classType="Connector" humanType="Connecteur" icon="SysML - BGR-300_files/icon_connector.jpg" isRelationship="true" name="" refid="_17_0_4_2_b1402db_1434812743728_744959_13559"/><connector classType="Connector" humanType="Connecteur" icon="SysML - BGR-300_files/icon_connector.jpg" isRelationship="true" name="" refid="_17_0_4_2_b1402db_1434812831473_459710_13650"/><connector classType="Connector" humanType="Connecteur" icon="SysML - BGR-300_files/icon_connector.jpg" isRelationship="true" name="" refid="_17_0_4_2_b1402db_1434813249950_381217_13848"/><connector classType="Connector" humanType="Connecteur" icon="SysML - BGR-300_files/icon_connector.jpg" isRelationship="true" name="" refid="_17_0_4_2_b1402db_1434813278046_776644_13880"/><connector classType="Connector" humanType="Connecteur" icon="SysML - BGR-300_files/icon_connector.jpg" isRelationship="true" name="" refid="_17_0_4_2_b1402db_1434813327214_128018_13932"/><connector classType="Connector" humanType="Connecteur" icon="SysML - BGR-300_files/icon_connector.jpg" isRelationship="true" name="" refid="_17_0_4_2_b1402db_1434813435571_780229_13995"/><connector classType="Connector" humanType="Connecteur" icon="SysML - BGR-300_files/icon_connector.jpg" isRelationship="true" name="" refid="_17_0_4_2_b1402db_1434813528928_613845_14064"/><connector classType="Connector" humanType="Connecteur" icon="SysML - BGR-300_files/icon_connector.jpg" isRelationship="true" name="" refid="_17_0_4_2_b1402db_1434813783899_368571_14283"/><connector classType="Connector" humanType="Connecteur" icon="SysML - BGR-300_files/icon_connector.jpg" isRelationship="true" name="" refid="_17_0_4_2_b1402db_1434813787575_459285_14295"/><connector classType="Connector" humanType="Connecteur" icon="SysML - BGR-300_files/icon_connector.jpg" isRelationship="true" name="" refid="_17_0_4_2_b1402db_1434813791263_31822_14307"/><connector classType="Connector" humanType="Connecteur" icon="SysML - BGR-300_files/icon_connector.jpg" isRelationship="true" name="" refid="_17_0_4_2_b1402db_1434813795697_273571_14319"/><connector classType="Connector" humanType="Connecteur" icon="SysML - BGR-300_files/icon_connector.jpg" isRelationship="true" name="" refid="_17_0_4_2_b1402db_1434813800012_63286_14331"/><partproperty classType="Property" humanType="Part Property" icon="SysML - BGR-300_files/icon_partproperty.jpg" name="Caméras" refid="_17_0_4_1bde048e_1434795942808_773653_13451"/><partproperty classType="Property" humanType="Part Property" icon="SysML - BGR-300_files/icon_partproperty.jpg" name="capteur angulaire relatif QR 30" refid="_17_0_4_1bde048e_1434796252392_858803_13707"/><partproperty classType="Property" humanType="Part Property" icon="SysML - BGR-300_files/icon_partproperty.jpg" name="Capteur QR30" refid="_17_0_4_1bde048e_1434797527629_454886_13769"/><flowport classType="Port" humanType="Flow Port" icon="SysML - BGR-300_files/icon_flowport.jpg" name="Energie élec" refid="_17_0_4_2_b1402db_1434813644744_894020_14080"/><partproperty classType="Property" humanType="Part Property" icon="SysML - BGR-300_files/icon_partproperty.jpg" name="Gyro CRS43" refid="_17_0_4_1bde048e_1434797520471_77269_13740"/><partproperty classType="Property" humanType="Part Property" icon="SysML - BGR-300_files/icon_partproperty.jpg" name="gyromètre CRS43" refid="_17_0_4_1bde048e_1434796247908_380649_13681"/><port classType="Port" humanType="Port" icon="SysML - BGR-300_files/icon_port.jpg" name="p1" refid="_17_0_4_2_b1402db_1434812823999_168844_13605"/><flowport classType="Port" humanType="Flow Port" icon="SysML - BGR-300_files/icon_flowport.jpg" name="p2" refid="_17_0_4_2_b1402db_1434813521137_582911_14044"/><port classType="Port" humanType="Port" icon="SysML - BGR-300_files/icon_port.jpg" name="Rotation casque" refid="_17_0_4_2_b1402db_1434811146455_654965_13101"/></member><ownedMember humanName="Membre avec Possesseur"><partproperty classType="Property" humanType="Part Property" icon="SysML - BGR-300_files/icon_partproperty.jpg" name="" refid="_17_0_4_1bde048e_1434795742226_853383_13332"/><partproperty classType="Property" humanType="Part Property" icon="SysML - BGR-300_files/icon_partproperty.jpg" name="" refid="_17_0_4_1bde048e_1434795748733_830011_13356"/><connector classType="Connector" humanType="Connecteur" icon="SysML - BGR-300_files/icon_connector.jpg" isRelationship="true" name="" refid="_17_0_4_2_b1402db_1434811976850_136451_13182"/><connector classType="Connector" humanType="Connecteur" icon="SysML - BGR-300_files/icon_connector.jpg" isRelationship="true" name="" refid="_17_0_4_2_b1402db_1434812462669_922456_13263"/><connector classType="Connector" humanType="Connecteur" icon="SysML - BGR-300_files/icon_connector.jpg" isRelationship="true" name="" refid="_17_0_4_2_b1402db_1434812518950_182176_13397"/><connector classType="Connector" humanType="Connecteur" icon="SysML - BGR-300_files/icon_connector.jpg" isRelationship="true" name="" refid="_17_0_4_2_b1402db_1434812561596_653894_13424"/><connector classType="Connector" humanType="Connecteur" icon="SysML - BGR-300_files/icon_connector.jpg" isRelationship="true" name="" refid="_17_0_4_2_b1402db_1434812743728_744959_13559"/><connector classType="Connector" humanType="Connecteur" icon="SysML - BGR-300_files/icon_connector.jpg" isRelationship="true" name="" refid="_17_0_4_2_b1402db_1434812831473_459710_13650"/><connector classType="Connector" humanType="Connecteur" icon="SysML - BGR-300_files/icon_connector.jpg" isRelationship="true" name="" refid="_17_0_4_2_b1402db_1434813249950_381217_13848"/><connector classType="Connector" humanType="Connecteur" icon="SysML - BGR-300_files/icon_connector.jpg" isRelationship="true" name="" refid="_17_0_4_2_b1402db_1434813278046_776644_13880"/><connector classType="Connector" humanType="Connecteur" icon="SysML - BGR-300_files/icon_connector.jpg" isRelationship="true" name="" refid="_17_0_4_2_b1402db_1434813327214_128018_13932"/><connector classType="Connector" humanType="Connecteur" icon="SysML - BGR-300_files/icon_connector.jpg" isRelationship="true" name="" refid="_17_0_4_2_b1402db_1434813435571_780229_13995"/><connector classType="Connector" humanType="Connecteur" icon="SysML - BGR-300_files/icon_connector.jpg" isRelationship="true" name="" refid="_17_0_4_2_b1402db_1434813528928_613845_14064"/><connector classType="Connector" humanType="Connecteur" icon="SysML - BGR-300_files/icon_connector.jpg" isRelationship="true" name="" refid="_17_0_4_2_b1402db_1434813783899_368571_14283"/><connector classType="Connector" humanType="Connecteur" icon="SysML - BGR-300_files/icon_connector.jpg" isRelationship="true" name="" refid="_17_0_4_2_b1402db_1434813787575_459285_14295"/><connector classType="Connector" humanType="Connecteur" icon="SysML - BGR-300_files/icon_connector.jpg" isRelationship="true" name="" refid="_17_0_4_2_b1402db_1434813791263_31822_14307"/><connector classType="Connector" humanType="Connecteur" icon="SysML - BGR-300_files/icon_connector.jpg" isRelationship="true" name="" refid="_17_0_4_2_b1402db_1434813795697_273571_14319"/><connector classType="Connector" humanType="Connecteur" icon="SysML - BGR-300_files/icon_connector.jpg" isRelationship="true" name="" refid="_17_0_4_2_b1402db_1434813800012_63286_14331"/><partproperty classType="Property" humanType="Part Property" icon="SysML - BGR-300_files/icon_partproperty.jpg" name="Caméras" refid="_17_0_4_1bde048e_1434795942808_773653_13451"/><partproperty classType="Property" humanType="Part Property" icon="SysML - BGR-300_files/icon_partproperty.jpg" name="capteur angulaire relatif QR 30" refid="_17_0_4_1bde048e_1434796252392_858803_13707"/><partproperty classType="Property" humanType="Part Property" icon="SysML - BGR-300_files/icon_partproperty.jpg" name="Capteur QR30" refid="_17_0_4_1bde048e_1434797527629_454886_13769"/><flowport classType="Port" humanType="Flow Port" icon="SysML - BGR-300_files/icon_flowport.jpg" name="Energie élec" refid="_17_0_4_2_b1402db_1434813644744_894020_14080"/><partproperty classType="Property" humanType="Part Property" icon="SysML - BGR-300_files/icon_partproperty.jpg" name="Gyro CRS43" refid="_17_0_4_1bde048e_1434797520471_77269_13740"/><partproperty classType="Property" humanType="Part Property" icon="SysML - BGR-300_files/icon_partproperty.jpg" name="gyromètre CRS43" refid="_17_0_4_1bde048e_1434796247908_380649_13681"/><port classType="Port" humanType="Port" icon="SysML - BGR-300_files/icon_port.jpg" name="p1" refid="_17_0_4_2_b1402db_1434812823999_168844_13605"/><flowport classType="Port" humanType="Flow Port" icon="SysML - BGR-300_files/icon_flowport.jpg" name="p2" refid="_17_0_4_2_b1402db_1434813521137_582911_14044"/><port classType="Port" humanType="Port" icon="SysML - BGR-300_files/icon_port.jpg" name="Rotation casque" refid="_17_0_4_2_b1402db_1434811146455_654965_13101"/></ownedMember><name humanName="Nom" mode="standard,expert">Boule gyrostabilisée</name><qualifiedName humanName="Nom Qualifié" mode="expert">Divers::Boule gyrostabilisée</qualifiedName><package classType="Package" humanName="Paquetage" humanType="Paquet" icon="SysML - BGR-300_files/icon_package.jpg" name="Divers" refid="_17_0_4_2_b1402db_1434819072685_820867_16616"/><owningPackage classType="Package" humanName="Paquetage de Possession" humanType="Paquet" icon="SysML - BGR-300_files/icon_package.jpg" name="Divers" refid="_17_0_4_2_b1402db_1434819072685_820867_16616"/><part humanName="Partie"><partproperty classType="Property" humanType="Part Property" icon="SysML - BGR-300_files/icon_partproperty.jpg" name="" refid="_17_0_4_1bde048e_1434795742226_853383_13332"/><partproperty classType="Property" humanType="Part Property" icon="SysML - BGR-300_files/icon_partproperty.jpg" name="" refid="_17_0_4_1bde048e_1434795748733_830011_13356"/><partproperty classType="Property" humanType="Part Property" icon="SysML - BGR-300_files/icon_partproperty.jpg" name="Caméras" refid="_17_0_4_1bde048e_1434795942808_773653_13451"/><partproperty classType="Property" humanType="Part Property" icon="SysML - BGR-300_files/icon_partproperty.jpg" name="capteur angulaire relatif QR 30" refid="_17_0_4_1bde048e_1434796252392_858803_13707"/><partproperty classType="Property" humanType="Part Property" icon="SysML - BGR-300_files/icon_partproperty.jpg" name="Capteur QR30" refid="_17_0_4_1bde048e_1434797527629_454886_13769"/><flowport classType="Port" humanType="Flow Port" icon="SysML - BGR-300_files/icon_flowport.jpg" name="Energie élec" refid="_17_0_4_2_b1402db_1434813644744_894020_14080"/><partproperty classType="Property" humanType="Part Property" icon="SysML - BGR-300_files/icon_partproperty.jpg" name="Gyro CRS43" refid="_17_0_4_1bde048e_1434797520471_77269_13740"/><partproperty classType="Property" humanType="Part Property" icon="SysML - BGR-300_files/icon_partproperty.jpg" name="gyromètre CRS43" refid="_17_0_4_1bde048e_1434796247908_380649_13681"/><port classType="Port" humanType="Port" icon="SysML - BGR-300_files/icon_port.jpg" name="p1" refid="_17_0_4_2_b1402db_1434812823999_168844_13605"/><flowport classType="Port" humanType="Flow Port" icon="SysML - BGR-300_files/icon_flowport.jpg" name="p2" refid="_17_0_4_2_b1402db_1434813521137_582911_14044"/><port classType="Port" humanType="Port" icon="SysML - BGR-300_files/icon_port.jpg" name="Rotation casque" refid="_17_0_4_2_b1402db_1434811146455_654965_13101"/></part><ownedPort humanName="Port avec Possesseur"><flowport classType="Port" humanType="Flow Port" icon="SysML - BGR-300_files/icon_flowport.jpg" name="Energie élec" refid="_17_0_4_2_b1402db_1434813644744_894020_14080"/><port classType="Port" humanType="Port" icon="SysML - BGR-300_files/icon_port.jpg" name="p1" refid="_17_0_4_2_b1402db_1434812823999_168844_13605"/><flowport classType="Port" humanType="Flow Port" icon="SysML - BGR-300_files/icon_flowport.jpg" name="p2" refid="_17_0_4_2_b1402db_1434813521137_582911_14044"/><port classType="Port" humanType="Port" icon="SysML - BGR-300_files/icon_port.jpg" name="Rotation casque" refid="_17_0_4_2_b1402db_1434811146455_654965_13101"/></ownedPort><owner classType="Package" humanName="Possesseur" humanType="Paquet" icon="SysML - BGR-300_files/icon_package.jpg" mode="standard,expert" name="Divers" refid="_17_0_4_2_b1402db_1434819072685_820867_16616"/><role humanName="Rôle"><partproperty classType="Property" humanType="Part Property" icon="SysML - BGR-300_files/icon_partproperty.jpg" name="" refid="_17_0_4_1bde048e_1434795742226_853383_13332"/><partproperty classType="Property" humanType="Part Property" icon="SysML - BGR-300_files/icon_partproperty.jpg" name="" refid="_17_0_4_1bde048e_1434795748733_830011_13356"/><partproperty classType="Property" humanType="Part Property" icon="SysML - BGR-300_files/icon_partproperty.jpg" name="Caméras" refid="_17_0_4_1bde048e_1434795942808_773653_13451"/><partproperty classType="Property" humanType="Part Property" icon="SysML - BGR-300_files/icon_partproperty.jpg" name="capteur angulaire relatif QR 30" refid="_17_0_4_1bde048e_1434796252392_858803_13707"/><partproperty classType="Property" humanType="Part Property" icon="SysML - BGR-300_files/icon_partproperty.jpg" name="Capteur QR30" refid="_17_0_4_1bde048e_1434797527629_454886_13769"/><flowport classType="Port" humanType="Flow Port" icon="SysML - BGR-300_files/icon_flowport.jpg" name="Energie élec" refid="_17_0_4_2_b1402db_1434813644744_894020_14080"/><partproperty classType="Property" humanType="Part Property" icon="SysML - BGR-300_files/icon_partproperty.jpg" name="Gyro CRS43" refid="_17_0_4_1bde048e_1434797520471_77269_13740"/><partproperty classType="Property" humanType="Part Property" icon="SysML - BGR-300_files/icon_partproperty.jpg" name="gyromètre CRS43" refid="_17_0_4_1bde048e_1434796247908_380649_13681"/><port classType="Port" humanType="Port" icon="SysML - BGR-300_files/icon_port.jpg" name="p1" refid="_17_0_4_2_b1402db_1434812823999_168844_13605"/><flowport classType="Port" humanType="Flow Port" icon="SysML - BGR-300_files/icon_flowport.jpg" name="p2" refid="_17_0_4_2_b1402db_1434813521137_582911_14044"/><port classType="Port" humanType="Port" icon="SysML - BGR-300_files/icon_port.jpg" name="Rotation casque" refid="_17_0_4_2_b1402db_1434811146455_654965_13101"/></role><APPLIED_STEREOTYPES humanName="Stéréotype Appliqué" mode="expert"><stereotype classType="Stereotype" humanType="Stéréotype" icon="SysML - BGR-300_files/icon_stereotype.jpg" name="System" refid="_12_1_8740266_1172578094265_375361_1577"/></APPLIED_STEREOTYPES><appliedStereotype humanName="Stéréotype Appliqué" mode="expert"><stereotype classType="Stereotype" humanType="Stéréotype" icon="SysML - BGR-300_files/icon_stereotype.jpg" name="System" refid="_12_1_8740266_1172578094265_375361_1577"><property classType="Property" humanName="base_Class" humanType="Propriété" icon="SysML - BGR-300_files/icon_property.jpg" name="base_Class" refid="_11_5EAPbeta_be00301_1147424181797_326831_961"/><property classType="Property" humanName="base_Class" humanType="Propriété" icon="SysML - BGR-300_files/icon_property.jpg" name="base_Class" refid="_12_1_8740266_1172578094296_36938_1630"/><property classType="Property" humanName="isEncapsulated" humanType="Propriété" icon="SysML - BGR-300_files/icon_property.jpg" name="isEncapsulated" refid="_11_5EAPbeta_be00301_1147424201876_860708_1049"/></stereotype></appliedStereotype><visibility humanName="Visibilité" mode="standard,expert">public</visibility></system></magicdraw>