<?xml version="1.0" encoding="UTF-8"?>
<magicdraw><slot classType="Slot" humanType="Emplacement" icon="SysML - BGR-300_files/icon_slot.jpg" id="_17_0_4_1bde048e_1474540236461_217040_6878"><TO_DO humanName="A Faire" mode="standard,expert"></TO_DO><definingFeature classType="Property" humanName="Définir la Caractéristique" humanType="Propriété" icon="SysML - BGR-300_files/icon_property.jpg" mode="standard,expert" name="Modification date" refid="_be00301_1073394345322_922552_1"/><ownedElement humanName="Elément avec Possesseur"><literalstring classType="LiteralString" humanType="Littéral Chaîne de Caractères" icon="SysML - BGR-300_files/icon_literalstring.jpg" name="" refid="_17_0_4_1bde048e_1474540236462_743599_6879" text="20/06/15 18:51"/></ownedElement><owningInstance classType="InstanceSpecification" humanName="Instance de Possession" humanType="Spécification d'Instance" icon="SysML - BGR-300_files/icon_instancespecification.jpg" name="" refid="_17_0_4_1bde048e_1434795525085_150121_13062"/><owner classType="InstanceSpecification" humanName="Possesseur" humanType="Spécification d'Instance" icon="SysML - BGR-300_files/icon_instancespecification.jpg" mode="standard,expert" name="" refid="_17_0_4_1bde048e_1434795525085_150121_13062"/><value humanName="Valeur" mode="standard,expert"><literalstring classType="LiteralString" humanType="Littéral Chaîne de Caractères" icon="SysML - BGR-300_files/icon_literalstring.jpg" name="" refid="_17_0_4_1bde048e_1474540236462_743599_6879" text="20/06/15 18:51"/></value></slot></magicdraw>