<?xml version="1.0" encoding="UTF-8"?>
<magicdraw><instancevalue classType="InstanceValue" humanType="Valeur d'Instance" icon="SysML - BGR-300_files/icon_instancevalue.jpg" id="_17_0_4_1bde048e_1474540236439_312276_6767"><TO_DO humanName="A Faire"></TO_DO><owningSlot classType="Slot" humanName="Emplacement de Possession" humanType="Emplacement" icon="SysML - BGR-300_files/icon_slot.jpg" refid="_17_0_4_1bde048e_1474540236438_711466_6766"/><instance classType="EnumerationLiteral" humanName="Instance" humanType="Littéral d'Enumération" icon="SysML - BGR-300_files/icon_enumerationliteral.jpg" mode="standard,expert" name="Normal" refid="_be00301_1066820307541_976329_94"/><name humanName="Nom"></name><qualifiedName humanName="Nom Qualifié" mode="expert">Divers::Obtenir une image nette et indépendante des mouvements de l'hélicoptère::::</qualifiedName><owner classType="Slot" humanName="Possesseur" humanType="Emplacement" icon="SysML - BGR-300_files/icon_slot.jpg" refid="_17_0_4_1bde048e_1474540236438_711466_6766"/><text humanName="Text" mode="standard">Normal</text><TYPE_MODIFIER humanName="Type de Modificateur"></TYPE_MODIFIER><visibility humanName="Visibilité">public</visibility></instancevalue></magicdraw>