<?xml version="1.0" encoding="UTF-8"?>
<magicdraw><literalstring classType="LiteralString" humanType="Littéral Chaîne de Caractères" icon="SysML - BGR-300_files/icon_literalstring.jpg" id="_17_0_4_1bde048e_1433745222154_819802_12938"><TO_DO humanName="A Faire"></TO_DO><name humanName="Nom"></name><qualifiedName humanName="Nom Qualifié">Etage boule (gros)::Moteur CC::Référence::</qualifiedName><owner classType="Property" humanName="Possesseur" humanType="Reference Property" icon="SysML - BGR-300_files/icon_referenceproperty.jpg" mode="expert" name="Référence" refid="_17_0_4_1bde048e_1433745208985_284053_12935"/><owningProperty classType="Property" humanName="Propriété de Possession" humanType="Reference Property" icon="SysML - BGR-300_files/icon_referenceproperty.jpg" name="Référence" refid="_17_0_4_1bde048e_1433745208985_284053_12935"/><text humanName="Text" mode="standard">Maxon RE025G</text><TYPE_MODIFIER humanName="Type de Modificateur"></TYPE_MODIFIER><value humanName="Valeur" mode="standard,expert">Maxon RE025G</value><visibility humanName="Visibilité">public</visibility></literalstring></magicdraw>