<?xml version="1.0" encoding="UTF-8"?>
<magicdraw><instancespecification classType="InstanceSpecification" humanType="Spécification d'Instance" icon="SysML - BGR-300_files/icon_instancespecification.jpg" id="_17_0_4_1bde048e_1432805549542_38878_11331"><TO_DO humanName="A Faire" mode="standard,expert"></TO_DO><classifier humanName="Classificateur" mode="standard,expert"><stereotype classType="Stereotype" humanType="Stéréotype" icon="SysML - BGR-300_files/icon_stereotype.jpg" name="Requirement" refid="_11_5EAPbeta_be00301_1147873190330_159934_2220"/></classifier><ownedElement humanName="Elément avec Possesseur"><slot classType="Slot" humanType="Emplacement" icon="SysML - BGR-300_files/icon_slot.jpg" refid="_17_0_4_1bde048e_1474540236510_781985_7100"/><slot classType="Slot" humanType="Emplacement" icon="SysML - BGR-300_files/icon_slot.jpg" refid="_17_0_4_1bde048e_1474540236510_591390_7102"/></ownedElement><stereotypedElement classType="Class" humanName="Elément Stéréotypé" humanType="Requirement" icon="SysML - BGR-300_files/icon_requirement.jpg" name="Perturbations dynamiques du vol" refid="_17_0_4_1bde048e_1432805549542_692769_11330"/><slot humanName="Emplacement"><slot classType="Slot" humanType="Emplacement" icon="SysML - BGR-300_files/icon_slot.jpg" refid="_17_0_4_1bde048e_1474540236510_781985_7100"/><slot classType="Slot" humanType="Emplacement" icon="SysML - BGR-300_files/icon_slot.jpg" refid="_17_0_4_1bde048e_1474540236510_591390_7102"/></slot><name humanName="Nom" mode="standard,expert"></name><qualifiedName humanName="Nom Qualifié" mode="expert">Divers::Exigence globale::Exigences fonctionnelles::Sensibilité aux perturbations::Perturbations dynamiques du vol::</qualifiedName><owner classType="Class" humanName="Possesseur" humanType="Requirement" icon="SysML - BGR-300_files/icon_requirement.jpg" mode="standard,expert" name="Perturbations dynamiques du vol" refid="_17_0_4_1bde048e_1432805549542_692769_11330"/><visibility humanName="Visibilité">public</visibility></instancespecification></magicdraw>