<?xml version="1.0" encoding="UTF-8"?>
<magicdraw><referenceproperty classType="Property" humanType="Reference Property" icon="SysML - BGR-300_files/icon_referenceproperty.jpg" id="_17_0_4_1bde048e_1433745097056_921690_12885"><TO_DO humanName="A Faire" mode="standard,expert"></TO_DO><aggregation humanName="Agrégation" mode="standard,expert">none</aggregation><featuringClassifier humanName="Caractérise le Classificateur"><block classType="Class" humanType="Block" icon="SysML - BGR-300_files/icon_block.jpg" name="Carte EPOS" refid="_17_0_4_1bde048e_1433744968872_506602_12845"/></featuringClassifier><UMLClass classType="Class" humanName="Classe" humanType="Block" icon="SysML - BGR-300_files/icon_block.jpg" name="Carte EPOS" refid="_17_0_4_1bde048e_1433744968872_506602_12845"/><classifier classType="Class" humanName="Classificateur" humanType="Block" icon="SysML - BGR-300_files/icon_block.jpg" name="Carte EPOS" refid="_17_0_4_1bde048e_1433744968872_506602_12845"/><default humanName="Défaut">Maxon EPOS2</default><ownedElement humanName="Elément avec Possesseur"><instancespecification classType="InstanceSpecification" humanType="Spécification d'Instance" icon="SysML - BGR-300_files/icon_instancespecification.jpg" name="" refid="_17_0_4_1bde048e_1433745097059_751108_12886"/><literalstring classType="LiteralString" humanType="Littéral Chaîne de Caractères" icon="SysML - BGR-300_files/icon_literalstring.jpg" name="" refid="_17_0_4_1bde048e_1433745136497_795638_12888" text="Maxon EPOS2"/></ownedElement><namespace classType="Class" humanName="Espace de Nommage" humanType="Block" icon="SysML - BGR-300_files/icon_block.jpg" name="Carte EPOS" refid="_17_0_4_1bde048e_1433744968872_506602_12845"/><isComposite humanName="Est Composite">false</isComposite><isDerived humanName="Est Dérivé" mode="standard,expert">false</isDerived><isReadOnly humanName="Est en Lecture Seulement" mode="standard,expert">false</isReadOnly><isID humanName="Est ID" mode="expert">false</isID><isOrdered humanName="Est Ordonné" mode="expert">false</isOrdered><isStatic humanName="Est Statique" mode="standard,expert">false</isStatic><isLeaf humanName="Est une Feuille">false</isLeaf><isDerivedUnion humanName="Est une Union Dérivée" mode="expert">false</isDerivedUnion><isUnique humanName="Est Unique" mode="expert">true</isUnique><appliedStereotypeInstance classType="InstanceSpecification" humanName="Instance de Stéréotype Appliqué" humanType="Spécification d'Instance" icon="SysML - BGR-300_files/icon_instancespecification.jpg" name="" refid="_17_0_4_1bde048e_1433745097059_751108_12886"/><multiplicity humanName="Multiplicité" mode="standard,expert"></multiplicity><navigable humanName="Navigable" mode="expert">true</navigable><name humanName="Nom" mode="standard,expert">Référence</name><qualifiedName humanName="Nom Qualifié" mode="expert">Etage boule (gros)::Carte EPOS::Référence</qualifiedName><lower humanName="Plus bas">1</lower><owner classType="Class" humanName="Possesseur" humanType="Block" icon="SysML - BGR-300_files/icon_block.jpg" name="Carte EPOS" refid="_17_0_4_1bde048e_1433744968872_506602_12845"/><ownedBy classType="Class" humanName="Possédé par" humanType="Block" icon="SysML - BGR-300_files/icon_block.jpg" mode="standard,expert" name="Carte EPOS" refid="_17_0_4_1bde048e_1433744968872_506602_12845"/><redefinitionContext humanName="Redéfinition de Contexte"><block classType="Class" humanType="Block" icon="SysML - BGR-300_files/icon_block.jpg" name="Carte EPOS" refid="_17_0_4_1bde048e_1433744968872_506602_12845"/></redefinitionContext><APPLIED_STEREOTYPES humanName="Stéréotype Appliqué" mode="standard,expert"><stereotype classType="Stereotype" humanType="Stéréotype" icon="SysML - BGR-300_files/icon_stereotype.jpg" name="ReferenceProperty" refid="_15_0_be00301_1199378032543_992832_3096"/></APPLIED_STEREOTYPES><appliedStereotype humanName="Stéréotype Appliqué" mode="standard,expert"><stereotype classType="Stereotype" humanType="Stéréotype" icon="SysML - BGR-300_files/icon_stereotype.jpg" name="ReferenceProperty" refid="_15_0_be00301_1199378032543_992832_3096"><property classType="Property" humanName="base_Element" humanType="Propriété" icon="SysML - BGR-300_files/icon_property.jpg" name="base_Element" refid="_10_0EAPbeta_be00301_1123081772098_411862_275"/><property classType="Property" humanName="base_Property" humanType="Propriété" icon="SysML - BGR-300_files/icon_property.jpg" name="base_Property" refid="_15_0_be00301_1199377823726_427483_2897"/><property classType="Property" humanName="base_Property" humanType="Propriété" icon="SysML - BGR-300_files/icon_property.jpg" name="base_Property" refid="_15_0_be00301_1199378034525_138530_3099"/><property classType="Property" humanName="base_Property" humanType="Propriété" icon="SysML - BGR-300_files/icon_property.jpg" name="base_Property" refid="_11_5EAPbeta_be00301_1147424449672_715796_1055"/></stereotype></appliedStereotype><upper humanName="Supérieur">1</upper><TYPE_MODIFIER humanName="Type de Modificateur" mode="expert"></TYPE_MODIFIER><defaultValue classType="LiteralString" humanName="Valeur par Défaut" humanType="Littéral Chaîne de Caractères" icon="SysML - BGR-300_files/icon_literalstring.jpg" mode="standard,expert" name="" refid="_17_0_4_1bde048e_1433745136497_795638_12888" text="Maxon EPOS2"/><visibility humanName="Visibilité" mode="expert">public</visibility></referenceproperty></magicdraw>