<?xml version="1.0" encoding="UTF-8"?>
<magicdraw><instancespecification classType="InstanceSpecification" humanType="Spécification d'Instance" icon="SysML - BGR-300_files/icon_instancespecification.jpg" id="_17_0_4_1bde048e_1432881698701_498244_11699"><TO_DO humanName="A Faire" mode="standard,expert"></TO_DO><classifier humanName="Classificateur" mode="standard,expert"><stereotype classType="Stereotype" humanType="Stéréotype" icon="SysML - BGR-300_files/icon_stereotype.jpg" name="ValueProperty" refid="_12_0_be00301_1164123483951_695645_2041"/></classifier><stereotypedElement classType="Property" humanName="Elément Stéréotypé" humanType="Value Property" icon="SysML - BGR-300_files/icon_valueproperty.jpg" name="Tension nominale" refid="_17_0_4_1bde048e_1432881698700_238133_11698"/><name humanName="Nom" mode="standard,expert"></name><qualifiedName humanName="Nom Qualifié" mode="expert">Etage optique (fin)::Moteur CC::Tension nominale::</qualifiedName><owner classType="Property" humanName="Possesseur" humanType="Value Property" icon="SysML - BGR-300_files/icon_valueproperty.jpg" mode="standard,expert" name="Tension nominale" refid="_17_0_4_1bde048e_1432881698700_238133_11698"/><visibility humanName="Visibilité">public</visibility></instancespecification></magicdraw>