<?xml version="1.0" encoding="UTF-8"?>
<magicdraw><literalstring classType="LiteralString" humanType="Littéral Chaîne de Caractères" icon="SysML - BGR-300_files/icon_literalstring.jpg" id="_17_0_4_1bde048e_1433745329625_449932_12996"><TO_DO humanName="A Faire"></TO_DO><name humanName="Nom"></name><qualifiedName humanName="Nom Qualifié">Etage boule (gros)::Réducteur::Rapport de transmission r1::</qualifiedName><owner classType="Property" humanName="Possesseur" humanType="Value Property" icon="SysML - BGR-300_files/icon_valueproperty.jpg" mode="expert" name="Rapport de transmission r1" refid="_17_0_4_1bde048e_1433745316824_116784_12993"/><owningProperty classType="Property" humanName="Propriété de Possession" humanType="Value Property" icon="SysML - BGR-300_files/icon_valueproperty.jpg" name="Rapport de transmission r1" refid="_17_0_4_1bde048e_1433745316824_116784_12993"/><text humanName="Text" mode="standard">50.89:1</text><TYPE_MODIFIER humanName="Type de Modificateur"></TYPE_MODIFIER><value humanName="Valeur" mode="standard,expert">50.89:1</value><visibility humanName="Visibilité">public</visibility></literalstring></magicdraw>