<?xml version="1.0" encoding="UTF-8"?>
<magicdraw><instancespecification classType="InstanceSpecification" humanType="Spécification d'Instance" icon="SysML - BGR-300_files/icon_instancespecification.jpg" id="_17_0_4_1bde048e_1434793586235_706872_12708"><TO_DO humanName="A Faire" mode="standard,expert"></TO_DO><classifier humanName="Classificateur" mode="standard,expert"><stereotype classType="Stereotype" humanType="Stéréotype" icon="SysML - BGR-300_files/icon_stereotype.jpg" name="requirementUseCase" refid="_9_0_2_be00301_1112960475215_37141_0"/></classifier><ownedElement humanName="Elément avec Possesseur"><slot classType="Slot" humanType="Emplacement" icon="SysML - BGR-300_files/icon_slot.jpg" refid="_17_0_4_1bde048e_1474540236438_696899_6764"/><slot classType="Slot" humanType="Emplacement" icon="SysML - BGR-300_files/icon_slot.jpg" refid="_17_0_4_1bde048e_1474540236438_711466_6766"/><slot classType="Slot" humanType="Emplacement" icon="SysML - BGR-300_files/icon_slot.jpg" refid="_17_0_4_1bde048e_1474540236439_633454_6768"/><slot classType="Slot" humanType="Emplacement" icon="SysML - BGR-300_files/icon_slot.jpg" refid="_17_0_4_1bde048e_1474540236440_893849_6770"/></ownedElement><stereotypedElement classType="UseCase" humanName="Elément Stéréotypé" humanType="Cas d'Utilisation" icon="SysML - BGR-300_files/icon_usecase.jpg" name="Obtenir une image nette et indépendante des mouvements de l'hélicoptère" refid="_17_0_4_1bde048e_1434793586166_49031_12696"/><slot humanName="Emplacement"><slot classType="Slot" humanType="Emplacement" icon="SysML - BGR-300_files/icon_slot.jpg" refid="_17_0_4_1bde048e_1474540236438_696899_6764"/><slot classType="Slot" humanType="Emplacement" icon="SysML - BGR-300_files/icon_slot.jpg" refid="_17_0_4_1bde048e_1474540236438_711466_6766"/><slot classType="Slot" humanType="Emplacement" icon="SysML - BGR-300_files/icon_slot.jpg" refid="_17_0_4_1bde048e_1474540236439_633454_6768"/><slot classType="Slot" humanType="Emplacement" icon="SysML - BGR-300_files/icon_slot.jpg" refid="_17_0_4_1bde048e_1474540236440_893849_6770"/></slot><name humanName="Nom" mode="standard,expert"></name><qualifiedName humanName="Nom Qualifié" mode="expert">Divers::Obtenir une image nette et indépendante des mouvements de l'hélicoptère::</qualifiedName><owner classType="UseCase" humanName="Possesseur" humanType="Cas d'Utilisation" icon="SysML - BGR-300_files/icon_usecase.jpg" mode="standard,expert" name="Obtenir une image nette et indépendante des mouvements de l'hélicoptère" refid="_17_0_4_1bde048e_1434793586166_49031_12696"/><visibility humanName="Visibilité">public</visibility></instancespecification></magicdraw>