<?xml version="1.0" encoding="UTF-8"?>
<magicdraw><instancevalue classType="InstanceValue" humanType="Valeur d'Instance" icon="SysML - BGR-300_files/icon_instancevalue.jpg" id="_17_0_4_1bde048e_1474540236444_836629_6791"><TO_DO humanName="A Faire"></TO_DO><owningSlot classType="Slot" humanName="Emplacement de Possession" humanType="Emplacement" icon="SysML - BGR-300_files/icon_slot.jpg" refid="_17_0_4_1bde048e_1474540236443_169332_6790"/><instance classType="EnumerationLiteral" humanName="Instance" humanType="Littéral d'Enumération" icon="SysML - BGR-300_files/icon_enumerationliteral.jpg" mode="standard,expert" name="out" refid="_11_0_be00301_1147682911522_704155_3"/><name humanName="Nom"></name><qualifiedName humanName="Nom Qualifié" mode="expert">Etage boule (gros)::Etage boule (gros)::Position axe boule::::</qualifiedName><owner classType="Slot" humanName="Possesseur" humanType="Emplacement" icon="SysML - BGR-300_files/icon_slot.jpg" refid="_17_0_4_1bde048e_1474540236443_169332_6790"/><text humanName="Text" mode="standard">out</text><TYPE_MODIFIER humanName="Type de Modificateur"></TYPE_MODIFIER><visibility humanName="Visibilité">public</visibility></instancevalue></magicdraw>