<?xml version="1.0" encoding="UTF-8"?>
<magicdraw><diagram classType="Diagram" diagramType="SysML Block Definition Diagram" height="414" humanType="Diagramme" icon="SysML - BGR-300_files/icon_SysML Block Definition Diagram.jpg" id="_17_0_4_1bde048e_1434795525063_622956_13051" src="SysML - BGR-300_files/_17_0_4_1bde048e_1434795525063_622956_13051.jpg" width="714"><TO_DO humanName="A Faire" mode="standard,expert"></TO_DO><ownedElement humanName="Elément avec Possesseur"><instancespecification classType="InstanceSpecification" humanType="Spécification d'Instance" icon="SysML - BGR-300_files/icon_instancespecification.jpg" name="" refid="_17_0_4_1bde048e_1434795525085_150121_13062"/></ownedElement><appliedStereotypeInstance classType="InstanceSpecification" humanName="Instance de Stéréotype Appliqué" humanType="Spécification d'Instance" icon="SysML - BGR-300_files/icon_instancespecification.jpg" name="" refid="_17_0_4_1bde048e_1434795525085_150121_13062"/><map><area name="Part Property " refid="_17_0_4_1bde048e_1434795742226_853383_13332" shape="rect"><point x="195" y="137"/><point x="206" y="137"/><point x="206" y="148"/><point x="195" y="148"/></area><area name="Propriété " refid="_17_0_4_1bde048e_1434795742227_947520_13333" shape="rect"><point x="270" y="65"/><point x="281" y="65"/><point x="281" y="76"/><point x="270" y="76"/></area><area name="Part Property " refid="_17_0_4_1bde048e_1434795748733_830011_13356" shape="rect"><point x="426" y="144"/><point x="437" y="144"/><point x="437" y="155"/><point x="426" y="155"/></area><area name="Propriété " refid="_17_0_4_1bde048e_1434795748734_492139_13357" shape="rect"><point x="426" y="126"/><point x="437" y="126"/><point x="437" y="137"/><point x="426" y="137"/></area><area name="Part Property Caméras" refid="_17_0_4_1bde048e_1434795942808_773653_13451" shape="rect"><point x="72" y="67"/><point x="83" y="67"/><point x="83" y="78"/><point x="72" y="78"/></area><area name="Propriété " refid="_17_0_4_1bde048e_1434795942808_289604_13452" shape="rect"><point x="270" y="41"/><point x="281" y="41"/><point x="281" y="52"/><point x="270" y="52"/></area><area name="Part Property gyromètre CRS43" refid="_17_0_4_1bde048e_1434796247908_380649_13681" shape="rect"><point x="550" y="83"/><point x="561" y="83"/><point x="561" y="94"/><point x="550" y="94"/></area><area name="Propriété " refid="_17_0_4_1bde048e_1434796247908_525954_13682" shape="rect"><point x="446" y="83"/><point x="457" y="83"/><point x="457" y="94"/><point x="446" y="94"/></area><area name="Part Property capteur angulaire relatif QR 30" refid="_17_0_4_1bde048e_1434796252392_858803_13707" shape="rect"><point x="314" y="284"/><point x="325" y="284"/><point x="325" y="295"/><point x="314" y="295"/></area><area name="Propriété " refid="_17_0_4_1bde048e_1434796252392_209293_13708" shape="rect"><point x="314" y="126"/><point x="325" y="126"/><point x="325" y="137"/><point x="314" y="137"/></area><area name="Association " refid="_17_0_4_1bde048e_1434795748733_956887_13355" shape="poly"><point x="432" y="153"/><point x="432" y="125"/><point x="430" y="127"/><point x="430" y="155"/></area><area name="Association " refid="_17_0_4_1bde048e_1434795742226_816222_13331" shape="poly"><point x="201" y="146"/><point x="201" y="69"/><point x="281" y="69"/><point x="279" y="71"/><point x="199" y="71"/><point x="199" y="148"/></area><area name="Association " refid="_17_0_4_1bde048e_1434796247908_811607_13680" shape="poly"><point x="561" y="87"/><point x="447" y="87"/><point x="445" y="89"/><point x="559" y="89"/></area><area name="Association " refid="_17_0_4_1bde048e_1434796252392_431167_13706" shape="poly"><point x="320" y="293"/><point x="320" y="125"/><point x="318" y="127"/><point x="318" y="295"/></area><area name="Association " refid="_17_0_4_1bde048e_1434795942808_863649_13450" shape="poly"><point x="78" y="76"/><point x="78" y="45"/><point x="281" y="45"/><point x="279" y="47"/><point x="76" y="47"/><point x="76" y="78"/></area><area name="Block Caméras" refid="_17_0_4_1bde048e_1434795918009_921182_13381" shape="rect"><point x="42" y="77"/><point x="96" y="77"/><point x="96" y="122"/><point x="42" y="122"/></area><area name="Reference Property Référence" refid="_17_0_4_2_b1402db_1434812061512_358518_13201" shape="rect"><point x="563" y="99"/><point x="663" y="99"/><point x="663" y="113"/><point x="563" y="113"/></area><area name="Block Gyromètre" refid="_17_0_4_1bde048e_1434796179732_551344_13594" shape="rect"><point x="560" y="49"/><point x="666" y="49"/><point x="666" y="119"/><point x="560" y="119"/></area><area name="System Boule gyrostabilisée" refid="_17_0_4_1bde048e_1434795695036_75073_13287" shape="rect"><point x="280" y="35"/><point x="447" y="35"/><point x="447" y="127"/><point x="280" y="127"/></area><area name="Reference Property Référence" refid="_17_0_4_2_b1402db_1434812294745_447192_13207" shape="rect"><point x="241" y="344"/><point x="437" y="344"/><point x="437" y="358"/><point x="241" y="358"/></area><area name="Block Capteur angulaire relatif" refid="_17_0_4_1bde048e_1434796197012_665601_13637" shape="rect"><point x="238" y="294"/><point x="440" y="294"/><point x="440" y="373"/><point x="238" y="373"/></area><area name="Part Property Carte 2" refid="_17_0_4_1bde048e_1432882556376_858643_11891" shape="rect"><point x="66" y="197"/><point x="274" y="197"/><point x="274" y="211"/><point x="66" y="211"/></area><area name="Part Property codeur incrémental 2" refid="_17_0_4_1bde048e_1432882561792_802213_11915" shape="rect"><point x="66" y="210"/><point x="274" y="210"/><point x="274" y="224"/><point x="66" y="224"/></area><area name="Part Property MCC 2" refid="_17_0_4_1bde048e_1432882573031_365403_11941" shape="rect"><point x="66" y="223"/><point x="274" y="223"/><point x="274" y="237"/><point x="66" y="237"/></area><area name="Part Property Réducteur 2" refid="_17_0_4_1bde048e_1432882580882_517010_11967" shape="rect"><point x="66" y="236"/><point x="274" y="236"/><point x="274" y="250"/><point x="66" y="250"/></area><area name="Part Property support optique" refid="_17_0_4_2_b1402db_1434816492577_207207_14939" shape="rect"><point x="66" y="249"/><point x="274" y="249"/><point x="274" y="263"/><point x="66" y="263"/></area><area name="Part Property Support" refid="_17_0_4_2_b1402db_1434816553451_205227_14971" shape="rect"><point x="66" y="262"/><point x="274" y="262"/><point x="274" y="276"/><point x="66" y="276"/></area><area name="Part Property Carte 1" refid="_17_0_4_1bde048e_1433746015332_493203_13099" shape="rect"><point x="395" y="204"/><point x="605" y="204"/><point x="605" y="218"/><point x="395" y="218"/></area><area name="Part Property MCC 1" refid="_17_0_4_1bde048e_1433746020655_121746_13123" shape="rect"><point x="395" y="217"/><point x="605" y="217"/><point x="605" y="231"/><point x="395" y="231"/></area><area name="Part Property Codeur incrémental 1" refid="_17_0_4_1bde048e_1433746028421_718634_13149" shape="rect"><point x="395" y="230"/><point x="605" y="230"/><point x="605" y="244"/><point x="395" y="244"/></area><area name="Part Property Réducteur 1" refid="_17_0_4_1bde048e_1433746048121_211978_13175" shape="rect"><point x="395" y="243"/><point x="605" y="243"/><point x="605" y="257"/><point x="395" y="257"/></area><area name="Part Property Support" refid="_17_0_4_2_b1402db_1434816446631_686566_14867" shape="rect"><point x="395" y="256"/><point x="605" y="256"/><point x="605" y="270"/><point x="395" y="270"/></area><area name="Subsystem Etage optique (fin)" refid="_17_0_4_1bde048e_1432882467171_708271_11849" shape="rect"><point x="63" y="147"/><point x="277" y="147"/><point x="277" y="282"/><point x="63" y="282"/></area><area name="Subsystem Etage boule (gros)" refid="_17_0_4_1bde048e_1433744897780_776633_12801" shape="rect"><point x="392" y="154"/><point x="608" y="154"/><point x="608" y="276"/><point x="392" y="276"/></area></map><name humanName="Nom" mode="standard,expert">bdd boule gyrostabilisée globale</name><qualifiedName humanName="Nom Qualifié" mode="expert">Diagrammes structurels::bdd boule gyrostabilisée globale</qualifiedName><owner classType="Package" humanName="Possesseur" humanType="Paquet" icon="SysML - BGR-300_files/icon_package.jpg" mode="standard,expert" name="Diagrammes structurels" refid="_17_0_4_1bde048e_1432709420229_900021_11285"/><ownerOfDiagram classType="Package" humanName="Possesseur du Diagramme" humanType="Paquet" icon="SysML - BGR-300_files/icon_package.jpg" name="Diagrammes structurels" refid="_17_0_4_1bde048e_1432709420229_900021_11285"/><APPLIED_STEREOTYPES humanName="Stéréotype Appliqué" mode="standard,expert"><stereotype classType="Stereotype" humanType="Stéréotype" icon="SysML - BGR-300_files/icon_stereotype.jpg" name="DiagramInfo" refid="_9_0_be00301_1108044380615_150487_0"/></APPLIED_STEREOTYPES><appliedStereotype humanName="Stéréotype Appliqué" mode="standard,expert"><stereotype classType="Stereotype" humanType="Stéréotype" icon="SysML - BGR-300_files/icon_stereotype.jpg" name="DiagramInfo" refid="_9_0_be00301_1108044380615_150487_0"><property classType="Property" humanName="Author" humanType="Propriété" icon="SysML - BGR-300_files/icon_property.jpg" name="Author" refid="_be00301_1077726770128_871366_1"><String>svillacampa</String></property><property classType="Property" humanName="base_Diagram" humanType="Propriété" icon="SysML - BGR-300_files/icon_property.jpg" name="base_Diagram" refid="_10_0EAPbeta_be00301_1123081772498_901864_356"/><property classType="Property" humanName="base_Element" humanType="Propriété" icon="SysML - BGR-300_files/icon_property.jpg" name="base_Element" refid="_10_0EAPbeta_be00301_1123081772098_411862_275"/><property classType="Property" humanName="Creation date" humanType="Propriété" icon="SysML - BGR-300_files/icon_property.jpg" name="Creation date" refid="_be00301_1073306188629_537791_2"><String>20/06/15 12:18</String></property><property classType="Property" humanName="Last modified by" humanType="Propriété" icon="SysML - BGR-300_files/icon_property.jpg" name="Last modified by" refid="_16_8beta_8ca0285_1257244649124_794756_344"><String>Olivier</String></property><property classType="Property" humanName="Modification date" humanType="Propriété" icon="SysML - BGR-300_files/icon_property.jpg" name="Modification date" refid="_be00301_1073394345322_922552_1"><String>20/06/15 18:51</String></property></stereotype></appliedStereotype><visibility humanName="Visibilité">public</visibility></diagram></magicdraw>