<?xml version="1.0" encoding="UTF-8"?>
<magicdraw><valueproperty classType="Property" humanType="Value Property" icon="SysML - BGR-300_files/icon_valueproperty.jpg" id="_17_0_4_1bde048e_1433745316824_116784_12993"><TO_DO humanName="A Faire" mode="standard,expert"></TO_DO><aggregation humanName="Agrégation" mode="standard,expert">composite</aggregation><featuringClassifier humanName="Caractérise le Classificateur"><block classType="Class" humanType="Block" icon="SysML - BGR-300_files/icon_block.jpg" name="Réducteur" refid="_17_0_4_1bde048e_1433745282480_699785_12949"/></featuringClassifier><UMLClass classType="Class" humanName="Classe" humanType="Block" icon="SysML - BGR-300_files/icon_block.jpg" name="Réducteur" refid="_17_0_4_1bde048e_1433745282480_699785_12949"/><classifier classType="Class" humanName="Classificateur" humanType="Block" icon="SysML - BGR-300_files/icon_block.jpg" name="Réducteur" refid="_17_0_4_1bde048e_1433745282480_699785_12949"/><default humanName="Défaut">50.89:1</default><ownedElement humanName="Elément avec Possesseur"><instancespecification classType="InstanceSpecification" humanType="Spécification d'Instance" icon="SysML - BGR-300_files/icon_instancespecification.jpg" name="" refid="_17_0_4_1bde048e_1433745316825_969117_12994"/><literalstring classType="LiteralString" humanType="Littéral Chaîne de Caractères" icon="SysML - BGR-300_files/icon_literalstring.jpg" name="" refid="_17_0_4_1bde048e_1433745329625_449932_12996" text="50.89:1"/></ownedElement><namespace classType="Class" humanName="Espace de Nommage" humanType="Block" icon="SysML - BGR-300_files/icon_block.jpg" name="Réducteur" refid="_17_0_4_1bde048e_1433745282480_699785_12949"/><isComposite humanName="Est Composite">true</isComposite><isDerived humanName="Est Dérivé" mode="standard,expert">false</isDerived><isReadOnly humanName="Est en Lecture Seulement" mode="standard,expert">false</isReadOnly><isID humanName="Est ID" mode="expert">false</isID><isOrdered humanName="Est Ordonné" mode="expert">false</isOrdered><isStatic humanName="Est Statique" mode="standard,expert">false</isStatic><isLeaf humanName="Est une Feuille">false</isLeaf><isDerivedUnion humanName="Est une Union Dérivée" mode="expert">false</isDerivedUnion><isUnique humanName="Est Unique" mode="expert">true</isUnique><appliedStereotypeInstance classType="InstanceSpecification" humanName="Instance de Stéréotype Appliqué" humanType="Spécification d'Instance" icon="SysML - BGR-300_files/icon_instancespecification.jpg" name="" refid="_17_0_4_1bde048e_1433745316825_969117_12994"/><multiplicity humanName="Multiplicité" mode="standard,expert"></multiplicity><navigable humanName="Navigable" mode="expert">true</navigable><name humanName="Nom" mode="standard,expert">Rapport de transmission r1</name><qualifiedName humanName="Nom Qualifié" mode="expert">Etage boule (gros)::Réducteur::Rapport de transmission r1</qualifiedName><lower humanName="Plus bas">1</lower><owner classType="Class" humanName="Possesseur" humanType="Block" icon="SysML - BGR-300_files/icon_block.jpg" name="Réducteur" refid="_17_0_4_1bde048e_1433745282480_699785_12949"/><ownedBy classType="Class" humanName="Possédé par" humanType="Block" icon="SysML - BGR-300_files/icon_block.jpg" mode="standard,expert" name="Réducteur" refid="_17_0_4_1bde048e_1433745282480_699785_12949"/><redefinitionContext humanName="Redéfinition de Contexte"><block classType="Class" humanType="Block" icon="SysML - BGR-300_files/icon_block.jpg" name="Réducteur" refid="_17_0_4_1bde048e_1433745282480_699785_12949"/></redefinitionContext><APPLIED_STEREOTYPES humanName="Stéréotype Appliqué" mode="standard,expert"><stereotype classType="Stereotype" humanType="Stéréotype" icon="SysML - BGR-300_files/icon_stereotype.jpg" name="ValueProperty" refid="_12_0_be00301_1164123483951_695645_2041"/></APPLIED_STEREOTYPES><appliedStereotype humanName="Stéréotype Appliqué" mode="standard,expert"><stereotype classType="Stereotype" humanType="Stéréotype" icon="SysML - BGR-300_files/icon_stereotype.jpg" name="ValueProperty" refid="_12_0_be00301_1164123483951_695645_2041"><property classType="Property" humanName="base_Element" humanType="Propriété" icon="SysML - BGR-300_files/icon_property.jpg" name="base_Element" refid="_10_0EAPbeta_be00301_1123081772098_411862_275"/><property classType="Property" humanName="base_Property" humanType="Propriété" icon="SysML - BGR-300_files/icon_property.jpg" name="base_Property" refid="_12_0_be00301_1164123486896_243192_2044"/></stereotype></appliedStereotype><upper humanName="Supérieur">1</upper><TYPE_MODIFIER humanName="Type de Modificateur" mode="expert"></TYPE_MODIFIER><defaultValue classType="LiteralString" humanName="Valeur par Défaut" humanType="Littéral Chaîne de Caractères" icon="SysML - BGR-300_files/icon_literalstring.jpg" mode="standard,expert" name="" refid="_17_0_4_1bde048e_1433745329625_449932_12996" text="50.89:1"/><visibility humanName="Visibilité" mode="expert">public</visibility></valueproperty></magicdraw>