<?xml version="1.0" encoding="UTF-8"?>
<magicdraw><diagram classType="Diagram" diagramType="SysML Use Case Diagram" height="406" humanType="Diagramme" icon="SysML - BGR-300_files/icon_SysML Use Case Diagram.jpg" id="_17_0_4_1bde048e_1432708093527_226016_10836" src="SysML - BGR-300_files/_17_0_4_1bde048e_1432708093527_226016_10836.jpg" width="772"><TO_DO humanName="A Faire" mode="standard,expert"></TO_DO><ownedElement humanName="Elément avec Possesseur"><instancespecification classType="InstanceSpecification" humanType="Spécification d'Instance" icon="SysML - BGR-300_files/icon_instancespecification.jpg" name="" refid="_17_0_4_1bde048e_1432708093710_993150_10848"/></ownedElement><appliedStereotypeInstance classType="InstanceSpecification" humanName="Instance de Stéréotype Appliqué" humanType="Spécification d'Instance" icon="SysML - BGR-300_files/icon_instancespecification.jpg" name="" refid="_17_0_4_1bde048e_1432708093710_993150_10848"/><map><area name="Propriété " refid="_17_0_4_1bde048e_1434794157700_376455_12801" shape="rect"><point x="618" y="106"/><point x="629" y="106"/><point x="629" y="117"/><point x="618" y="117"/></area><area name="Propriété " refid="_17_0_4_1bde048e_1434794157701_70974_12802" shape="rect"><point x="484" y="115"/><point x="495" y="115"/><point x="495" y="126"/><point x="484" y="126"/></area><area name="Propriété " refid="_17_0_4_1bde048e_1434794012735_237457_12735" shape="rect"><point x="627" y="321"/><point x="638" y="321"/><point x="638" y="332"/><point x="627" y="332"/></area><area name="Propriété " refid="_17_0_4_1bde048e_1434794012736_226564_12736" shape="rect"><point x="501" y="313"/><point x="512" y="313"/><point x="512" y="324"/><point x="501" y="324"/></area><area name="Propriété " refid="_17_0_4_1bde048e_1432708361393_250427_10919" shape="rect"><point x="134" y="188"/><point x="145" y="188"/><point x="145" y="199"/><point x="134" y="199"/></area><area name="Propriété " refid="_17_0_4_1bde048e_1432708361393_60251_10920" shape="rect"><point x="65" y="173"/><point x="76" y="173"/><point x="76" y="184"/><point x="65" y="184"/></area><area name="Propriété " refid="_17_0_4_1bde048e_1434794162559_122519_12822" shape="rect"><point x="315" y="197"/><point x="326" y="197"/><point x="326" y="208"/><point x="315" y="208"/></area><area name="Propriété " refid="_17_0_4_1bde048e_1434794162560_867041_12823" shape="rect"><point x="622" y="124"/><point x="633" y="124"/><point x="633" y="135"/><point x="622" y="135"/></area><area name="Généralisation " refid="_17_0_4_1bde048e_1434794146671_260454_12795" shape="poly"><point x="289" y="173"/><point x="347" y="147"/><point x="345" y="149"/><point x="287" y="175"/></area><area name="Généralisation " refid="_17_0_4_1bde048e_1434794031076_761650_12753" shape="poly"><point x="277" y="229"/><point x="347" y="271"/><point x="345" y="273"/><point x="275" y="231"/></area><area name="Association " refid="_17_0_4_1bde048e_1432708361392_512794_10918" shape="poly"><point x="140" y="187"/><point x="66" y="177"/><point x="64" y="179"/><point x="138" y="189"/></area><area name="Association " refid="_17_0_4_1bde048e_1434794012735_95066_12734" shape="poly"><point x="633" y="320"/><point x="507" y="312"/><point x="505" y="314"/><point x="631" y="322"/></area><area name="Association " refid="_17_0_4_1bde048e_1434794157700_916153_12800" shape="poly"><point x="624" y="105"/><point x="490" y="114"/><point x="488" y="116"/><point x="622" y="107"/></area><area name="Association " refid="_17_0_4_1bde048e_1434794162559_3006_12821" shape="poly"><point x="321" y="196"/><point x="600" y="185"/><point x="628" y="123"/><point x="626" y="125"/><point x="598" y="187"/><point x="319" y="198"/></area><area name="Acteur Pilote" refid="_17_0_4_1bde048e_1432708159527_386754_10869" shape="rect"><point x="21" y="140"/><point x="66" y="140"/><point x="66" y="212"/><point x="21" y="212"/></area><area name="External system Casque du pilote" refid="_17_0_4_1bde048e_1432708384309_546093_10939" shape="rect"><point x="588" y="84"/><point x="686" y="84"/><point x="686" y="128"/><point x="588" y="128"/></area><area name="External system Porteur (hélicoptère)" refid="_17_0_4_1bde048e_1432708876118_247001_11064" shape="rect"><point x="588" y="301"/><point x="705" y="301"/><point x="705" y="345"/><point x="588" y="345"/></area><area name="Cas d'Utilisation Désigner la ligne de visée par le regard" refid="_17_0_4_1bde048e_1434794130502_908190_12771" shape="rect"><point x="322" y="84"/><point x="491" y="84"/><point x="491" y="162"/><point x="322" y="162"/></area><area name="Cas d'Utilisation Obtenir une image fidèle suivant la ligne de visée" refid="_17_0_4_1bde048e_1432708214449_154489_10903" shape="rect"><point x="133" y="166"/><point x="323" y="166"/><point x="323" y="237"/><point x="133" y="237"/></area><area name="Cas d'Utilisation Obtenir une image nette et indépendante des mouvements de l'hélicoptère" refid="_17_0_4_1bde048e_1434793586166_49031_12696" shape="rect"><point x="301" y="266"/><point x="509" y="266"/><point x="509" y="351"/><point x="301" y="351"/></area><area name="Modèle Boule gyrostabilisée" refid="eee_1045467100313_135436_1" shape="rect"><point x="101" y="42"/><point x="547" y="42"/><point x="547" y="365"/><point x="101" y="365"/></area></map><name humanName="Nom" mode="standard,expert">uc</name><qualifiedName humanName="Nom Qualifié" mode="expert">Diagrammes comportementaux::uc</qualifiedName><owner classType="Package" humanName="Possesseur" humanType="Paquet" icon="SysML - BGR-300_files/icon_package.jpg" mode="standard,expert" name="Diagrammes comportementaux" refid="_17_0_4_1bde048e_1432709395344_147366_11269"/><ownerOfDiagram classType="Package" humanName="Possesseur du Diagramme" humanType="Paquet" icon="SysML - BGR-300_files/icon_package.jpg" name="Diagrammes comportementaux" refid="_17_0_4_1bde048e_1432709395344_147366_11269"/><APPLIED_STEREOTYPES humanName="Stéréotype Appliqué" mode="standard,expert"><stereotype classType="Stereotype" humanType="Stéréotype" icon="SysML - BGR-300_files/icon_stereotype.jpg" name="DiagramInfo" refid="_9_0_be00301_1108044380615_150487_0"/></APPLIED_STEREOTYPES><appliedStereotype humanName="Stéréotype Appliqué" mode="standard,expert"><stereotype classType="Stereotype" humanType="Stéréotype" icon="SysML - BGR-300_files/icon_stereotype.jpg" name="DiagramInfo" refid="_9_0_be00301_1108044380615_150487_0"><property classType="Property" humanName="Author" humanType="Propriété" icon="SysML - BGR-300_files/icon_property.jpg" name="Author" refid="_be00301_1077726770128_871366_1"><String>svillacampa</String></property><property classType="Property" humanName="base_Diagram" humanType="Propriété" icon="SysML - BGR-300_files/icon_property.jpg" name="base_Diagram" refid="_10_0EAPbeta_be00301_1123081772498_901864_356"/><property classType="Property" humanName="base_Element" humanType="Propriété" icon="SysML - BGR-300_files/icon_property.jpg" name="base_Element" refid="_10_0EAPbeta_be00301_1123081772098_411862_275"/><property classType="Property" humanName="Creation date" humanType="Propriété" icon="SysML - BGR-300_files/icon_property.jpg" name="Creation date" refid="_be00301_1073306188629_537791_2"><String>27/05/15 08:28</String></property><property classType="Property" humanName="Last modified by" humanType="Propriété" icon="SysML - BGR-300_files/icon_property.jpg" name="Last modified by" refid="_16_8beta_8ca0285_1257244649124_794756_344"><String>Olivier</String></property><property classType="Property" humanName="Modification date" humanType="Propriété" icon="SysML - BGR-300_files/icon_property.jpg" name="Modification date" refid="_be00301_1073394345322_922552_1"><String>20/06/15 18:51</String></property></stereotype></appliedStereotype><visibility humanName="Visibilité">public</visibility></diagram></magicdraw>