<?xml version="1.0" encoding="UTF-8"?>
<magicdraw><instancespecification classType="InstanceSpecification" humanType="Spécification d'Instance" icon="SysML - BGR-300_files/icon_instancespecification.jpg" id="_17_0_4_1bde048e_1433746358641_293895_13559"><TO_DO humanName="A Faire" mode="standard,expert"></TO_DO><classifier humanName="Classificateur" mode="standard,expert"><stereotype classType="Stereotype" humanType="Stéréotype" icon="SysML - BGR-300_files/icon_stereotype.jpg" name="FlowPort" refid="_11_0_be00301_1147682946132_981479_8"/></classifier><ownedElement humanName="Elément avec Possesseur"><slot classType="Slot" humanType="Emplacement" icon="SysML - BGR-300_files/icon_slot.jpg" refid="_17_0_4_1bde048e_1474540236523_249_7164"/><slot classType="Slot" humanType="Emplacement" icon="SysML - BGR-300_files/icon_slot.jpg" refid="_17_0_4_1bde048e_1474540236524_614454_7166"/></ownedElement><stereotypedElement classType="Port" humanName="Elément Stéréotypé" humanType="Flow Port" icon="SysML - BGR-300_files/icon_flowport.jpg" name="p2" refid="_17_0_4_1bde048e_1433746358640_805590_13558"/><slot humanName="Emplacement"><slot classType="Slot" humanType="Emplacement" icon="SysML - BGR-300_files/icon_slot.jpg" refid="_17_0_4_1bde048e_1474540236523_249_7164"/><slot classType="Slot" humanType="Emplacement" icon="SysML - BGR-300_files/icon_slot.jpg" refid="_17_0_4_1bde048e_1474540236524_614454_7166"/></slot><name humanName="Nom" mode="standard,expert"></name><qualifiedName humanName="Nom Qualifié" mode="expert">Etage boule (gros)::Codeur incrémental::p2::</qualifiedName><owner classType="Port" humanName="Possesseur" humanType="Flow Port" icon="SysML - BGR-300_files/icon_flowport.jpg" mode="standard,expert" name="p2" refid="_17_0_4_1bde048e_1433746358640_805590_13558"/><visibility humanName="Visibilité">public</visibility></instancespecification></magicdraw>