<?xml version="1.0" encoding="UTF-8"?>
<magicdraw><partproperty classType="Property" humanType="Part Property" icon="SysML - BGR-300_files/icon_partproperty.jpg" id="_17_0_4_1bde048e_1434795748733_830011_13356"><TO_DO humanName="A Faire" mode="standard,expert"></TO_DO><aggregation humanName="Agrégation" mode="standard,expert">composite</aggregation><association classType="Association" humanName="Association" humanType="Association" icon="SysML - BGR-300_files/icon_association.jpg" isRelationship="true" name="" refid="_17_0_4_1bde048e_1434795748733_956887_13355"/><featuringClassifier humanName="Caractérise le Classificateur"><system classType="Class" humanType="System" icon="SysML - BGR-300_files/icon_system.jpg" name="Boule gyrostabilisée" refid="_17_0_4_1bde048e_1434795695036_75073_13287"/></featuringClassifier><UMLClass classType="Class" humanName="Classe" humanType="System" icon="SysML - BGR-300_files/icon_system.jpg" name="Boule gyrostabilisée" refid="_17_0_4_1bde048e_1434795695036_75073_13287"/><classifier classType="Class" humanName="Classificateur" humanType="System" icon="SysML - BGR-300_files/icon_system.jpg" name="Boule gyrostabilisée" refid="_17_0_4_1bde048e_1434795695036_75073_13287"/><default humanName="Défaut"></default><ownedElement humanName="Elément avec Possesseur"><instancespecification classType="InstanceSpecification" humanType="Spécification d'Instance" icon="SysML - BGR-300_files/icon_instancespecification.jpg" name="" refid="_17_0_4_1bde048e_1434795750253_975744_13365"/></ownedElement><namespace classType="Class" humanName="Espace de Nommage" humanType="System" icon="SysML - BGR-300_files/icon_system.jpg" name="Boule gyrostabilisée" refid="_17_0_4_1bde048e_1434795695036_75073_13287"/><isComposite humanName="Est Composite">true</isComposite><isDerived humanName="Est Dérivé" mode="standard,expert">false</isDerived><isReadOnly humanName="Est en Lecture Seulement" mode="standard,expert">false</isReadOnly><isID humanName="Est ID" mode="expert">false</isID><isOrdered humanName="Est Ordonné" mode="expert">false</isOrdered><isStatic humanName="Est Statique" mode="standard,expert">false</isStatic><isLeaf humanName="Est une Feuille">false</isLeaf><isDerivedUnion humanName="Est une Union Dérivée" mode="expert">false</isDerivedUnion><isUnique humanName="Est Unique" mode="expert">true</isUnique><appliedStereotypeInstance classType="InstanceSpecification" humanName="Instance de Stéréotype Appliqué" humanType="Spécification d'Instance" icon="SysML - BGR-300_files/icon_instancespecification.jpg" name="" refid="_17_0_4_1bde048e_1434795750253_975744_13365"/><multiplicity humanName="Multiplicité" mode="standard,expert"></multiplicity><navigable humanName="Navigable" mode="expert">true</navigable><name humanName="Nom" mode="standard,expert"></name><qualifiedName humanName="Nom Qualifié" mode="expert">Divers::Boule gyrostabilisée::</qualifiedName><opposite classType="Property" humanName="Opposé" humanType="Propriété" icon="SysML - BGR-300_files/icon_property.jpg" name="" refid="_17_0_4_1bde048e_1434795748734_492139_13357"/><lower humanName="Plus bas">1</lower><owner classType="Class" humanName="Possesseur" humanType="System" icon="SysML - BGR-300_files/icon_system.jpg" name="Boule gyrostabilisée" refid="_17_0_4_1bde048e_1434795695036_75073_13287"/><ownedBy classType="Class" humanName="Possédé par" humanType="System" icon="SysML - BGR-300_files/icon_system.jpg" mode="standard,expert" name="Boule gyrostabilisée" refid="_17_0_4_1bde048e_1434795695036_75073_13287"/><redefinitionContext humanName="Redéfinition de Contexte"><system classType="Class" humanType="System" icon="SysML - BGR-300_files/icon_system.jpg" name="Boule gyrostabilisée" refid="_17_0_4_1bde048e_1434795695036_75073_13287"/></redefinitionContext><APPLIED_STEREOTYPES humanName="Stéréotype Appliqué" mode="standard,expert"><stereotype classType="Stereotype" humanType="Stéréotype" icon="SysML - BGR-300_files/icon_stereotype.jpg" name="PartProperty" refid="_15_0_be00301_1199377756297_348405_2678"/></APPLIED_STEREOTYPES><appliedStereotype humanName="Stéréotype Appliqué" mode="standard,expert"><stereotype classType="Stereotype" humanType="Stéréotype" icon="SysML - BGR-300_files/icon_stereotype.jpg" name="PartProperty" refid="_15_0_be00301_1199377756297_348405_2678"><property classType="Property" humanName="base_Element" humanType="Propriété" icon="SysML - BGR-300_files/icon_property.jpg" name="base_Element" refid="_10_0EAPbeta_be00301_1123081772098_411862_275"/><property classType="Property" humanName="base_Property" humanType="Propriété" icon="SysML - BGR-300_files/icon_property.jpg" name="base_Property" refid="_15_0_be00301_1199377759595_851315_2681"/><property classType="Property" humanName="base_Property" humanType="Propriété" icon="SysML - BGR-300_files/icon_property.jpg" name="base_Property" refid="_11_5EAPbeta_be00301_1147424449672_715796_1055"/></stereotype></appliedStereotype><upper humanName="Supérieur">1</upper><type classType="Class" humanName="Type" humanType="Subsystem" icon="SysML - BGR-300_files/icon_subsystem.jpg" mode="standard,expert" name="Etage boule (gros)" refid="_17_0_4_1bde048e_1433744897780_776633_12801"/><TYPE_MODIFIER humanName="Type de Modificateur" mode="expert"></TYPE_MODIFIER><visibility humanName="Visibilité" mode="expert">public</visibility></partproperty></magicdraw>