<?xml version="1.0" encoding="UTF-8"?>
<magicdraw><association classType="Association" humanType="Association" icon="SysML - BGR-300_files/icon_association.jpg" id="_17_0_4_1bde048e_1432882556376_889397_11890"><TO_DO humanName="A Faire"></TO_DO><feature humanName="Caractéristique"><property classType="Property" humanType="Propriété" icon="SysML - BGR-300_files/icon_property.jpg" name="" refid="_17_0_4_1bde048e_1432882556377_206188_11892"/></feature><ownedElement humanName="Elément avec Possesseur"><property classType="Property" humanType="Propriété" icon="SysML - BGR-300_files/icon_property.jpg" name="" refid="_17_0_4_1bde048e_1432882556377_206188_11892"/></ownedElement><relatedElement humanName="Elément Relié"><block classType="Class" humanType="Block" icon="SysML - BGR-300_files/icon_block.jpg" name="Carte EPOS" refid="_17_0_4_1bde048e_1432882248944_55695_11802"/><subsystem classType="Class" humanType="Subsystem" icon="SysML - BGR-300_files/icon_subsystem.jpg" name="Etage optique (fin)" refid="_17_0_4_1bde048e_1432882467171_708271_11849"/></relatedElement><namespace classType="Package" humanName="Espace de Nommage" humanType="Paquet" icon="SysML - BGR-300_files/icon_package.jpg" name="Etage optique (fin)" refid="_17_0_4_1bde048e_1433354650071_969389_12931"/><isAbstract humanName="Est Abstrait">false</isAbstract><isDerived humanName="Est Dérivé">false</isDerived><isFinalSpecialization humanName="Est Final Spécialisation">false</isFinalSpecialization><isLeaf humanName="Est une Feuille">false</isLeaf><ownedEnd humanName="Fin avec Possesseur"><property classType="Property" humanType="Propriété" icon="SysML - BGR-300_files/icon_property.jpg" name="" refid="_17_0_4_1bde048e_1432882556377_206188_11892"/></ownedEnd><memberEnd humanName="Fin de Membre"><property classType="Property" humanType="Propriété" icon="SysML - BGR-300_files/icon_property.jpg" name="" refid="_17_0_4_1bde048e_1432882556377_206188_11892"/><partproperty classType="Property" humanType="Part Property" icon="SysML - BGR-300_files/icon_partproperty.jpg" name="Carte 2" refid="_17_0_4_1bde048e_1432882556376_858643_11891"/></memberEnd><member humanName="Membre"><property classType="Property" humanType="Propriété" icon="SysML - BGR-300_files/icon_property.jpg" name="" refid="_17_0_4_1bde048e_1432882556377_206188_11892"/><partproperty classType="Property" humanType="Part Property" icon="SysML - BGR-300_files/icon_partproperty.jpg" name="Carte 2" refid="_17_0_4_1bde048e_1432882556376_858643_11891"/></member><ownedMember humanName="Membre avec Possesseur"><property classType="Property" humanType="Propriété" icon="SysML - BGR-300_files/icon_property.jpg" name="" refid="_17_0_4_1bde048e_1432882556377_206188_11892"/></ownedMember><name humanName="Nom" mode="standard,expert"></name><qualifiedName humanName="Nom Qualifié" mode="expert">Etage optique (fin)::</qualifiedName><package classType="Package" humanName="Paquetage" humanType="Paquet" icon="SysML - BGR-300_files/icon_package.jpg" name="Etage optique (fin)" refid="_17_0_4_1bde048e_1433354650071_969389_12931"/><owningPackage classType="Package" humanName="Paquetage de Possession" humanType="Paquet" icon="SysML - BGR-300_files/icon_package.jpg" name="Etage optique (fin)" refid="_17_0_4_1bde048e_1433354650071_969389_12931"/><owner classType="Package" humanName="Possesseur" humanType="Paquet" icon="SysML - BGR-300_files/icon_package.jpg" mode="standard,expert" name="Etage optique (fin)" refid="_17_0_4_1bde048e_1433354650071_969389_12931"/><endType humanName="Type de Fin"><block classType="Class" humanType="Block" icon="SysML - BGR-300_files/icon_block.jpg" name="Carte EPOS" refid="_17_0_4_1bde048e_1432882248944_55695_11802"/><subsystem classType="Class" humanType="Subsystem" icon="SysML - BGR-300_files/icon_subsystem.jpg" name="Etage optique (fin)" refid="_17_0_4_1bde048e_1432882467171_708271_11849"/></endType><visibility humanName="Visibilité" mode="standard,expert">public</visibility></association></magicdraw>