<?xml version="1.0" encoding="UTF-8"?>
<magicdraw><block classType="Class" humanType="Block" icon="SysML - BGR-300_files/icon_block.jpg" id="_17_0_4_1bde048e_1432882093969_857917_11754"><TO_DO humanName="A Faire" mode="standard,expert"></TO_DO><attribute humanName="Attribut"><valueproperty classType="Property" humanType="Value Property" icon="SysML - BGR-300_files/icon_valueproperty.jpg" name="imp/tour" refid="_17_0_4_1bde048e_1432882149525_282493_11795"/><port classType="Port" humanType="Port" icon="SysML - BGR-300_files/icon_port.jpg" name="Mesure position MCC2" refid="_17_0_4_2_b1402db_1434817578348_28864_15527"/><flowport classType="Port" humanType="Flow Port" icon="SysML - BGR-300_files/icon_flowport.jpg" name="p1" refid="_17_0_4_1bde048e_1433489663774_184429_13057"/><flowport classType="Port" humanType="Flow Port" icon="SysML - BGR-300_files/icon_flowport.jpg" name="p2" refid="_17_0_4_1bde048e_1433489673345_613351_13081"/><port classType="Port" humanType="Port" icon="SysML - BGR-300_files/icon_port.jpg" name="p3" refid="_17_0_4_2_b1402db_1434816654160_550588_15033"/><flowport classType="Port" humanType="Flow Port" icon="SysML - BGR-300_files/icon_flowport.jpg" name="p4" refid="_17_0_4_2_b1402db_1434816663462_353538_15064"/><flowport classType="Port" humanType="Flow Port" icon="SysML - BGR-300_files/icon_flowport.jpg" name="p5" refid="_17_0_4_2_b1402db_1434817720150_821435_15652"/><referenceproperty classType="Property" humanType="Reference Property" icon="SysML - BGR-300_files/icon_referenceproperty.jpg" name="Référence" refid="_17_0_4_1bde048e_1432882111614_644273_11791"/></attribute><ownedAttribute humanName="Attribut avec Possesseur"><valueproperty classType="Property" humanType="Value Property" icon="SysML - BGR-300_files/icon_valueproperty.jpg" name="imp/tour" refid="_17_0_4_1bde048e_1432882149525_282493_11795"/><port classType="Port" humanType="Port" icon="SysML - BGR-300_files/icon_port.jpg" name="Mesure position MCC2" refid="_17_0_4_2_b1402db_1434817578348_28864_15527"/><flowport classType="Port" humanType="Flow Port" icon="SysML - BGR-300_files/icon_flowport.jpg" name="p1" refid="_17_0_4_1bde048e_1433489663774_184429_13057"/><flowport classType="Port" humanType="Flow Port" icon="SysML - BGR-300_files/icon_flowport.jpg" name="p2" refid="_17_0_4_1bde048e_1433489673345_613351_13081"/><port classType="Port" humanType="Port" icon="SysML - BGR-300_files/icon_port.jpg" name="p3" refid="_17_0_4_2_b1402db_1434816654160_550588_15033"/><flowport classType="Port" humanType="Flow Port" icon="SysML - BGR-300_files/icon_flowport.jpg" name="p4" refid="_17_0_4_2_b1402db_1434816663462_353538_15064"/><flowport classType="Port" humanType="Flow Port" icon="SysML - BGR-300_files/icon_flowport.jpg" name="p5" refid="_17_0_4_2_b1402db_1434817720150_821435_15652"/><referenceproperty classType="Property" humanType="Reference Property" icon="SysML - BGR-300_files/icon_referenceproperty.jpg" name="Référence" refid="_17_0_4_1bde048e_1432882111614_644273_11791"/></ownedAttribute><feature humanName="Caractéristique"><valueproperty classType="Property" humanType="Value Property" icon="SysML - BGR-300_files/icon_valueproperty.jpg" name="imp/tour" refid="_17_0_4_1bde048e_1432882149525_282493_11795"/><port classType="Port" humanType="Port" icon="SysML - BGR-300_files/icon_port.jpg" name="Mesure position MCC2" refid="_17_0_4_2_b1402db_1434817578348_28864_15527"/><flowport classType="Port" humanType="Flow Port" icon="SysML - BGR-300_files/icon_flowport.jpg" name="p1" refid="_17_0_4_1bde048e_1433489663774_184429_13057"/><flowport classType="Port" humanType="Flow Port" icon="SysML - BGR-300_files/icon_flowport.jpg" name="p2" refid="_17_0_4_1bde048e_1433489673345_613351_13081"/><port classType="Port" humanType="Port" icon="SysML - BGR-300_files/icon_port.jpg" name="p3" refid="_17_0_4_2_b1402db_1434816654160_550588_15033"/><flowport classType="Port" humanType="Flow Port" icon="SysML - BGR-300_files/icon_flowport.jpg" name="p4" refid="_17_0_4_2_b1402db_1434816663462_353538_15064"/><flowport classType="Port" humanType="Flow Port" icon="SysML - BGR-300_files/icon_flowport.jpg" name="p5" refid="_17_0_4_2_b1402db_1434817720150_821435_15652"/><referenceproperty classType="Property" humanType="Reference Property" icon="SysML - BGR-300_files/icon_referenceproperty.jpg" name="Référence" refid="_17_0_4_1bde048e_1432882111614_644273_11791"/></feature><ownedElement humanName="Elément avec Possesseur"><instancespecification classType="InstanceSpecification" humanType="Spécification d'Instance" icon="SysML - BGR-300_files/icon_instancespecification.jpg" name="" refid="_17_0_4_1bde048e_1432882093970_482170_11755"/><valueproperty classType="Property" humanType="Value Property" icon="SysML - BGR-300_files/icon_valueproperty.jpg" name="imp/tour" refid="_17_0_4_1bde048e_1432882149525_282493_11795"/><port classType="Port" humanType="Port" icon="SysML - BGR-300_files/icon_port.jpg" name="Mesure position MCC2" refid="_17_0_4_2_b1402db_1434817578348_28864_15527"/><flowport classType="Port" humanType="Flow Port" icon="SysML - BGR-300_files/icon_flowport.jpg" name="p1" refid="_17_0_4_1bde048e_1433489663774_184429_13057"/><flowport classType="Port" humanType="Flow Port" icon="SysML - BGR-300_files/icon_flowport.jpg" name="p2" refid="_17_0_4_1bde048e_1433489673345_613351_13081"/><port classType="Port" humanType="Port" icon="SysML - BGR-300_files/icon_port.jpg" name="p3" refid="_17_0_4_2_b1402db_1434816654160_550588_15033"/><flowport classType="Port" humanType="Flow Port" icon="SysML - BGR-300_files/icon_flowport.jpg" name="p4" refid="_17_0_4_2_b1402db_1434816663462_353538_15064"/><flowport classType="Port" humanType="Flow Port" icon="SysML - BGR-300_files/icon_flowport.jpg" name="p5" refid="_17_0_4_2_b1402db_1434817720150_821435_15652"/><referenceproperty classType="Property" humanType="Reference Property" icon="SysML - BGR-300_files/icon_referenceproperty.jpg" name="Référence" refid="_17_0_4_1bde048e_1432882111614_644273_11791"/></ownedElement><namespace classType="Package" humanName="Espace de Nommage" humanType="Paquet" icon="SysML - BGR-300_files/icon_package.jpg" name="Etage optique (fin)" refid="_17_0_4_1bde048e_1433354650071_969389_12931"/><isAbstract humanName="Est Abstrait" mode="standard,expert">false</isAbstract><isActive humanName="Est Actif" mode="standard,expert">false</isActive><isFinalSpecialization humanName="Est Final Spécialisation" mode="expert">false</isFinalSpecialization><isLeaf humanName="Est une Feuille" mode="expert">false</isLeaf><appliedStereotypeInstance classType="InstanceSpecification" humanName="Instance de Stéréotype Appliqué" humanType="Spécification d'Instance" icon="SysML - BGR-300_files/icon_instancespecification.jpg" name="" refid="_17_0_4_1bde048e_1432882093970_482170_11755"/><member humanName="Membre"><valueproperty classType="Property" humanType="Value Property" icon="SysML - BGR-300_files/icon_valueproperty.jpg" name="imp/tour" refid="_17_0_4_1bde048e_1432882149525_282493_11795"/><port classType="Port" humanType="Port" icon="SysML - BGR-300_files/icon_port.jpg" name="Mesure position MCC2" refid="_17_0_4_2_b1402db_1434817578348_28864_15527"/><flowport classType="Port" humanType="Flow Port" icon="SysML - BGR-300_files/icon_flowport.jpg" name="p1" refid="_17_0_4_1bde048e_1433489663774_184429_13057"/><flowport classType="Port" humanType="Flow Port" icon="SysML - BGR-300_files/icon_flowport.jpg" name="p2" refid="_17_0_4_1bde048e_1433489673345_613351_13081"/><port classType="Port" humanType="Port" icon="SysML - BGR-300_files/icon_port.jpg" name="p3" refid="_17_0_4_2_b1402db_1434816654160_550588_15033"/><flowport classType="Port" humanType="Flow Port" icon="SysML - BGR-300_files/icon_flowport.jpg" name="p4" refid="_17_0_4_2_b1402db_1434816663462_353538_15064"/><flowport classType="Port" humanType="Flow Port" icon="SysML - BGR-300_files/icon_flowport.jpg" name="p5" refid="_17_0_4_2_b1402db_1434817720150_821435_15652"/><referenceproperty classType="Property" humanType="Reference Property" icon="SysML - BGR-300_files/icon_referenceproperty.jpg" name="Référence" refid="_17_0_4_1bde048e_1432882111614_644273_11791"/></member><ownedMember humanName="Membre avec Possesseur"><valueproperty classType="Property" humanType="Value Property" icon="SysML - BGR-300_files/icon_valueproperty.jpg" name="imp/tour" refid="_17_0_4_1bde048e_1432882149525_282493_11795"/><port classType="Port" humanType="Port" icon="SysML - BGR-300_files/icon_port.jpg" name="Mesure position MCC2" refid="_17_0_4_2_b1402db_1434817578348_28864_15527"/><flowport classType="Port" humanType="Flow Port" icon="SysML - BGR-300_files/icon_flowport.jpg" name="p1" refid="_17_0_4_1bde048e_1433489663774_184429_13057"/><flowport classType="Port" humanType="Flow Port" icon="SysML - BGR-300_files/icon_flowport.jpg" name="p2" refid="_17_0_4_1bde048e_1433489673345_613351_13081"/><port classType="Port" humanType="Port" icon="SysML - BGR-300_files/icon_port.jpg" name="p3" refid="_17_0_4_2_b1402db_1434816654160_550588_15033"/><flowport classType="Port" humanType="Flow Port" icon="SysML - BGR-300_files/icon_flowport.jpg" name="p4" refid="_17_0_4_2_b1402db_1434816663462_353538_15064"/><flowport classType="Port" humanType="Flow Port" icon="SysML - BGR-300_files/icon_flowport.jpg" name="p5" refid="_17_0_4_2_b1402db_1434817720150_821435_15652"/><referenceproperty classType="Property" humanType="Reference Property" icon="SysML - BGR-300_files/icon_referenceproperty.jpg" name="Référence" refid="_17_0_4_1bde048e_1432882111614_644273_11791"/></ownedMember><name humanName="Nom" mode="standard,expert">Codeur incrémental</name><qualifiedName humanName="Nom Qualifié" mode="expert">Etage optique (fin)::Codeur incrémental</qualifiedName><package classType="Package" humanName="Paquetage" humanType="Paquet" icon="SysML - BGR-300_files/icon_package.jpg" name="Etage optique (fin)" refid="_17_0_4_1bde048e_1433354650071_969389_12931"/><owningPackage classType="Package" humanName="Paquetage de Possession" humanType="Paquet" icon="SysML - BGR-300_files/icon_package.jpg" name="Etage optique (fin)" refid="_17_0_4_1bde048e_1433354650071_969389_12931"/><part humanName="Partie"><valueproperty classType="Property" humanType="Value Property" icon="SysML - BGR-300_files/icon_valueproperty.jpg" name="imp/tour" refid="_17_0_4_1bde048e_1432882149525_282493_11795"/><port classType="Port" humanType="Port" icon="SysML - BGR-300_files/icon_port.jpg" name="Mesure position MCC2" refid="_17_0_4_2_b1402db_1434817578348_28864_15527"/><flowport classType="Port" humanType="Flow Port" icon="SysML - BGR-300_files/icon_flowport.jpg" name="p1" refid="_17_0_4_1bde048e_1433489663774_184429_13057"/><flowport classType="Port" humanType="Flow Port" icon="SysML - BGR-300_files/icon_flowport.jpg" name="p2" refid="_17_0_4_1bde048e_1433489673345_613351_13081"/><port classType="Port" humanType="Port" icon="SysML - BGR-300_files/icon_port.jpg" name="p3" refid="_17_0_4_2_b1402db_1434816654160_550588_15033"/><flowport classType="Port" humanType="Flow Port" icon="SysML - BGR-300_files/icon_flowport.jpg" name="p4" refid="_17_0_4_2_b1402db_1434816663462_353538_15064"/><flowport classType="Port" humanType="Flow Port" icon="SysML - BGR-300_files/icon_flowport.jpg" name="p5" refid="_17_0_4_2_b1402db_1434817720150_821435_15652"/></part><ownedPort humanName="Port avec Possesseur"><port classType="Port" humanType="Port" icon="SysML - BGR-300_files/icon_port.jpg" name="Mesure position MCC2" refid="_17_0_4_2_b1402db_1434817578348_28864_15527"/><flowport classType="Port" humanType="Flow Port" icon="SysML - BGR-300_files/icon_flowport.jpg" name="p1" refid="_17_0_4_1bde048e_1433489663774_184429_13057"/><flowport classType="Port" humanType="Flow Port" icon="SysML - BGR-300_files/icon_flowport.jpg" name="p2" refid="_17_0_4_1bde048e_1433489673345_613351_13081"/><port classType="Port" humanType="Port" icon="SysML - BGR-300_files/icon_port.jpg" name="p3" refid="_17_0_4_2_b1402db_1434816654160_550588_15033"/><flowport classType="Port" humanType="Flow Port" icon="SysML - BGR-300_files/icon_flowport.jpg" name="p4" refid="_17_0_4_2_b1402db_1434816663462_353538_15064"/><flowport classType="Port" humanType="Flow Port" icon="SysML - BGR-300_files/icon_flowport.jpg" name="p5" refid="_17_0_4_2_b1402db_1434817720150_821435_15652"/></ownedPort><owner classType="Package" humanName="Possesseur" humanType="Paquet" icon="SysML - BGR-300_files/icon_package.jpg" mode="standard,expert" name="Etage optique (fin)" refid="_17_0_4_1bde048e_1433354650071_969389_12931"/><role humanName="Rôle"><valueproperty classType="Property" humanType="Value Property" icon="SysML - BGR-300_files/icon_valueproperty.jpg" name="imp/tour" refid="_17_0_4_1bde048e_1432882149525_282493_11795"/><port classType="Port" humanType="Port" icon="SysML - BGR-300_files/icon_port.jpg" name="Mesure position MCC2" refid="_17_0_4_2_b1402db_1434817578348_28864_15527"/><flowport classType="Port" humanType="Flow Port" icon="SysML - BGR-300_files/icon_flowport.jpg" name="p1" refid="_17_0_4_1bde048e_1433489663774_184429_13057"/><flowport classType="Port" humanType="Flow Port" icon="SysML - BGR-300_files/icon_flowport.jpg" name="p2" refid="_17_0_4_1bde048e_1433489673345_613351_13081"/><port classType="Port" humanType="Port" icon="SysML - BGR-300_files/icon_port.jpg" name="p3" refid="_17_0_4_2_b1402db_1434816654160_550588_15033"/><flowport classType="Port" humanType="Flow Port" icon="SysML - BGR-300_files/icon_flowport.jpg" name="p4" refid="_17_0_4_2_b1402db_1434816663462_353538_15064"/><flowport classType="Port" humanType="Flow Port" icon="SysML - BGR-300_files/icon_flowport.jpg" name="p5" refid="_17_0_4_2_b1402db_1434817720150_821435_15652"/><referenceproperty classType="Property" humanType="Reference Property" icon="SysML - BGR-300_files/icon_referenceproperty.jpg" name="Référence" refid="_17_0_4_1bde048e_1432882111614_644273_11791"/></role><APPLIED_STEREOTYPES humanName="Stéréotype Appliqué" mode="expert"><stereotype classType="Stereotype" humanType="Stéréotype" icon="SysML - BGR-300_files/icon_stereotype.jpg" name="Block" refid="_11_5EAPbeta_be00301_1147424179914_458922_958"/></APPLIED_STEREOTYPES><appliedStereotype humanName="Stéréotype Appliqué" mode="expert"><stereotype classType="Stereotype" humanType="Stéréotype" icon="SysML - BGR-300_files/icon_stereotype.jpg" name="Block" refid="_11_5EAPbeta_be00301_1147424179914_458922_958"><property classType="Property" humanName="base_Class" humanType="Propriété" icon="SysML - BGR-300_files/icon_property.jpg" name="base_Class" refid="_11_5EAPbeta_be00301_1147424181797_326831_961"/><property classType="Property" humanName="isEncapsulated" humanType="Propriété" icon="SysML - BGR-300_files/icon_property.jpg" name="isEncapsulated" refid="_11_5EAPbeta_be00301_1147424201876_860708_1049"/></stereotype></appliedStereotype><visibility humanName="Visibilité" mode="standard,expert">public</visibility></block></magicdraw>