<?xml version="1.0" encoding="UTF-8"?>
<magicdraw><diagram classType="Diagram" diagramType="SysML Internal Block Diagram" height="526" humanType="Diagramme" icon="SysML - BGR-300_files/icon_SysML Internal Block Diagram.jpg" id="_17_0_4_1bde048e_1434796113972_35741_13481" src="SysML - BGR-300_files/_17_0_4_1bde048e_1434796113972_35741_13481.jpg" width="854"><TO_DO humanName="A Faire" mode="standard,expert"></TO_DO><context classType="Class" humanName="Contexte" humanType="System" icon="SysML - BGR-300_files/icon_system.jpg" mode="standard,expert" name="Boule gyrostabilisée" refid="_17_0_4_1bde048e_1434795695036_75073_13287"/><ownedElement humanName="Elément avec Possesseur"><instancespecification classType="InstanceSpecification" humanType="Spécification d'Instance" icon="SysML - BGR-300_files/icon_instancespecification.jpg" name="" refid="_17_0_4_1bde048e_1434796113977_209568_13492"/></ownedElement><appliedStereotypeInstance classType="InstanceSpecification" humanName="Instance de Stéréotype Appliqué" humanType="Spécification d'Instance" icon="SysML - BGR-300_files/icon_instancespecification.jpg" name="" refid="_17_0_4_1bde048e_1434796113977_209568_13492"/><map><area name="Connecteur " refid="_17_0_4_2_b1402db_1434813278046_776644_13880" shape="poly"><point x="502" y="342"/><point x="502" y="300"/><point x="500" y="302"/><point x="500" y="344"/></area><area name="Connecteur " refid="_17_0_4_2_b1402db_1434812518950_182176_13397" shape="poly"><point x="180" y="156"/><point x="180" y="216"/><point x="178" y="218"/><point x="178" y="158"/></area><area name="Connecteur " refid="_17_0_4_2_b1402db_1434812561596_653894_13424" shape="poly"><point x="234" y="216"/><point x="234" y="156"/><point x="232" y="158"/><point x="232" y="218"/></area><area name="Connecteur " refid="_17_0_4_2_b1402db_1434813435571_780229_13995" shape="poly"><point x="481" y="195"/><point x="481" y="115"/><point x="414" y="115"/><point x="412" y="117"/><point x="479" y="117"/><point x="479" y="197"/></area><area name="Connecteur " refid="_17_0_4_2_b1402db_1434813327214_128018_13932" shape="poly"><point x="626" y="300"/><point x="626" y="395"/><point x="568" y="395"/><point x="566" y="397"/><point x="624" y="397"/><point x="624" y="302"/></area><area name="Connecteur " refid="_17_0_4_2_b1402db_1434812743728_744959_13559" shape="poly"><point x="533" y="80"/><point x="414" y="80"/><point x="412" y="82"/><point x="531" y="82"/></area><area name="Connecteur " refid="_17_0_4_2_b1402db_1434812462669_922456_13263" shape="poly"><point x="148" y="76"/><point x="21" y="76"/><point x="19" y="78"/><point x="146" y="78"/></area><area name="Connecteur " refid="_17_0_4_2_b1402db_1434812831473_459710_13650" shape="poly"><point x="825" y="94"/><point x="662" y="94"/><point x="660" y="96"/><point x="823" y="96"/></area><area name="Connecteur " refid="_17_0_4_2_b1402db_1434813787575_459285_14295" shape="poly"><point x="197" y="293"/><point x="197" y="456"/><point x="21" y="456"/><point x="19" y="458"/><point x="195" y="458"/><point x="195" y="295"/></area><area name="Connecteur " refid="_17_0_4_2_b1402db_1434813528928_613845_14064" shape="poly"><point x="825" y="185"/><point x="642" y="185"/><point x="642" y="195"/><point x="640" y="197"/><point x="640" y="187"/><point x="823" y="187"/></area><area name="Connecteur " refid="_17_0_4_2_b1402db_1434813249950_381217_13848" shape="poly"><point x="372" y="342"/><point x="372" y="156"/><point x="370" y="158"/><point x="370" y="344"/></area><area name="Connecteur " refid="_17_0_4_2_b1402db_1434813783899_368571_14283" shape="poly"><point x="148" y="111"/><point x="71" y="111"/><point x="71" y="456"/><point x="21" y="456"/><point x="19" y="458"/><point x="69" y="458"/><point x="69" y="113"/><point x="146" y="113"/></area><area name="Connecteur " refid="_17_0_4_2_b1402db_1434813791263_31822_14307" shape="poly"><point x="393" y="419"/><point x="393" y="456"/><point x="21" y="456"/><point x="19" y="458"/><point x="391" y="458"/><point x="391" y="421"/></area><area name="Connecteur " refid="_17_0_4_2_b1402db_1434813795697_273571_14319" shape="poly"><point x="449" y="258"/><point x="309" y="258"/><point x="309" y="456"/><point x="21" y="456"/><point x="19" y="458"/><point x="307" y="458"/><point x="307" y="260"/><point x="447" y="260"/></area><area name="Connecteur " refid="_17_0_4_2_b1402db_1434813800012_63286_14331" shape="poly"><point x="614" y="118"/><point x="614" y="139"/><point x="750" y="139"/><point x="750" y="456"/><point x="21" y="456"/><point x="19" y="458"/><point x="748" y="458"/><point x="748" y="141"/><point x="612" y="141"/><point x="612" y="120"/></area><area name="Fin de Connecteur " refid="_17_0_4_2_b1402db_1434812462670_820498_13265" shape="rect"><point x="137" y="72"/><point x="148" y="72"/><point x="148" y="83"/><point x="137" y="83"/></area><area name="Fin de Connecteur " refid="_17_0_4_2_b1402db_1434812462669_266941_13264" shape="rect"><point x="20" y="72"/><point x="31" y="72"/><point x="31" y="83"/><point x="20" y="83"/></area><area name="Fin de Connecteur " refid="_17_0_4_2_b1402db_1434812518951_488993_13399" shape="rect"><point x="174" y="157"/><point x="185" y="157"/><point x="185" y="168"/><point x="174" y="168"/></area><area name="Fin de Connecteur " refid="_17_0_4_2_b1402db_1434812518951_322755_13398" shape="rect"><point x="174" y="207"/><point x="185" y="207"/><point x="185" y="218"/><point x="174" y="218"/></area><area name="Fin de Connecteur " refid="_17_0_4_2_b1402db_1434812561597_746103_13426" shape="rect"><point x="228" y="207"/><point x="239" y="207"/><point x="239" y="218"/><point x="228" y="218"/></area><area name="Fin de Connecteur " refid="_17_0_4_2_b1402db_1434812561597_739081_13425" shape="rect"><point x="228" y="157"/><point x="239" y="157"/><point x="239" y="168"/><point x="228" y="168"/></area><area name="Fin de Connecteur " refid="_17_0_4_2_b1402db_1434812743728_512032_13561" shape="rect"><point x="522" y="76"/><point x="533" y="76"/><point x="533" y="87"/><point x="522" y="87"/></area><area name="Fin de Connecteur " refid="_17_0_4_2_b1402db_1434812743728_306709_13560" shape="rect"><point x="413" y="76"/><point x="424" y="76"/><point x="424" y="87"/><point x="413" y="87"/></area><area name="Fin de Connecteur " refid="_17_0_4_2_b1402db_1434812831474_755597_13652" shape="rect"><point x="814" y="90"/><point x="825" y="90"/><point x="825" y="101"/><point x="814" y="101"/></area><area name="Fin de Connecteur " refid="_17_0_4_2_b1402db_1434812831473_626961_13651" shape="rect"><point x="661" y="90"/><point x="672" y="90"/><point x="672" y="101"/><point x="661" y="101"/></area><area name="Fin de Connecteur " refid="_17_0_4_2_b1402db_1434813249950_128803_13850" shape="rect"><point x="366" y="333"/><point x="377" y="333"/><point x="377" y="344"/><point x="366" y="344"/></area><area name="Fin de Connecteur " refid="_17_0_4_2_b1402db_1434813249950_774964_13849" shape="rect"><point x="366" y="157"/><point x="377" y="157"/><point x="377" y="168"/><point x="366" y="168"/></area><area name="Fin de Connecteur " refid="_17_0_4_2_b1402db_1434813278046_824431_13882" shape="rect"><point x="496" y="333"/><point x="507" y="333"/><point x="507" y="344"/><point x="496" y="344"/></area><area name="Fin de Connecteur " refid="_17_0_4_2_b1402db_1434813278046_768917_13881" shape="rect"><point x="496" y="301"/><point x="507" y="301"/><point x="507" y="312"/><point x="496" y="312"/></area><area name="Fin de Connecteur " refid="_17_0_4_2_b1402db_1434813327215_755584_13934" shape="rect"><point x="620" y="301"/><point x="631" y="301"/><point x="631" y="312"/><point x="620" y="312"/></area><area name="Fin de Connecteur " refid="_17_0_4_2_b1402db_1434813327215_48664_13933" shape="rect"><point x="567" y="391"/><point x="578" y="391"/><point x="578" y="402"/><point x="567" y="402"/></area><area name="Fin de Connecteur " refid="_17_0_4_2_b1402db_1434813435571_611916_13997" shape="rect"><point x="475" y="186"/><point x="486" y="186"/><point x="486" y="197"/><point x="475" y="197"/></area><area name="Fin de Connecteur " refid="_17_0_4_2_b1402db_1434813435571_866304_13996" shape="rect"><point x="413" y="111"/><point x="424" y="111"/><point x="424" y="122"/><point x="413" y="122"/></area><area name="Fin de Connecteur " refid="_17_0_4_2_b1402db_1434813528928_912101_14066" shape="rect"><point x="814" y="181"/><point x="825" y="181"/><point x="825" y="192"/><point x="814" y="192"/></area><area name="Fin de Connecteur " refid="_17_0_4_2_b1402db_1434813528928_516691_14065" shape="rect"><point x="636" y="186"/><point x="647" y="186"/><point x="647" y="197"/><point x="636" y="197"/></area><area name="Fin de Connecteur " refid="_17_0_4_2_b1402db_1434813783899_703910_14285" shape="rect"><point x="137" y="107"/><point x="148" y="107"/><point x="148" y="118"/><point x="137" y="118"/></area><area name="Fin de Connecteur " refid="_17_0_4_2_b1402db_1434813783899_663092_14284" shape="rect"><point x="20" y="452"/><point x="31" y="452"/><point x="31" y="463"/><point x="20" y="463"/></area><area name="Fin de Connecteur " refid="_17_0_4_2_b1402db_1434813787575_814227_14297" shape="rect"><point x="191" y="294"/><point x="202" y="294"/><point x="202" y="305"/><point x="191" y="305"/></area><area name="Fin de Connecteur " refid="_17_0_4_2_b1402db_1434813787575_691709_14296" shape="rect"><point x="20" y="452"/><point x="31" y="452"/><point x="31" y="463"/><point x="20" y="463"/></area><area name="Fin de Connecteur " refid="_17_0_4_2_b1402db_1434813791263_526311_14309" shape="rect"><point x="387" y="420"/><point x="398" y="420"/><point x="398" y="431"/><point x="387" y="431"/></area><area name="Fin de Connecteur " refid="_17_0_4_2_b1402db_1434813791263_556518_14308" shape="rect"><point x="20" y="452"/><point x="31" y="452"/><point x="31" y="463"/><point x="20" y="463"/></area><area name="Fin de Connecteur " refid="_17_0_4_2_b1402db_1434813795697_621244_14321" shape="rect"><point x="438" y="254"/><point x="449" y="254"/><point x="449" y="265"/><point x="438" y="265"/></area><area name="Fin de Connecteur " refid="_17_0_4_2_b1402db_1434813795697_209478_14320" shape="rect"><point x="20" y="452"/><point x="31" y="452"/><point x="31" y="463"/><point x="20" y="463"/></area><area name="Fin de Connecteur " refid="_17_0_4_2_b1402db_1434813800012_418401_14333" shape="rect"><point x="608" y="119"/><point x="619" y="119"/><point x="619" y="130"/><point x="608" y="130"/></area><area name="Fin de Connecteur " refid="_17_0_4_2_b1402db_1434813800012_356027_14332" shape="rect"><point x="20" y="452"/><point x="31" y="452"/><point x="31" y="463"/><point x="20" y="463"/></area><area name="Port Rotation casque" refid="_17_0_4_2_b1402db_1434811146455_654965_13101" shape="rect"><point x="5" y="70"/><point x="21" y="70"/><point x="21" y="86"/><point x="5" y="86"/></area><area name="Port p1" refid="_17_0_4_2_b1402db_1434812823999_168844_13605" shape="rect"><point x="824" y="88"/><point x="840" y="88"/><point x="840" y="104"/><point x="824" y="104"/></area><area name="Flow Port p2" refid="_17_0_4_2_b1402db_1434813521137_582911_14044" shape="rect"><point x="824" y="178"/><point x="840" y="178"/><point x="840" y="194"/><point x="824" y="194"/></area><area name="Flow Port Energie élec" refid="_17_0_4_2_b1402db_1434813644744_894020_14080" shape="rect"><point x="5" y="448"/><point x="21" y="448"/><point x="21" y="464"/><point x="5" y="464"/></area><area name="Port p3" refid="_17_0_4_2_b1402db_1434811139264_136145_13076" shape="rect"><point x="618" y="286"/><point x="634" y="286"/><point x="634" y="302"/><point x="618" y="302"/></area><area name="Flow Port Fixation axe optique" refid="_17_0_4_2_b1402db_1434812984281_90151_13704" shape="rect"><point x="473" y="196"/><point x="489" y="196"/><point x="489" y="212"/><point x="473" y="212"/></area><area name="Flow Port Position axe boule" refid="_17_0_4_2_b1402db_1434813195774_642642_13786" shape="rect"><point x="492" y="286"/><point x="508" y="286"/><point x="508" y="302"/><point x="492" y="302"/></area><area name="Flow Port Perturbations hélico" refid="_17_0_4_2_b1402db_1434813509106_969869_14014" shape="rect"><point x="632" y="196"/><point x="648" y="196"/><point x="648" y="212"/><point x="632" y="212"/></area><area name="Flow Port p5" refid="_17_0_4_2_b1402db_1434813736899_444848_14203" shape="rect"><point x="448" y="250"/><point x="464" y="250"/><point x="464" y="266"/><point x="448" y="266"/></area><area name="Flow Port Vitesse axe optique" refid="_17_0_4_1bde048e_1433489638526_603770_13009" shape="rect"><point x="225" y="142"/><point x="241" y="142"/><point x="241" y="158"/><point x="225" y="158"/></area><area name="Port Rotation casque" refid="_17_0_4_2_b1402db_1434812450286_348_13212" shape="rect"><point x="147" y="69"/><point x="163" y="69"/><point x="163" y="85"/><point x="147" y="85"/></area><area name="Port Mesure vitesse axe optique" refid="_17_0_4_2_b1402db_1434812510959_517884_13340" shape="rect"><point x="172" y="142"/><point x="188" y="142"/><point x="188" y="158"/><point x="172" y="158"/></area><area name="Flow Port Energie méca axe boule" refid="_17_0_4_2_b1402db_1434812719700_81826_13527" shape="rect"><point x="398" y="73"/><point x="414" y="73"/><point x="414" y="89"/><point x="398" y="89"/></area><area name="Flow Port Position axe optique" refid="_17_0_4_2_b1402db_1434813209916_61562_13816" shape="rect"><point x="364" y="142"/><point x="380" y="142"/><point x="380" y="158"/><point x="364" y="158"/></area><area name="Flow Port Fixation caméra" refid="_17_0_4_2_b1402db_1434813424533_800021_13963" shape="rect"><point x="398" y="109"/><point x="414" y="109"/><point x="414" y="125"/><point x="398" y="125"/></area><area name="Flow Port p8" refid="_17_0_4_2_b1402db_1434813694262_243469_14107" shape="rect"><point x="147" y="106"/><point x="163" y="106"/><point x="163" y="122"/><point x="147" y="122"/></area><area name="Flow Port p1" refid="_17_0_4_1bde048e_1434797560417_76757_13800" shape="rect"><point x="532" y="74"/><point x="548" y="74"/><point x="548" y="90"/><point x="532" y="90"/></area><area name="Port Données image" refid="_17_0_4_2_b1402db_1434812804360_896849_13574" shape="rect"><point x="646" y="85"/><point x="662" y="85"/><point x="662" y="101"/><point x="646" y="101"/></area><area name="Flow Port p2" refid="_17_0_4_2_b1402db_1434813760382_415338_14233" shape="rect"><point x="606" y="104"/><point x="622" y="104"/><point x="622" y="120"/><point x="606" y="120"/></area><area name="Flow Port p1" refid="_17_0_4_1bde048e_1434797595982_513574_13824" shape="rect"><point x="227" y="217"/><point x="243" y="217"/><point x="243" y="233"/><point x="227" y="233"/></area><area name="Port Mesure vitesse" refid="_17_0_4_2_b1402db_1434812488325_431166_13285" shape="rect"><point x="171" y="217"/><point x="187" y="217"/><point x="187" y="233"/><point x="171" y="233"/></area><area name="Flow Port p2" refid="_17_0_4_2_b1402db_1434813713446_163018_14143" shape="rect"><point x="188" y="279"/><point x="204" y="279"/><point x="204" y="295"/><point x="188" y="295"/></area><area name="Flow Port Position axe optique" refid="_17_0_4_2_b1402db_1434813139833_86108_13738" shape="rect"><point x="364" y="343"/><point x="380" y="343"/><point x="380" y="359"/><point x="364" y="359"/></area><area name="Flow Port Position axe boule" refid="_17_0_4_2_b1402db_1434813154434_114928_13762" shape="rect"><point x="492" y="343"/><point x="508" y="343"/><point x="508" y="359"/><point x="492" y="359"/></area><area name="Port Mesure Position reltative" refid="_17_0_4_2_b1402db_1434813303905_299190_13893" shape="rect"><point x="552" y="389"/><point x="568" y="389"/><point x="568" y="405"/><point x="552" y="405"/></area><area name="Flow Port p1" refid="_17_0_4_2_b1402db_1434813725055_106632_14173" shape="rect"><point x="384" y="405"/><point x="400" y="405"/><point x="400" y="421"/><point x="384" y="421"/></area><area name="Part Property Caméras" refid="_17_0_4_1bde048e_1434795942808_773653_13451" shape="rect"><point x="539" y="56"/><point x="655" y="56"/><point x="655" y="113"/><point x="539" y="113"/></area><area name="Part Property Gyro CRS43" refid="_17_0_4_1bde048e_1434797520471_77269_13740" shape="rect"><point x="140" y="224"/><point x="284" y="224"/><point x="284" y="288"/><point x="140" y="288"/></area><area name="Part Property Capteur QR30" refid="_17_0_4_1bde048e_1434797527629_454886_13769" shape="rect"><point x="336" y="350"/><point x="561" y="350"/><point x="561" y="414"/><point x="336" y="414"/></area><area name="Part Property " refid="_17_0_4_1bde048e_1434795748733_830011_13356" shape="rect"><point x="455" y="203"/><point x="701" y="203"/><point x="701" y="295"/><point x="455" y="295"/></area><area name="Part Property " refid="_17_0_4_1bde048e_1434795742226_853383_13332" shape="rect"><point x="154" y="56"/><point x="407" y="56"/><point x="407" y="151"/><point x="154" y="151"/></area></map><name humanName="Nom" mode="standard,expert">ibd boule gyrostabilisée globale</name><qualifiedName humanName="Nom Qualifié" mode="expert">Diagrammes structurels::ibd boule gyrostabilisée globale</qualifiedName><owner classType="Package" humanName="Possesseur" humanType="Paquet" icon="SysML - BGR-300_files/icon_package.jpg" mode="standard,expert" name="Diagrammes structurels" refid="_17_0_4_1bde048e_1432709420229_900021_11285"/><ownerOfDiagram classType="Package" humanName="Possesseur du Diagramme" humanType="Paquet" icon="SysML - BGR-300_files/icon_package.jpg" name="Diagrammes structurels" refid="_17_0_4_1bde048e_1432709420229_900021_11285"/><APPLIED_STEREOTYPES humanName="Stéréotype Appliqué" mode="standard,expert"><stereotype classType="Stereotype" humanType="Stéréotype" icon="SysML - BGR-300_files/icon_stereotype.jpg" name="DiagramInfo" refid="_9_0_be00301_1108044380615_150487_0"/></APPLIED_STEREOTYPES><appliedStereotype humanName="Stéréotype Appliqué" mode="standard,expert"><stereotype classType="Stereotype" humanType="Stéréotype" icon="SysML - BGR-300_files/icon_stereotype.jpg" name="DiagramInfo" refid="_9_0_be00301_1108044380615_150487_0"><property classType="Property" humanName="Author" humanType="Propriété" icon="SysML - BGR-300_files/icon_property.jpg" name="Author" refid="_be00301_1077726770128_871366_1"><String>svillacampa</String></property><property classType="Property" humanName="base_Diagram" humanType="Propriété" icon="SysML - BGR-300_files/icon_property.jpg" name="base_Diagram" refid="_10_0EAPbeta_be00301_1123081772498_901864_356"/><property classType="Property" humanName="base_Element" humanType="Propriété" icon="SysML - BGR-300_files/icon_property.jpg" name="base_Element" refid="_10_0EAPbeta_be00301_1123081772098_411862_275"/><property classType="Property" humanName="Creation date" humanType="Propriété" icon="SysML - BGR-300_files/icon_property.jpg" name="Creation date" refid="_be00301_1073306188629_537791_2"><String>20/06/15 12:28</String></property><property classType="Property" humanName="Last modified by" humanType="Propriété" icon="SysML - BGR-300_files/icon_property.jpg" name="Last modified by" refid="_16_8beta_8ca0285_1257244649124_794756_344"><String>Olivier</String></property><property classType="Property" humanName="Modification date" humanType="Propriété" icon="SysML - BGR-300_files/icon_property.jpg" name="Modification date" refid="_be00301_1073394345322_922552_1"><String>20/06/15 18:51</String></property></stereotype></appliedStereotype><visibility humanName="Visibilité">public</visibility></diagram></magicdraw>