<?xml version="1.0" encoding="UTF-8"?>
<magicdraw><instancespecification classType="InstanceSpecification" humanType="Spécification d'Instance" icon="SysML - BGR-300_files/icon_instancespecification.jpg" id="_17_0_4_1bde048e_1434795942868_903509_13460"><TO_DO humanName="A Faire" mode="standard,expert"></TO_DO><classifier humanName="Classificateur" mode="standard,expert"><stereotype classType="Stereotype" humanType="Stéréotype" icon="SysML - BGR-300_files/icon_stereotype.jpg" name="PartProperty" refid="_15_0_be00301_1199377756297_348405_2678"/></classifier><stereotypedElement classType="Property" humanName="Elément Stéréotypé" humanType="Part Property" icon="SysML - BGR-300_files/icon_partproperty.jpg" name="Caméras" refid="_17_0_4_1bde048e_1434795942808_773653_13451"/><name humanName="Nom" mode="standard,expert"></name><qualifiedName humanName="Nom Qualifié" mode="expert">Divers::Boule gyrostabilisée::Caméras::</qualifiedName><owner classType="Property" humanName="Possesseur" humanType="Part Property" icon="SysML - BGR-300_files/icon_partproperty.jpg" mode="standard,expert" name="Caméras" refid="_17_0_4_1bde048e_1434795942808_773653_13451"/><visibility humanName="Visibilité">public</visibility></instancespecification></magicdraw>