<?xml version="1.0" encoding="UTF-8"?>
<magicdraw><profileapplication classType="ProfileApplication" humanType="Profil d'Application" icon="SysML - BGR-300_files/icon_profileapplication.jpg" id="_17_0_4_1bde048e_1432708025786_534643_10831"><TO_DO humanName="A Faire" mode="standard,expert"></TO_DO><applyingPackage classType="Model" humanName="Application du Paquetage" humanType="Modèle" icon="SysML - BGR-300_files/icon_model.jpg" name="Boule gyrostabilisée" refid="eee_1045467100313_135436_1"/><target humanName="Cible"><profile classType="Profile" humanType="Profil" icon="SysML - BGR-300_files/icon_profile.jpg" name="SysML" refid="_11_5EAPbeta_be00301_1147434586638_637562_1900"/></target><relatedElement humanName="Elément Relié"><model classType="Model" humanType="Modèle" icon="SysML - BGR-300_files/icon_model.jpg" name="Boule gyrostabilisée" refid="eee_1045467100313_135436_1"/><profile classType="Profile" humanType="Profil" icon="SysML - BGR-300_files/icon_profile.jpg" name="SysML" refid="_11_5EAPbeta_be00301_1147434586638_637562_1900"/></relatedElement><isStrict humanName="Est Strict">false</isStrict><owner classType="Model" humanName="Possesseur" humanType="Modèle" icon="SysML - BGR-300_files/icon_model.jpg" mode="standard,expert" name="Boule gyrostabilisée" refid="eee_1045467100313_135436_1"/><appliedProfile classType="Profile" humanName="Profil Appliqué" humanType="Profil" icon="SysML - BGR-300_files/icon_profile.jpg" name="SysML" refid="_11_5EAPbeta_be00301_1147434586638_637562_1900"/><source humanName="Source"><model classType="Model" humanType="Modèle" icon="SysML - BGR-300_files/icon_model.jpg" name="Boule gyrostabilisée" refid="eee_1045467100313_135436_1"/></source></profileapplication></magicdraw>