<?xml version="1.0" encoding="UTF-8"?>
<magicdraw><requirement classType="Class" humanType="Requirement" icon="SysML - BGR-300_files/icon_requirement.jpg" id="_17_0_4_1bde048e_1432708734594_786992_11022"><TO_DO humanName="A Faire" mode="standard,expert"></TO_DO><nestedClassifier humanName="Classificateur Imbriqué"><requirement classType="Class" humanType="Requirement" icon="SysML - BGR-300_files/icon_requirement.jpg" name="Exigences " refid="_17_0_4_1bde048e_1432709043059_848821_11188"/><requirement classType="Class" humanType="Requirement" icon="SysML - BGR-300_files/icon_requirement.jpg" name="Exigences fonctionnelles" refid="_17_0_4_1bde048e_1432709031164_308042_11152"/><requirement classType="Class" humanType="Requirement" icon="SysML - BGR-300_files/icon_requirement.jpg" name="Exigences techniques" refid="_17_0_4_1bde048e_1432709022571_740089_11116"/></nestedClassifier><ownedElement humanName="Elément avec Possesseur"><instancespecification classType="InstanceSpecification" humanType="Spécification d'Instance" icon="SysML - BGR-300_files/icon_instancespecification.jpg" name="" refid="_17_0_4_1bde048e_1432708734594_702444_11023"/><requirement classType="Class" humanType="Requirement" icon="SysML - BGR-300_files/icon_requirement.jpg" name="Exigences " refid="_17_0_4_1bde048e_1432709043059_848821_11188"/><requirement classType="Class" humanType="Requirement" icon="SysML - BGR-300_files/icon_requirement.jpg" name="Exigences fonctionnelles" refid="_17_0_4_1bde048e_1432709031164_308042_11152"/><requirement classType="Class" humanType="Requirement" icon="SysML - BGR-300_files/icon_requirement.jpg" name="Exigences techniques" refid="_17_0_4_1bde048e_1432709022571_740089_11116"/></ownedElement><namespace classType="Package" humanName="Espace de Nommage" humanType="Paquet" icon="SysML - BGR-300_files/icon_package.jpg" name="Divers" refid="_17_0_4_2_b1402db_1434819072685_820867_16616"/><isAbstract humanName="Est Abstrait" mode="standard,expert">false</isAbstract><isActive humanName="Est Actif" mode="standard,expert">false</isActive><isFinalSpecialization humanName="Est Final Spécialisation" mode="expert">false</isFinalSpecialization><isLeaf humanName="Est une Feuille" mode="expert">false</isLeaf><appliedStereotypeInstance classType="InstanceSpecification" humanName="Instance de Stéréotype Appliqué" humanType="Spécification d'Instance" icon="SysML - BGR-300_files/icon_instancespecification.jpg" name="" refid="_17_0_4_1bde048e_1432708734594_702444_11023"/><member humanName="Membre"><requirement classType="Class" humanType="Requirement" icon="SysML - BGR-300_files/icon_requirement.jpg" name="Exigences " refid="_17_0_4_1bde048e_1432709043059_848821_11188"/><requirement classType="Class" humanType="Requirement" icon="SysML - BGR-300_files/icon_requirement.jpg" name="Exigences fonctionnelles" refid="_17_0_4_1bde048e_1432709031164_308042_11152"/><requirement classType="Class" humanType="Requirement" icon="SysML - BGR-300_files/icon_requirement.jpg" name="Exigences techniques" refid="_17_0_4_1bde048e_1432709022571_740089_11116"/></member><ownedMember humanName="Membre avec Possesseur"><requirement classType="Class" humanType="Requirement" icon="SysML - BGR-300_files/icon_requirement.jpg" name="Exigences " refid="_17_0_4_1bde048e_1432709043059_848821_11188"/><requirement classType="Class" humanType="Requirement" icon="SysML - BGR-300_files/icon_requirement.jpg" name="Exigences fonctionnelles" refid="_17_0_4_1bde048e_1432709031164_308042_11152"/><requirement classType="Class" humanType="Requirement" icon="SysML - BGR-300_files/icon_requirement.jpg" name="Exigences techniques" refid="_17_0_4_1bde048e_1432709022571_740089_11116"/></ownedMember><name humanName="Nom" mode="standard,expert">Exigence globale</name><qualifiedName humanName="Nom Qualifié" mode="expert">Divers::Exigence globale</qualifiedName><package classType="Package" humanName="Paquetage" humanType="Paquet" icon="SysML - BGR-300_files/icon_package.jpg" name="Divers" refid="_17_0_4_2_b1402db_1434819072685_820867_16616"/><owningPackage classType="Package" humanName="Paquetage de Possession" humanType="Paquet" icon="SysML - BGR-300_files/icon_package.jpg" name="Divers" refid="_17_0_4_2_b1402db_1434819072685_820867_16616"/><owner classType="Package" humanName="Possesseur" humanType="Paquet" icon="SysML - BGR-300_files/icon_package.jpg" mode="standard,expert" name="Divers" refid="_17_0_4_2_b1402db_1434819072685_820867_16616"/><APPLIED_STEREOTYPES humanName="Stéréotype Appliqué" mode="expert"><stereotype classType="Stereotype" humanType="Stéréotype" icon="SysML - BGR-300_files/icon_stereotype.jpg" name="Requirement" refid="_11_5EAPbeta_be00301_1147873190330_159934_2220"/></APPLIED_STEREOTYPES><appliedStereotype humanName="Stéréotype Appliqué" mode="expert"><stereotype classType="Stereotype" humanType="Stéréotype" icon="SysML - BGR-300_files/icon_stereotype.jpg" name="Requirement" refid="_11_5EAPbeta_be00301_1147873190330_159934_2220"><property classType="Property" humanName="base_Class" humanType="Propriété" icon="SysML - BGR-300_files/icon_property.jpg" name="base_Class" refid="_11_5EAPbeta_be00301_1147873202657_657868_2245"/><property classType="Property" humanName="Derived" humanType="Propriété" icon="SysML - BGR-300_files/icon_property.jpg" name="Derived" refid="_11_5EAPbeta_be00301_1147873270395_224246_2315"/><property classType="Property" humanName="DerivedFrom" humanType="Propriété" icon="SysML - BGR-300_files/icon_property.jpg" name="DerivedFrom" refid="_11_5EAPbeta_be00301_1147873420921_577811_2428"/><property classType="Property" humanName="Id" humanType="Propriété" icon="SysML - BGR-300_files/icon_property.jpg" name="Id" refid="_11_5EAPbeta_be00301_1147873236436_846958_2313"><String>23</String></property><property classType="Property" humanName="Master" humanType="Propriété" icon="SysML - BGR-300_files/icon_property.jpg" name="Master" refid="_11_5EAPbeta_be00301_1147873471464_579660_2432"/><property classType="Property" humanName="RefinedBy" humanType="Propriété" icon="SysML - BGR-300_files/icon_property.jpg" name="RefinedBy" refid="_11_5EAPbeta_be00301_1147937729182_464142_2439"/><property classType="Property" humanName="SatisfiedBy" humanType="Propriété" icon="SysML - BGR-300_files/icon_property.jpg" name="SatisfiedBy" refid="_11_5EAPbeta_be00301_1147873686663_144388_2435"/><property classType="Property" humanName="Text" humanType="Propriété" icon="SysML - BGR-300_files/icon_property.jpg" name="Text" refid="_11_5EAPbeta_be00301_1147873226632_528960_2311"><String>Le système doit permettre d'aligner la ligne de visée du pilote du porteur avec l'axe optique des caméras de la boule gyrostabilisée, quels que soient les mouvements du porteur ou de la tête du pilote.</String></property><property classType="Property" humanName="TracedTo" humanType="Propriété" icon="SysML - BGR-300_files/icon_property.jpg" name="TracedTo" refid="_11_5EAPbeta_be00301_1147937745866_238216_2443"/><property classType="Property" humanName="VerifiedBy" humanType="Propriété" icon="SysML - BGR-300_files/icon_property.jpg" name="VerifiedBy" refid="_11_5EAPbeta_be00301_1147937806133_309234_2611"/></stereotype></appliedStereotype><visibility humanName="Visibilité" mode="standard,expert">public</visibility></requirement></magicdraw>