<?xml version="1.0" encoding="UTF-8"?>
<magicdraw><usecase classType="UseCase" humanType="Cas d'Utilisation" icon="SysML - BGR-300_files/icon_usecase.jpg" id="_17_0_4_1bde048e_1434794130502_908190_12771"><TO_DO humanName="A Faire" mode="standard,expert"></TO_DO><ownedElement humanName="Elément avec Possesseur"><instancespecification classType="InstanceSpecification" humanType="Spécification d'Instance" icon="SysML - BGR-300_files/icon_instancespecification.jpg" name="" refid="_17_0_4_1bde048e_1434794130527_925433_12783"/><generalization classType="Generalization" humanType="Généralisation" icon="SysML - BGR-300_files/icon_generalization.jpg" isRelationship="true" refid="_17_0_4_1bde048e_1434794146671_260454_12795"/></ownedElement><namespace classType="Package" humanName="Espace de Nommage" humanType="Paquet" icon="SysML - BGR-300_files/icon_package.jpg" name="Divers" refid="_17_0_4_2_b1402db_1434819072685_820867_16616"/><isAbstract humanName="Est Abstrait">false</isAbstract><isFinalSpecialization humanName="Est Final Spécialisation">false</isFinalSpecialization><isLeaf humanName="Est une Feuille">false</isLeaf><general humanName="Général"><usecase classType="UseCase" humanType="Cas d'Utilisation" icon="SysML - BGR-300_files/icon_usecase.jpg" name="Obtenir une image fidèle suivant la ligne de visée" refid="_17_0_4_1bde048e_1432708214449_154489_10903"/></general><generalization humanName="Généralisation"><generalization classType="Generalization" humanType="Généralisation" icon="SysML - BGR-300_files/icon_generalization.jpg" isRelationship="true" refid="_17_0_4_1bde048e_1434794146671_260454_12795"/></generalization><appliedStereotypeInstance classType="InstanceSpecification" humanName="Instance de Stéréotype Appliqué" humanType="Spécification d'Instance" icon="SysML - BGR-300_files/icon_instancespecification.jpg" name="" refid="_17_0_4_1bde048e_1434794130527_925433_12783"/><name humanName="Nom" mode="standard,expert">Désigner la ligne de visée par le regard</name><qualifiedName humanName="Nom Qualifié" mode="expert">Divers::Désigner la ligne de visée par le regard</qualifiedName><package classType="Package" humanName="Paquetage" humanType="Paquet" icon="SysML - BGR-300_files/icon_package.jpg" name="Divers" refid="_17_0_4_2_b1402db_1434819072685_820867_16616"/><owningPackage classType="Package" humanName="Paquetage de Possession" humanType="Paquet" icon="SysML - BGR-300_files/icon_package.jpg" name="Divers" refid="_17_0_4_2_b1402db_1434819072685_820867_16616"/><owner classType="Package" humanName="Possesseur" humanType="Paquet" icon="SysML - BGR-300_files/icon_package.jpg" mode="standard,expert" name="Divers" refid="_17_0_4_2_b1402db_1434819072685_820867_16616"/><APPLIED_STEREOTYPES humanName="Stéréotype Appliqué" mode="standard,expert"><stereotype classType="Stereotype" humanType="Stéréotype" icon="SysML - BGR-300_files/icon_stereotype.jpg" name="requirementUseCase" refid="_9_0_2_be00301_1112960475215_37141_0"/></APPLIED_STEREOTYPES><appliedStereotype humanName="Stéréotype Appliqué" mode="standard,expert"><stereotype classType="Stereotype" humanType="Stéréotype" icon="SysML - BGR-300_files/icon_stereotype.jpg" name="requirementUseCase" refid="_9_0_2_be00301_1112960475215_37141_0"><property classType="Property" humanName="Alternative Flow of Events" humanType="Propriété" icon="SysML - BGR-300_files/icon_property.jpg" name="Alternative Flow of Events" refid="_be00301_1066810372024_418388_155"/><property classType="Property" humanName="Alternative Flow of Events Diagrams" humanType="Propriété" icon="SysML - BGR-300_files/icon_property.jpg" name="Alternative Flow of Events Diagrams" refid="_be00301_1066810372024_338362_156"/><property classType="Property" humanName="Assumption" humanType="Propriété" icon="SysML - BGR-300_files/icon_property.jpg" name="Assumption" refid="_be00301_1066897101064_364082_97"/><property classType="Property" humanName="Author" humanType="Propriété" icon="SysML - BGR-300_files/icon_property.jpg" name="Author" refid="_be00301_1066744391809_291056_1"/><property classType="Property" humanName="base_UseCase" humanType="Propriété" icon="SysML - BGR-300_files/icon_property.jpg" name="base_UseCase" refid="_10_0EAPbeta_62a020a_1120463197909_666480_923"/><property classType="Property" humanName="Basic Flow of Events" humanType="Propriété" icon="SysML - BGR-300_files/icon_property.jpg" name="Basic Flow of Events" refid="_be00301_1066745578365_161054_31"/><property classType="Property" humanName="Basic Flow of Events Diagrams" humanType="Propriété" icon="SysML - BGR-300_files/icon_property.jpg" name="Basic Flow of Events Diagrams" refid="_be00301_1066808483999_917377_153"/><property classType="Property" humanName="Component Complexity" humanType="Propriété" icon="SysML - BGR-300_files/icon_property.jpg" name="Component Complexity" refid="_86b026b_1101133929591_761242_5"><enumerationliteral classType="EnumerationLiteral" humanType="Littéral d'Enumération" icon="SysML - BGR-300_files/icon_enumerationliteral.jpg" name="Average Complexity" refid="_86b026b_1101133755370_352268_1"/></property><property classType="Property" humanName="Component Type" humanType="Propriété" icon="SysML - BGR-300_files/icon_property.jpg" name="Component Type" refid="_86b026b_1100852264416_178731_18"/><property classType="Property" humanName="Date" humanType="Propriété" icon="SysML - BGR-300_files/icon_property.jpg" name="Date" refid="_be00301_1066745578365_232_29"/><property classType="Property" humanName="Exceptional Flow of Events" humanType="Propriété" icon="SysML - BGR-300_files/icon_property.jpg" name="Exceptional Flow of Events" refid="_be00301_1066813090914_271384_2"/><property classType="Property" humanName="Exceptional Flow of Events Diagrams" humanType="Propriété" icon="SysML - BGR-300_files/icon_property.jpg" name="Exceptional Flow of Events Diagrams" refid="_be00301_1066813090914_199818_4"/><property classType="Property" humanName="Goal" humanType="Propriété" icon="SysML - BGR-300_files/icon_property.jpg" name="Goal" refid="_be00301_1066745578365_830651_25"/><property classType="Property" humanName="Implementation Issues" humanType="Propriété" icon="SysML - BGR-300_files/icon_property.jpg" name="Implementation Issues" refid="_be00301_1066897101034_150494_93"/><property classType="Property" humanName="Non Functional Requirements" humanType="Propriété" icon="SysML - BGR-300_files/icon_property.jpg" name="Non Functional Requirements" refid="_be00301_1066897101054_362364_95"/><property classType="Property" humanName="Notes" humanType="Propriété" icon="SysML - BGR-300_files/icon_property.jpg" name="Notes" refid="_be00301_1066897101074_628189_103"/><property classType="Property" humanName="Out-standing Issue" humanType="Propriété" icon="SysML - BGR-300_files/icon_property.jpg" name="Out-standing Issue" refid="_be00301_1066897101064_466615_101"/><property classType="Property" humanName="PostCondition" humanType="Propriété" icon="SysML - BGR-300_files/icon_property.jpg" name="PostCondition" refid="_be00301_1069345036881_177859_3"/><property classType="Property" humanName="PreCondition" humanType="Propriété" icon="SysML - BGR-300_files/icon_property.jpg" name="PreCondition" refid="_be00301_1069345036881_119566_4"/><property classType="Property" humanName="Priority" humanType="Propriété" icon="SysML - BGR-300_files/icon_property.jpg" name="Priority" refid="_be00301_1066819978618_241022_86"><enumerationliteral classType="EnumerationLiteral" humanType="Littéral d'Enumération" icon="SysML - BGR-300_files/icon_enumerationliteral.jpg" name="Normal" refid="_be00301_1066820307541_976329_94"/></property><property classType="Property" humanName="UseCase Complexity" humanType="Propriété" icon="SysML - BGR-300_files/icon_property.jpg" name="UseCase Complexity" refid="_86b026b_1100852264416_278032_17"><enumerationliteral classType="EnumerationLiteral" humanType="Littéral d'Enumération" icon="SysML - BGR-300_files/icon_enumerationliteral.jpg" name="Average Complexity" refid="_86b026b_1100851488050_713066_5"/></property><property classType="Property" humanName="UseCase Number" humanType="Propriété" icon="SysML - BGR-300_files/icon_property.jpg" name="UseCase Number" refid="_be00301_1066745578365_771812_27"><String>1</String></property><property classType="Property" humanName="useCaseID" humanType="Propriété" icon="SysML - BGR-300_files/icon_property.jpg" name="useCaseID" refid="_17_0_2beta_9150291_1331128013151_928745_3330"><String></String></property></stereotype></appliedStereotype><visibility humanName="Visibilité">public</visibility></usecase></magicdraw>