<?xml version="1.0" encoding="UTF-8"?>
<magicdraw><association classType="Association" humanType="Association" icon="SysML - BGR-300_files/icon_association.jpg" id="_17_0_4_1bde048e_1433746048120_618279_13174"><TO_DO humanName="A Faire"></TO_DO><feature humanName="Caractéristique"><property classType="Property" humanType="Propriété" icon="SysML - BGR-300_files/icon_property.jpg" name="" refid="_17_0_4_1bde048e_1433746048121_864756_13176"/></feature><ownedElement humanName="Elément avec Possesseur"><property classType="Property" humanType="Propriété" icon="SysML - BGR-300_files/icon_property.jpg" name="" refid="_17_0_4_1bde048e_1433746048121_864756_13176"/></ownedElement><relatedElement humanName="Elément Relié"><subsystem classType="Class" humanType="Subsystem" icon="SysML - BGR-300_files/icon_subsystem.jpg" name="Etage boule (gros)" refid="_17_0_4_1bde048e_1433744897780_776633_12801"/><block classType="Class" humanType="Block" icon="SysML - BGR-300_files/icon_block.jpg" name="Réducteur" refid="_17_0_4_1bde048e_1433745282480_699785_12949"/></relatedElement><namespace classType="Package" humanName="Espace de Nommage" humanType="Paquet" icon="SysML - BGR-300_files/icon_package.jpg" name="Etage boule (gros)" refid="_17_0_4_1bde048e_1433354627169_728308_12925"/><isAbstract humanName="Est Abstrait">false</isAbstract><isDerived humanName="Est Dérivé">false</isDerived><isFinalSpecialization humanName="Est Final Spécialisation">false</isFinalSpecialization><isLeaf humanName="Est une Feuille">false</isLeaf><ownedEnd humanName="Fin avec Possesseur"><property classType="Property" humanType="Propriété" icon="SysML - BGR-300_files/icon_property.jpg" name="" refid="_17_0_4_1bde048e_1433746048121_864756_13176"/></ownedEnd><memberEnd humanName="Fin de Membre"><property classType="Property" humanType="Propriété" icon="SysML - BGR-300_files/icon_property.jpg" name="" refid="_17_0_4_1bde048e_1433746048121_864756_13176"/><partproperty classType="Property" humanType="Part Property" icon="SysML - BGR-300_files/icon_partproperty.jpg" name="Réducteur 1" refid="_17_0_4_1bde048e_1433746048121_211978_13175"/></memberEnd><member humanName="Membre"><property classType="Property" humanType="Propriété" icon="SysML - BGR-300_files/icon_property.jpg" name="" refid="_17_0_4_1bde048e_1433746048121_864756_13176"/><partproperty classType="Property" humanType="Part Property" icon="SysML - BGR-300_files/icon_partproperty.jpg" name="Réducteur 1" refid="_17_0_4_1bde048e_1433746048121_211978_13175"/></member><ownedMember humanName="Membre avec Possesseur"><property classType="Property" humanType="Propriété" icon="SysML - BGR-300_files/icon_property.jpg" name="" refid="_17_0_4_1bde048e_1433746048121_864756_13176"/></ownedMember><name humanName="Nom" mode="standard,expert"></name><qualifiedName humanName="Nom Qualifié" mode="expert">Etage boule (gros)::</qualifiedName><package classType="Package" humanName="Paquetage" humanType="Paquet" icon="SysML - BGR-300_files/icon_package.jpg" name="Etage boule (gros)" refid="_17_0_4_1bde048e_1433354627169_728308_12925"/><owningPackage classType="Package" humanName="Paquetage de Possession" humanType="Paquet" icon="SysML - BGR-300_files/icon_package.jpg" name="Etage boule (gros)" refid="_17_0_4_1bde048e_1433354627169_728308_12925"/><owner classType="Package" humanName="Possesseur" humanType="Paquet" icon="SysML - BGR-300_files/icon_package.jpg" mode="standard,expert" name="Etage boule (gros)" refid="_17_0_4_1bde048e_1433354627169_728308_12925"/><endType humanName="Type de Fin"><subsystem classType="Class" humanType="Subsystem" icon="SysML - BGR-300_files/icon_subsystem.jpg" name="Etage boule (gros)" refid="_17_0_4_1bde048e_1433744897780_776633_12801"/><block classType="Class" humanType="Block" icon="SysML - BGR-300_files/icon_block.jpg" name="Réducteur" refid="_17_0_4_1bde048e_1433745282480_699785_12949"/></endType><visibility humanName="Visibilité" mode="standard,expert">public</visibility></association></magicdraw>