<?xml version="1.0" encoding="UTF-8"?>
<magicdraw><flowport classType="Port" humanType="Flow Port" icon="SysML - BGR-300_files/icon_flowport.jpg" id="_17_0_4_1bde048e_1433489541795_502644_12937"><TO_DO humanName="A Faire" mode="standard,expert"></TO_DO><aggregation humanName="Agrégation">composite</aggregation><featuringClassifier humanName="Caractérise le Classificateur"><subsystem classType="Class" humanType="Subsystem" icon="SysML - BGR-300_files/icon_subsystem.jpg" name="Etage optique (fin)" refid="_17_0_4_1bde048e_1432882467171_708271_11849"/></featuringClassifier><UMLClass classType="Class" humanName="Classe" humanType="Subsystem" icon="SysML - BGR-300_files/icon_subsystem.jpg" name="Etage optique (fin)" refid="_17_0_4_1bde048e_1432882467171_708271_11849"/><classifier classType="Class" humanName="Classificateur" humanType="Subsystem" icon="SysML - BGR-300_files/icon_subsystem.jpg" name="Etage optique (fin)" refid="_17_0_4_1bde048e_1432882467171_708271_11849"/><default humanName="Défaut"></default><ownedElement humanName="Elément avec Possesseur"><instancespecification classType="InstanceSpecification" humanType="Spécification d'Instance" icon="SysML - BGR-300_files/icon_instancespecification.jpg" name="" refid="_17_0_4_1bde048e_1433489541796_604186_12938"/></ownedElement><namespace classType="Class" humanName="Espace de Nommage" humanType="Subsystem" icon="SysML - BGR-300_files/icon_subsystem.jpg" name="Etage optique (fin)" refid="_17_0_4_1bde048e_1432882467171_708271_11849"/><isBehavior humanName="Est Comportemental" mode="standard,expert">false</isBehavior><isComposite humanName="Est Composite">true</isComposite><isConjugated humanName="Est Conjugué" mode="standard,expert">false</isConjugated><isDerived humanName="Est Dérivé">false</isDerived><isReadOnly humanName="Est en Lecture Seulement">false</isReadOnly><isID humanName="Est ID">false</isID><isOrdered humanName="Est Ordonné">false</isOrdered><isService humanName="Est Service" mode="standard,expert">true</isService><isStatic humanName="Est Statique">false</isStatic><isLeaf humanName="Est une Feuille">false</isLeaf><isDerivedUnion humanName="Est une Union Dérivée">false</isDerivedUnion><isUnique humanName="Est Unique">true</isUnique><end humanName="Fin"><connectorend classType="ConnectorEnd" humanType="Fin de Connecteur" icon="SysML - BGR-300_files/icon_connectorend.jpg" refid="_17_0_4_2_b1402db_1434817474326_305614_15479"/><connectorend classType="ConnectorEnd" humanType="Fin de Connecteur" icon="SysML - BGR-300_files/icon_connectorend.jpg" refid="_17_0_4_2_b1402db_1434817737619_185942_15679"/><connectorend classType="ConnectorEnd" humanType="Fin de Connecteur" icon="SysML - BGR-300_files/icon_connectorend.jpg" refid="_17_0_4_2_b1402db_1434811976850_62405_13184"/></end><appliedStereotypeInstance classType="InstanceSpecification" humanName="Instance de Stéréotype Appliqué" humanType="Spécification d'Instance" icon="SysML - BGR-300_files/icon_instancespecification.jpg" name="" refid="_17_0_4_1bde048e_1433489541796_604186_12938"/><multiplicity humanName="Multiplicité" mode="expert"></multiplicity><navigable humanName="Navigable">true</navigable><name humanName="Nom" mode="standard,expert">Energie élec</name><qualifiedName humanName="Nom Qualifié" mode="expert">Etage optique (fin)::Etage optique (fin)::Energie élec</qualifiedName><lower humanName="Plus bas">1</lower><owner classType="Class" humanName="Possesseur" humanType="Subsystem" icon="SysML - BGR-300_files/icon_subsystem.jpg" mode="standard,expert" name="Etage optique (fin)" refid="_17_0_4_1bde048e_1432882467171_708271_11849"/><ownedBy classType="Class" humanName="Possédé par" humanType="Subsystem" icon="SysML - BGR-300_files/icon_subsystem.jpg" name="Etage optique (fin)" refid="_17_0_4_1bde048e_1432882467171_708271_11849"/><redefinitionContext humanName="Redéfinition de Contexte"><subsystem classType="Class" humanType="Subsystem" icon="SysML - BGR-300_files/icon_subsystem.jpg" name="Etage optique (fin)" refid="_17_0_4_1bde048e_1432882467171_708271_11849"/></redefinitionContext><APPLIED_STEREOTYPES humanName="Stéréotype Appliqué" mode="expert"><stereotype classType="Stereotype" humanType="Stéréotype" icon="SysML - BGR-300_files/icon_stereotype.jpg" name="FlowPort" refid="_11_0_be00301_1147682946132_981479_8"/></APPLIED_STEREOTYPES><appliedStereotype humanName="Stéréotype Appliqué" mode="expert"><stereotype classType="Stereotype" humanType="Stéréotype" icon="SysML - BGR-300_files/icon_stereotype.jpg" name="FlowPort" refid="_11_0_be00301_1147682946132_981479_8"><property classType="Property" humanName="base_Port" humanType="Propriété" icon="SysML - BGR-300_files/icon_property.jpg" name="base_Port" refid="_11_0_be00301_1147682950728_698804_11"/><property classType="Property" humanName="direction" humanType="Propriété" icon="SysML - BGR-300_files/icon_property.jpg" name="direction" refid="_11_0_be00301_1147682986961_237223_97"><enumerationliteral classType="EnumerationLiteral" humanType="Littéral d'Enumération" icon="SysML - BGR-300_files/icon_enumerationliteral.jpg" name="in" refid="_11_0_be00301_1147682907476_320772_1"/></property><property classType="Property" humanName="isAtomic" humanType="Propriété" icon="SysML - BGR-300_files/icon_property.jpg" name="isAtomic" refid="_11_0_be00301_1147683150866_622773_103"><Boolean>true</Boolean></property></stereotype></appliedStereotype><upper humanName="Supérieur">1</upper><TYPE_MODIFIER humanName="Type de Modificateur" mode="expert"></TYPE_MODIFIER><visibility humanName="Visibilité" mode="standard,expert">public</visibility></flowport></magicdraw>