<?xml version="1.0" encoding="UTF-8"?>
<magicdraw><instancespecification classType="InstanceSpecification" humanType="Spécification d'Instance" icon="SysML - BGR-300_files/icon_instancespecification.jpg" id="_17_0_4_1bde048e_1432881375500_273953_11653"><TO_DO humanName="A Faire" mode="standard,expert"></TO_DO><classifier humanName="Classificateur" mode="standard,expert"><stereotype classType="Stereotype" humanType="Stéréotype" icon="SysML - BGR-300_files/icon_stereotype.jpg" name="Block" refid="_11_5EAPbeta_be00301_1147424179914_458922_958"/></classifier><stereotypedElement classType="Class" humanName="Elément Stéréotypé" humanType="Block" icon="SysML - BGR-300_files/icon_block.jpg" name="Moteur CC" refid="_17_0_4_1bde048e_1432881375500_222537_11652"/><name humanName="Nom" mode="standard,expert"></name><qualifiedName humanName="Nom Qualifié" mode="expert">Etage optique (fin)::Moteur CC::</qualifiedName><owner classType="Class" humanName="Possesseur" humanType="Block" icon="SysML - BGR-300_files/icon_block.jpg" mode="standard,expert" name="Moteur CC" refid="_17_0_4_1bde048e_1432881375500_222537_11652"/><visibility humanName="Visibilité">public</visibility></instancespecification></magicdraw>