<?xml version="1.0" encoding="UTF-8"?>
<magicdraw><slot classType="Slot" humanType="Emplacement" icon="SysML - BGR-300_files/icon_slot.jpg" id="_17_0_4_1bde048e_1474540236450_560013_6826"><TO_DO humanName="A Faire" mode="standard,expert"></TO_DO><definingFeature classType="Property" humanName="Définir la Caractéristique" humanType="Propriété" icon="SysML - BGR-300_files/icon_property.jpg" mode="standard,expert" name="propertyPath" refid="_11_5EAPbeta_be00301_1147431377925_245593_1615"/><ownedElement humanName="Elément avec Possesseur"><elementvalue classType="ElementValue" humanType="Valeur de l'Elément" icon="SysML - BGR-300_files/icon_elementvalue.jpg" name="" refid="_17_0_4_1bde048e_1474540236450_272101_6827" text="Codeur incrémental 1"/></ownedElement><owningInstance classType="InstanceSpecification" humanName="Instance de Possession" humanType="Spécification d'Instance" icon="SysML - BGR-300_files/icon_instancespecification.jpg" name="" refid="_17_0_4_2_b1402db_1434818522426_514576_16368"/><owner classType="InstanceSpecification" humanName="Possesseur" humanType="Spécification d'Instance" icon="SysML - BGR-300_files/icon_instancespecification.jpg" mode="standard,expert" name="" refid="_17_0_4_2_b1402db_1434818522426_514576_16368"/><value humanName="Valeur" mode="standard,expert"><elementvalue classType="ElementValue" humanType="Valeur de l'Elément" icon="SysML - BGR-300_files/icon_elementvalue.jpg" name="" refid="_17_0_4_1bde048e_1474540236450_272101_6827" text="Codeur incrémental 1"/></value></slot></magicdraw>