<?xml version="1.0" encoding="UTF-8"?>
<magicdraw><literalstring classType="LiteralString" humanType="Littéral Chaîne de Caractères" icon="SysML - BGR-300_files/icon_literalstring.jpg" id="_17_0_4_1bde048e_1433745259497_23403_12942"><TO_DO humanName="A Faire"></TO_DO><name humanName="Nom"></name><qualifiedName humanName="Nom Qualifié">Etage boule (gros)::Moteur CC::Tension nominale::</qualifiedName><owner classType="Property" humanName="Possesseur" humanType="Value Property" icon="SysML - BGR-300_files/icon_valueproperty.jpg" mode="expert" name="Tension nominale" refid="_17_0_4_1bde048e_1433745244695_726435_12939"/><owningProperty classType="Property" humanName="Propriété de Possession" humanType="Value Property" icon="SysML - BGR-300_files/icon_valueproperty.jpg" name="Tension nominale" refid="_17_0_4_1bde048e_1433745244695_726435_12939"/><text humanName="Text" mode="standard">24V</text><TYPE_MODIFIER humanName="Type de Modificateur"></TYPE_MODIFIER><value humanName="Valeur" mode="standard,expert">24V</value><visibility humanName="Visibilité">public</visibility></literalstring></magicdraw>