<?xml version="1.0" encoding="UTF-8"?>
<magicdraw><package classType="Package" humanType="Paquet" icon="SysML - BGR-300_files/icon_package.jpg" id="_17_0_4_1bde048e_1432709420229_900021_11285"><TO_DO humanName="A Faire" mode="standard,expert"></TO_DO><ownedDiagram humanName="Diagramme avec Possesseur"><diagram classType="Diagram" humanType="Diagramme" icon="SysML - BGR-300_files/icon_SysML Block Definition Diagram.jpg" name="bdd boule gyrostabilisée globale" refid="_17_0_4_1bde048e_1434795525063_622956_13051"/><diagram classType="Diagram" humanType="Diagramme" icon="SysML - BGR-300_files/icon_SysML Block Definition Diagram.jpg" name="bdd étage boule (gros)" refid="_17_0_4_1bde048e_1432881241596_206873_11611"/><diagram classType="Diagram" humanType="Diagramme" icon="SysML - BGR-300_files/icon_SysML Block Definition Diagram.jpg" name="bdd étage optique (fin)" refid="_17_0_4_1bde048e_1432881103782_844960_11580"/><diagram classType="Diagram" humanType="Diagramme" icon="SysML - BGR-300_files/icon_SysML Internal Block Diagram.jpg" name="ibd boule gyrostabilisée globale" refid="_17_0_4_1bde048e_1434796113972_35741_13481"/><diagram classType="Diagram" humanType="Diagramme" icon="SysML - BGR-300_files/icon_SysML Internal Block Diagram.jpg" name="ibd étage boule (gros)" refid="_17_0_4_2_b1402db_1434817867544_642048_15747"/><diagram classType="Diagram" humanType="Diagramme" icon="SysML - BGR-300_files/icon_SysML Internal Block Diagram.jpg" name="ibd étage optique (fin)" refid="_17_0_4_2_b1402db_1434816162966_926722_14526"/></ownedDiagram><ownedElement humanName="Elément avec Possesseur"><diagram classType="Diagram" humanType="Diagramme" icon="SysML - BGR-300_files/icon_SysML Block Definition Diagram.jpg" name="bdd boule gyrostabilisée globale" refid="_17_0_4_1bde048e_1434795525063_622956_13051"/><diagram classType="Diagram" humanType="Diagramme" icon="SysML - BGR-300_files/icon_SysML Block Definition Diagram.jpg" name="bdd étage boule (gros)" refid="_17_0_4_1bde048e_1432881241596_206873_11611"/><diagram classType="Diagram" humanType="Diagramme" icon="SysML - BGR-300_files/icon_SysML Block Definition Diagram.jpg" name="bdd étage optique (fin)" refid="_17_0_4_1bde048e_1432881103782_844960_11580"/><diagram classType="Diagram" humanType="Diagramme" icon="SysML - BGR-300_files/icon_SysML Internal Block Diagram.jpg" name="ibd boule gyrostabilisée globale" refid="_17_0_4_1bde048e_1434796113972_35741_13481"/><diagram classType="Diagram" humanType="Diagramme" icon="SysML - BGR-300_files/icon_SysML Internal Block Diagram.jpg" name="ibd étage boule (gros)" refid="_17_0_4_2_b1402db_1434817867544_642048_15747"/><diagram classType="Diagram" humanType="Diagramme" icon="SysML - BGR-300_files/icon_SysML Internal Block Diagram.jpg" name="ibd étage optique (fin)" refid="_17_0_4_2_b1402db_1434816162966_926722_14526"/></ownedElement><namespace classType="Model" humanName="Espace de Nommage" humanType="Modèle" icon="SysML - BGR-300_files/icon_model.jpg" name="Boule gyrostabilisée" refid="eee_1045467100313_135436_1"/><nestingPackage classType="Model" humanName="Imbrication de Paquetage" humanType="Modèle" icon="SysML - BGR-300_files/icon_model.jpg" name="Boule gyrostabilisée" refid="eee_1045467100313_135436_1"/><name humanName="Nom" mode="standard,expert">Diagrammes structurels</name><qualifiedName humanName="Nom Qualifié" mode="expert">Diagrammes structurels</qualifiedName><owningPackage classType="Model" humanName="Paquetage de Possession" humanType="Modèle" icon="SysML - BGR-300_files/icon_model.jpg" name="Boule gyrostabilisée" refid="eee_1045467100313_135436_1"/><owner classType="Model" humanName="Possesseur" humanType="Modèle" icon="SysML - BGR-300_files/icon_model.jpg" mode="standard,expert" name="Boule gyrostabilisée" refid="eee_1045467100313_135436_1"/><URI humanName="URI" mode="standard,expert"></URI><visibility humanName="Visibilité">public</visibility></package></magicdraw>