<?xml version="1.0" encoding="UTF-8"?>
<magicdraw><package classType="Package" humanType="Paquet" icon="SysML - BGR-300_files/icon_package.jpg" id="_17_0_4_1bde048e_1433354650071_969389_12931"><TO_DO humanName="A Faire" mode="standard,expert"></TO_DO><ownedElement humanName="Elément avec Possesseur"><instancespecification classType="InstanceSpecification" humanType="Spécification d'Instance" icon="SysML - BGR-300_files/icon_instancespecification.jpg" name="" refid="_17_0_4_1bde048e_1433354650076_183029_12932"/><association classType="Association" humanType="Association" icon="SysML - BGR-300_files/icon_association.jpg" isRelationship="true" name="" refid="_17_0_4_1bde048e_1432882580882_148345_11966"/><association classType="Association" humanType="Association" icon="SysML - BGR-300_files/icon_association.jpg" isRelationship="true" name="" refid="_17_0_4_1bde048e_1432882556376_889397_11890"/><association classType="Association" humanType="Association" icon="SysML - BGR-300_files/icon_association.jpg" isRelationship="true" name="" refid="_17_0_4_1bde048e_1432882561791_792160_11914"/><association classType="Association" humanType="Association" icon="SysML - BGR-300_files/icon_association.jpg" isRelationship="true" name="" refid="_17_0_4_1bde048e_1432882573030_405989_11940"/><association classType="Association" humanType="Association" icon="SysML - BGR-300_files/icon_association.jpg" isRelationship="true" name="" refid="_17_0_4_2_b1402db_1434816492577_158044_14938"/><block classType="Class" humanType="Block" icon="SysML - BGR-300_files/icon_block.jpg" name="Carte EPOS" refid="_17_0_4_1bde048e_1432882248944_55695_11802"/><block classType="Class" humanType="Block" icon="SysML - BGR-300_files/icon_block.jpg" name="Codeur incrémental" refid="_17_0_4_1bde048e_1432882093969_857917_11754"/><subsystem classType="Class" humanType="Subsystem" icon="SysML - BGR-300_files/icon_subsystem.jpg" name="Etage optique (fin)" refid="_17_0_4_1bde048e_1432882467171_708271_11849"/><block classType="Class" humanType="Block" icon="SysML - BGR-300_files/icon_block.jpg" name="Moteur CC" refid="_17_0_4_1bde048e_1432881375500_222537_11652"/><block classType="Class" humanType="Block" icon="SysML - BGR-300_files/icon_block.jpg" name="Réducteur" refid="_17_0_4_1bde048e_1432881856459_500872_11706"/><block classType="Class" humanType="Block" icon="SysML - BGR-300_files/icon_block.jpg" name="Support optique" refid="_17_0_4_2_b1402db_1434816478353_172795_14895"/></ownedElement><packagedElement humanName="Elément Paqueté"><association classType="Association" humanType="Association" icon="SysML - BGR-300_files/icon_association.jpg" isRelationship="true" name="" refid="_17_0_4_1bde048e_1432882580882_148345_11966"/><association classType="Association" humanType="Association" icon="SysML - BGR-300_files/icon_association.jpg" isRelationship="true" name="" refid="_17_0_4_1bde048e_1432882556376_889397_11890"/><association classType="Association" humanType="Association" icon="SysML - BGR-300_files/icon_association.jpg" isRelationship="true" name="" refid="_17_0_4_1bde048e_1432882561791_792160_11914"/><association classType="Association" humanType="Association" icon="SysML - BGR-300_files/icon_association.jpg" isRelationship="true" name="" refid="_17_0_4_1bde048e_1432882573030_405989_11940"/><association classType="Association" humanType="Association" icon="SysML - BGR-300_files/icon_association.jpg" isRelationship="true" name="" refid="_17_0_4_2_b1402db_1434816492577_158044_14938"/><block classType="Class" humanType="Block" icon="SysML - BGR-300_files/icon_block.jpg" name="Carte EPOS" refid="_17_0_4_1bde048e_1432882248944_55695_11802"/><block classType="Class" humanType="Block" icon="SysML - BGR-300_files/icon_block.jpg" name="Codeur incrémental" refid="_17_0_4_1bde048e_1432882093969_857917_11754"/><subsystem classType="Class" humanType="Subsystem" icon="SysML - BGR-300_files/icon_subsystem.jpg" name="Etage optique (fin)" refid="_17_0_4_1bde048e_1432882467171_708271_11849"/><block classType="Class" humanType="Block" icon="SysML - BGR-300_files/icon_block.jpg" name="Moteur CC" refid="_17_0_4_1bde048e_1432881375500_222537_11652"/><block classType="Class" humanType="Block" icon="SysML - BGR-300_files/icon_block.jpg" name="Réducteur" refid="_17_0_4_1bde048e_1432881856459_500872_11706"/><block classType="Class" humanType="Block" icon="SysML - BGR-300_files/icon_block.jpg" name="Support optique" refid="_17_0_4_2_b1402db_1434816478353_172795_14895"/></packagedElement><namespace classType="Model" humanName="Espace de Nommage" humanType="Modèle" icon="SysML - BGR-300_files/icon_model.jpg" name="Boule gyrostabilisée" refid="eee_1045467100313_135436_1"/><nestingPackage classType="Model" humanName="Imbrication de Paquetage" humanType="Modèle" icon="SysML - BGR-300_files/icon_model.jpg" name="Boule gyrostabilisée" refid="eee_1045467100313_135436_1"/><appliedStereotypeInstance classType="InstanceSpecification" humanName="Instance de Stéréotype Appliqué" humanType="Spécification d'Instance" icon="SysML - BGR-300_files/icon_instancespecification.jpg" name="" refid="_17_0_4_1bde048e_1433354650076_183029_12932"/><member humanName="Membre"><association classType="Association" humanType="Association" icon="SysML - BGR-300_files/icon_association.jpg" isRelationship="true" name="" refid="_17_0_4_1bde048e_1432882580882_148345_11966"/><association classType="Association" humanType="Association" icon="SysML - BGR-300_files/icon_association.jpg" isRelationship="true" name="" refid="_17_0_4_1bde048e_1432882556376_889397_11890"/><association classType="Association" humanType="Association" icon="SysML - BGR-300_files/icon_association.jpg" isRelationship="true" name="" refid="_17_0_4_1bde048e_1432882561791_792160_11914"/><association classType="Association" humanType="Association" icon="SysML - BGR-300_files/icon_association.jpg" isRelationship="true" name="" refid="_17_0_4_1bde048e_1432882573030_405989_11940"/><association classType="Association" humanType="Association" icon="SysML - BGR-300_files/icon_association.jpg" isRelationship="true" name="" refid="_17_0_4_2_b1402db_1434816492577_158044_14938"/><block classType="Class" humanType="Block" icon="SysML - BGR-300_files/icon_block.jpg" name="Carte EPOS" refid="_17_0_4_1bde048e_1432882248944_55695_11802"/><block classType="Class" humanType="Block" icon="SysML - BGR-300_files/icon_block.jpg" name="Codeur incrémental" refid="_17_0_4_1bde048e_1432882093969_857917_11754"/><subsystem classType="Class" humanType="Subsystem" icon="SysML - BGR-300_files/icon_subsystem.jpg" name="Etage optique (fin)" refid="_17_0_4_1bde048e_1432882467171_708271_11849"/><block classType="Class" humanType="Block" icon="SysML - BGR-300_files/icon_block.jpg" name="Moteur CC" refid="_17_0_4_1bde048e_1432881375500_222537_11652"/><block classType="Class" humanType="Block" icon="SysML - BGR-300_files/icon_block.jpg" name="Réducteur" refid="_17_0_4_1bde048e_1432881856459_500872_11706"/><block classType="Class" humanType="Block" icon="SysML - BGR-300_files/icon_block.jpg" name="Support optique" refid="_17_0_4_2_b1402db_1434816478353_172795_14895"/></member><ownedMember humanName="Membre avec Possesseur"><association classType="Association" humanType="Association" icon="SysML - BGR-300_files/icon_association.jpg" isRelationship="true" name="" refid="_17_0_4_1bde048e_1432882580882_148345_11966"/><association classType="Association" humanType="Association" icon="SysML - BGR-300_files/icon_association.jpg" isRelationship="true" name="" refid="_17_0_4_1bde048e_1432882556376_889397_11890"/><association classType="Association" humanType="Association" icon="SysML - BGR-300_files/icon_association.jpg" isRelationship="true" name="" refid="_17_0_4_1bde048e_1432882561791_792160_11914"/><association classType="Association" humanType="Association" icon="SysML - BGR-300_files/icon_association.jpg" isRelationship="true" name="" refid="_17_0_4_1bde048e_1432882573030_405989_11940"/><association classType="Association" humanType="Association" icon="SysML - BGR-300_files/icon_association.jpg" isRelationship="true" name="" refid="_17_0_4_2_b1402db_1434816492577_158044_14938"/><block classType="Class" humanType="Block" icon="SysML - BGR-300_files/icon_block.jpg" name="Carte EPOS" refid="_17_0_4_1bde048e_1432882248944_55695_11802"/><block classType="Class" humanType="Block" icon="SysML - BGR-300_files/icon_block.jpg" name="Codeur incrémental" refid="_17_0_4_1bde048e_1432882093969_857917_11754"/><subsystem classType="Class" humanType="Subsystem" icon="SysML - BGR-300_files/icon_subsystem.jpg" name="Etage optique (fin)" refid="_17_0_4_1bde048e_1432882467171_708271_11849"/><block classType="Class" humanType="Block" icon="SysML - BGR-300_files/icon_block.jpg" name="Moteur CC" refid="_17_0_4_1bde048e_1432881375500_222537_11652"/><block classType="Class" humanType="Block" icon="SysML - BGR-300_files/icon_block.jpg" name="Réducteur" refid="_17_0_4_1bde048e_1432881856459_500872_11706"/><block classType="Class" humanType="Block" icon="SysML - BGR-300_files/icon_block.jpg" name="Support optique" refid="_17_0_4_2_b1402db_1434816478353_172795_14895"/></ownedMember><name humanName="Nom" mode="standard,expert">Etage optique (fin)</name><qualifiedName humanName="Nom Qualifié" mode="expert">Etage optique (fin)</qualifiedName><owningPackage classType="Model" humanName="Paquetage de Possession" humanType="Modèle" icon="SysML - BGR-300_files/icon_model.jpg" name="Boule gyrostabilisée" refid="eee_1045467100313_135436_1"/><owner classType="Model" humanName="Possesseur" humanType="Modèle" icon="SysML - BGR-300_files/icon_model.jpg" mode="standard,expert" name="Boule gyrostabilisée" refid="eee_1045467100313_135436_1"/><APPLIED_STEREOTYPES humanName="Stéréotype Appliqué" mode="standard,expert"><stereotype classType="Stereotype" humanType="Stéréotype" icon="SysML - BGR-300_files/icon_stereotype.jpg" name="useCaseOwner" refid="_9_0_2_be00301_1112964642046_825187_87"/></APPLIED_STEREOTYPES><appliedStereotype humanName="Stéréotype Appliqué" mode="standard,expert"><stereotype classType="Stereotype" humanType="Stéréotype" icon="SysML - BGR-300_files/icon_stereotype.jpg" name="useCaseOwner" refid="_9_0_2_be00301_1112964642046_825187_87"><property classType="Property" humanName="base_Classifier" humanType="Propriété" icon="SysML - BGR-300_files/icon_property.jpg" name="base_Classifier" refid="_10_0EAPbeta_62a020a_1120463197924_178371_928"/><property classType="Property" humanName="base_Element" humanType="Propriété" icon="SysML - BGR-300_files/icon_property.jpg" name="base_Element" refid="_10_0EAPbeta_be00301_1123081772098_411862_275"/><property classType="Property" humanName="base_Package" humanType="Propriété" icon="SysML - BGR-300_files/icon_property.jpg" name="base_Package" refid="_10_0EAPbeta_62a020a_1120463197949_890532_933"/><property classType="Property" humanName="UCOwner Number" humanType="Propriété" icon="SysML - BGR-300_files/icon_property.jpg" name="UCOwner Number" refid="8bb027e_1059464789961_56571_133"><String>1</String></property><property classType="Property" humanName="UCOwnerID" humanType="Propriété" icon="SysML - BGR-300_files/icon_property.jpg" name="UCOwnerID" refid="_17_0_2beta_9150291_1331128000666_331619_3328"><String></String></property></stereotype></appliedStereotype><ownedType humanName="Type avec Possesseur"><association classType="Association" humanType="Association" icon="SysML - BGR-300_files/icon_association.jpg" isRelationship="true" name="" refid="_17_0_4_1bde048e_1432882580882_148345_11966"/><association classType="Association" humanType="Association" icon="SysML - BGR-300_files/icon_association.jpg" isRelationship="true" name="" refid="_17_0_4_1bde048e_1432882556376_889397_11890"/><association classType="Association" humanType="Association" icon="SysML - BGR-300_files/icon_association.jpg" isRelationship="true" name="" refid="_17_0_4_1bde048e_1432882561791_792160_11914"/><association classType="Association" humanType="Association" icon="SysML - BGR-300_files/icon_association.jpg" isRelationship="true" name="" refid="_17_0_4_1bde048e_1432882573030_405989_11940"/><association classType="Association" humanType="Association" icon="SysML - BGR-300_files/icon_association.jpg" isRelationship="true" name="" refid="_17_0_4_2_b1402db_1434816492577_158044_14938"/><block classType="Class" humanType="Block" icon="SysML - BGR-300_files/icon_block.jpg" name="Carte EPOS" refid="_17_0_4_1bde048e_1432882248944_55695_11802"/><block classType="Class" humanType="Block" icon="SysML - BGR-300_files/icon_block.jpg" name="Codeur incrémental" refid="_17_0_4_1bde048e_1432882093969_857917_11754"/><subsystem classType="Class" humanType="Subsystem" icon="SysML - BGR-300_files/icon_subsystem.jpg" name="Etage optique (fin)" refid="_17_0_4_1bde048e_1432882467171_708271_11849"/><block classType="Class" humanType="Block" icon="SysML - BGR-300_files/icon_block.jpg" name="Moteur CC" refid="_17_0_4_1bde048e_1432881375500_222537_11652"/><block classType="Class" humanType="Block" icon="SysML - BGR-300_files/icon_block.jpg" name="Réducteur" refid="_17_0_4_1bde048e_1432881856459_500872_11706"/><block classType="Class" humanType="Block" icon="SysML - BGR-300_files/icon_block.jpg" name="Support optique" refid="_17_0_4_2_b1402db_1434816478353_172795_14895"/></ownedType><URI humanName="URI" mode="standard,expert"></URI><visibility humanName="Visibilité">public</visibility></package></magicdraw>