<?xml version="1.0" encoding="UTF-8"?>
<magicdraw><instancevalue classType="InstanceValue" humanType="Valeur d'Instance" icon="SysML - BGR-300_files/icon_instancevalue.jpg" id="_17_0_4_1bde048e_1474540236448_782990_6817"><TO_DO humanName="A Faire"></TO_DO><owningSlot classType="Slot" humanName="Emplacement de Possession" humanType="Emplacement" icon="SysML - BGR-300_files/icon_slot.jpg" refid="_17_0_4_1bde048e_1474540236448_709617_6816"/><instance classType="EnumerationLiteral" humanName="Instance" humanType="Littéral d'Enumération" icon="SysML - BGR-300_files/icon_enumerationliteral.jpg" mode="standard,expert" name="in" refid="_11_0_be00301_1147682907476_320772_1"/><name humanName="Nom"></name><qualifiedName humanName="Nom Qualifié" mode="expert">Etage optique (fin)::Codeur incrémental::p1::::</qualifiedName><owner classType="Slot" humanName="Possesseur" humanType="Emplacement" icon="SysML - BGR-300_files/icon_slot.jpg" refid="_17_0_4_1bde048e_1474540236448_709617_6816"/><text humanName="Text" mode="standard">in</text><TYPE_MODIFIER humanName="Type de Modificateur"></TYPE_MODIFIER><visibility humanName="Visibilité">public</visibility></instancevalue></magicdraw>