<?xml version="1.0" encoding="UTF-8"?>
<magicdraw><block classType="Class" humanType="Block" icon="SysML - BGR-300_files/icon_block.jpg" id="_17_0_4_1bde048e_1434795918009_921182_13381"><TO_DO humanName="A Faire" mode="standard,expert"></TO_DO><attribute humanName="Attribut"><port classType="Port" humanType="Port" icon="SysML - BGR-300_files/icon_port.jpg" name="Données image" refid="_17_0_4_2_b1402db_1434812804360_896849_13574"/><flowport classType="Port" humanType="Flow Port" icon="SysML - BGR-300_files/icon_flowport.jpg" name="p1" refid="_17_0_4_1bde048e_1434797560417_76757_13800"/><flowport classType="Port" humanType="Flow Port" icon="SysML - BGR-300_files/icon_flowport.jpg" name="p2" refid="_17_0_4_2_b1402db_1434813760382_415338_14233"/></attribute><ownedAttribute humanName="Attribut avec Possesseur"><port classType="Port" humanType="Port" icon="SysML - BGR-300_files/icon_port.jpg" name="Données image" refid="_17_0_4_2_b1402db_1434812804360_896849_13574"/><flowport classType="Port" humanType="Flow Port" icon="SysML - BGR-300_files/icon_flowport.jpg" name="p1" refid="_17_0_4_1bde048e_1434797560417_76757_13800"/><flowport classType="Port" humanType="Flow Port" icon="SysML - BGR-300_files/icon_flowport.jpg" name="p2" refid="_17_0_4_2_b1402db_1434813760382_415338_14233"/></ownedAttribute><feature humanName="Caractéristique"><port classType="Port" humanType="Port" icon="SysML - BGR-300_files/icon_port.jpg" name="Données image" refid="_17_0_4_2_b1402db_1434812804360_896849_13574"/><flowport classType="Port" humanType="Flow Port" icon="SysML - BGR-300_files/icon_flowport.jpg" name="p1" refid="_17_0_4_1bde048e_1434797560417_76757_13800"/><flowport classType="Port" humanType="Flow Port" icon="SysML - BGR-300_files/icon_flowport.jpg" name="p2" refid="_17_0_4_2_b1402db_1434813760382_415338_14233"/></feature><ownedElement humanName="Elément avec Possesseur"><instancespecification classType="InstanceSpecification" humanType="Spécification d'Instance" icon="SysML - BGR-300_files/icon_instancespecification.jpg" name="" refid="_17_0_4_1bde048e_1434795918010_116116_13382"/><port classType="Port" humanType="Port" icon="SysML - BGR-300_files/icon_port.jpg" name="Données image" refid="_17_0_4_2_b1402db_1434812804360_896849_13574"/><flowport classType="Port" humanType="Flow Port" icon="SysML - BGR-300_files/icon_flowport.jpg" name="p1" refid="_17_0_4_1bde048e_1434797560417_76757_13800"/><flowport classType="Port" humanType="Flow Port" icon="SysML - BGR-300_files/icon_flowport.jpg" name="p2" refid="_17_0_4_2_b1402db_1434813760382_415338_14233"/></ownedElement><namespace classType="Package" humanName="Espace de Nommage" humanType="Paquet" icon="SysML - BGR-300_files/icon_package.jpg" name="Divers" refid="_17_0_4_2_b1402db_1434819072685_820867_16616"/><isAbstract humanName="Est Abstrait" mode="standard,expert">false</isAbstract><isActive humanName="Est Actif" mode="standard,expert">false</isActive><isFinalSpecialization humanName="Est Final Spécialisation" mode="expert">false</isFinalSpecialization><isLeaf humanName="Est une Feuille" mode="expert">false</isLeaf><appliedStereotypeInstance classType="InstanceSpecification" humanName="Instance de Stéréotype Appliqué" humanType="Spécification d'Instance" icon="SysML - BGR-300_files/icon_instancespecification.jpg" name="" refid="_17_0_4_1bde048e_1434795918010_116116_13382"/><member humanName="Membre"><port classType="Port" humanType="Port" icon="SysML - BGR-300_files/icon_port.jpg" name="Données image" refid="_17_0_4_2_b1402db_1434812804360_896849_13574"/><flowport classType="Port" humanType="Flow Port" icon="SysML - BGR-300_files/icon_flowport.jpg" name="p1" refid="_17_0_4_1bde048e_1434797560417_76757_13800"/><flowport classType="Port" humanType="Flow Port" icon="SysML - BGR-300_files/icon_flowport.jpg" name="p2" refid="_17_0_4_2_b1402db_1434813760382_415338_14233"/></member><ownedMember humanName="Membre avec Possesseur"><port classType="Port" humanType="Port" icon="SysML - BGR-300_files/icon_port.jpg" name="Données image" refid="_17_0_4_2_b1402db_1434812804360_896849_13574"/><flowport classType="Port" humanType="Flow Port" icon="SysML - BGR-300_files/icon_flowport.jpg" name="p1" refid="_17_0_4_1bde048e_1434797560417_76757_13800"/><flowport classType="Port" humanType="Flow Port" icon="SysML - BGR-300_files/icon_flowport.jpg" name="p2" refid="_17_0_4_2_b1402db_1434813760382_415338_14233"/></ownedMember><name humanName="Nom" mode="standard,expert">Caméras</name><qualifiedName humanName="Nom Qualifié" mode="expert">Divers::Caméras</qualifiedName><package classType="Package" humanName="Paquetage" humanType="Paquet" icon="SysML - BGR-300_files/icon_package.jpg" name="Divers" refid="_17_0_4_2_b1402db_1434819072685_820867_16616"/><owningPackage classType="Package" humanName="Paquetage de Possession" humanType="Paquet" icon="SysML - BGR-300_files/icon_package.jpg" name="Divers" refid="_17_0_4_2_b1402db_1434819072685_820867_16616"/><part humanName="Partie"><port classType="Port" humanType="Port" icon="SysML - BGR-300_files/icon_port.jpg" name="Données image" refid="_17_0_4_2_b1402db_1434812804360_896849_13574"/><flowport classType="Port" humanType="Flow Port" icon="SysML - BGR-300_files/icon_flowport.jpg" name="p1" refid="_17_0_4_1bde048e_1434797560417_76757_13800"/><flowport classType="Port" humanType="Flow Port" icon="SysML - BGR-300_files/icon_flowport.jpg" name="p2" refid="_17_0_4_2_b1402db_1434813760382_415338_14233"/></part><ownedPort humanName="Port avec Possesseur"><port classType="Port" humanType="Port" icon="SysML - BGR-300_files/icon_port.jpg" name="Données image" refid="_17_0_4_2_b1402db_1434812804360_896849_13574"/><flowport classType="Port" humanType="Flow Port" icon="SysML - BGR-300_files/icon_flowport.jpg" name="p1" refid="_17_0_4_1bde048e_1434797560417_76757_13800"/><flowport classType="Port" humanType="Flow Port" icon="SysML - BGR-300_files/icon_flowport.jpg" name="p2" refid="_17_0_4_2_b1402db_1434813760382_415338_14233"/></ownedPort><owner classType="Package" humanName="Possesseur" humanType="Paquet" icon="SysML - BGR-300_files/icon_package.jpg" mode="standard,expert" name="Divers" refid="_17_0_4_2_b1402db_1434819072685_820867_16616"/><role humanName="Rôle"><port classType="Port" humanType="Port" icon="SysML - BGR-300_files/icon_port.jpg" name="Données image" refid="_17_0_4_2_b1402db_1434812804360_896849_13574"/><flowport classType="Port" humanType="Flow Port" icon="SysML - BGR-300_files/icon_flowport.jpg" name="p1" refid="_17_0_4_1bde048e_1434797560417_76757_13800"/><flowport classType="Port" humanType="Flow Port" icon="SysML - BGR-300_files/icon_flowport.jpg" name="p2" refid="_17_0_4_2_b1402db_1434813760382_415338_14233"/></role><APPLIED_STEREOTYPES humanName="Stéréotype Appliqué" mode="expert"><stereotype classType="Stereotype" humanType="Stéréotype" icon="SysML - BGR-300_files/icon_stereotype.jpg" name="Block" refid="_11_5EAPbeta_be00301_1147424179914_458922_958"/></APPLIED_STEREOTYPES><appliedStereotype humanName="Stéréotype Appliqué" mode="expert"><stereotype classType="Stereotype" humanType="Stéréotype" icon="SysML - BGR-300_files/icon_stereotype.jpg" name="Block" refid="_11_5EAPbeta_be00301_1147424179914_458922_958"><property classType="Property" humanName="base_Class" humanType="Propriété" icon="SysML - BGR-300_files/icon_property.jpg" name="base_Class" refid="_11_5EAPbeta_be00301_1147424181797_326831_961"/><property classType="Property" humanName="isEncapsulated" humanType="Propriété" icon="SysML - BGR-300_files/icon_property.jpg" name="isEncapsulated" refid="_11_5EAPbeta_be00301_1147424201876_860708_1049"/></stereotype></appliedStereotype><visibility humanName="Visibilité" mode="standard,expert">public</visibility></block></magicdraw>