<?xml version="1.0" encoding="UTF-8"?>
<magicdraw><generalization classType="Generalization" humanType="Généralisation" icon="SysML - BGR-300_files/icon_generalization.jpg" id="_17_0_4_1bde048e_1434794146671_260454_12795"><TO_DO humanName="A Faire" mode="standard,expert"></TO_DO><target humanName="Cible"><usecase classType="UseCase" humanType="Cas d'Utilisation" icon="SysML - BGR-300_files/icon_usecase.jpg" name="Obtenir une image fidèle suivant la ligne de visée" refid="_17_0_4_1bde048e_1432708214449_154489_10903"/></target><relatedElement humanName="Elément Relié"><usecase classType="UseCase" humanType="Cas d'Utilisation" icon="SysML - BGR-300_files/icon_usecase.jpg" name="Désigner la ligne de visée par le regard" refid="_17_0_4_1bde048e_1434794130502_908190_12771"/><usecase classType="UseCase" humanType="Cas d'Utilisation" icon="SysML - BGR-300_files/icon_usecase.jpg" name="Obtenir une image fidèle suivant la ligne de visée" refid="_17_0_4_1bde048e_1432708214449_154489_10903"/></relatedElement><isSubstitutable humanName="Est Substituable">true</isSubstitutable><general classType="UseCase" humanName="Général" humanType="Cas d'Utilisation" icon="SysML - BGR-300_files/icon_usecase.jpg" mode="standard,expert" name="Obtenir une image fidèle suivant la ligne de visée" refid="_17_0_4_1bde048e_1432708214449_154489_10903"/><owner classType="UseCase" humanName="Possesseur" humanType="Cas d'Utilisation" icon="SysML - BGR-300_files/icon_usecase.jpg" mode="standard,expert" name="Désigner la ligne de visée par le regard" refid="_17_0_4_1bde048e_1434794130502_908190_12771"/><source humanName="Source"><usecase classType="UseCase" humanType="Cas d'Utilisation" icon="SysML - BGR-300_files/icon_usecase.jpg" name="Désigner la ligne de visée par le regard" refid="_17_0_4_1bde048e_1434794130502_908190_12771"/></source><specific classType="UseCase" humanName="Spécifique" humanType="Cas d'Utilisation" icon="SysML - BGR-300_files/icon_usecase.jpg" mode="standard,expert" name="Désigner la ligne de visée par le regard" refid="_17_0_4_1bde048e_1434794130502_908190_12771"/></generalization></magicdraw>