<?xml version="1.0" encoding="UTF-8"?>
<magicdraw><instancespecification classType="InstanceSpecification" humanType="Spécification d'Instance" icon="SysML - BGR-300_files/icon_instancespecification.jpg" id="_17_0_4_1bde048e_1432805848633_643583_11370"><TO_DO humanName="A Faire" mode="standard,expert"></TO_DO><classifier humanName="Classificateur" mode="standard,expert"><stereotype classType="Stereotype" humanType="Stéréotype" icon="SysML - BGR-300_files/icon_stereotype.jpg" name="Requirement" refid="_11_5EAPbeta_be00301_1147873190330_159934_2220"/><stereotype classType="Stereotype" humanType="Stéréotype" icon="SysML - BGR-300_files/icon_stereotype.jpg" name="RequirementRelated" refid="_11_5EAPbeta_be00301_1147937995745_366126_2645"/></classifier><ownedElement humanName="Elément avec Possesseur"><slot classType="Slot" humanType="Emplacement" icon="SysML - BGR-300_files/icon_slot.jpg" refid="_17_0_4_1bde048e_1474540236466_303187_6906"/><slot classType="Slot" humanType="Emplacement" icon="SysML - BGR-300_files/icon_slot.jpg" refid="_17_0_4_1bde048e_1474540236467_80319_6908"/><slot classType="Slot" humanType="Emplacement" icon="SysML - BGR-300_files/icon_slot.jpg" refid="_17_0_4_1bde048e_1474540236467_311778_6910"/></ownedElement><stereotypedElement classType="Class" humanName="Elément Stéréotypé" humanType="Requirement" icon="SysML - BGR-300_files/icon_requirement.jpg" name="Stabilité" refid="_17_0_4_1bde048e_1432805848632_133646_11369"/><slot humanName="Emplacement"><slot classType="Slot" humanType="Emplacement" icon="SysML - BGR-300_files/icon_slot.jpg" refid="_17_0_4_1bde048e_1474540236466_303187_6906"/><slot classType="Slot" humanType="Emplacement" icon="SysML - BGR-300_files/icon_slot.jpg" refid="_17_0_4_1bde048e_1474540236467_80319_6908"/><slot classType="Slot" humanType="Emplacement" icon="SysML - BGR-300_files/icon_slot.jpg" refid="_17_0_4_1bde048e_1474540236467_311778_6910"/></slot><name humanName="Nom" mode="standard,expert"></name><qualifiedName humanName="Nom Qualifié" mode="expert">Divers::Exigence globale::Exigences fonctionnelles::Alignement parfait de la ligne de visée du pilote avec l'axe optique des caméras de la boule gyrostabilisée::Stabilité::</qualifiedName><owner classType="Class" humanName="Possesseur" humanType="Requirement" icon="SysML - BGR-300_files/icon_requirement.jpg" mode="standard,expert" name="Stabilité" refid="_17_0_4_1bde048e_1432805848632_133646_11369"/><visibility humanName="Visibilité">public</visibility></instancespecification></magicdraw>