<?xml version="1.0" encoding="UTF-8"?>
<magicdraw><package classType="Package" humanType="Paquet" icon="SysML - BGR-300_files/icon_package.jpg" id="_17_0_4_1bde048e_1432709431411_744676_11298"><TO_DO humanName="A Faire" mode="standard,expert"></TO_DO><ownedDiagram humanName="Diagramme avec Possesseur"><diagram classType="Diagram" humanType="Diagramme" icon="SysML - BGR-300_files/icon_SysML Requirements Diagram.jpg" name="req" refid="_17_0_4_1bde048e_1432708709813_24558_10982"/></ownedDiagram><ownedElement humanName="Elément avec Possesseur"><diagram classType="Diagram" humanType="Diagramme" icon="SysML - BGR-300_files/icon_SysML Requirements Diagram.jpg" name="req" refid="_17_0_4_1bde048e_1432708709813_24558_10982"/></ownedElement><namespace classType="Model" humanName="Espace de Nommage" humanType="Modèle" icon="SysML - BGR-300_files/icon_model.jpg" name="Boule gyrostabilisée" refid="eee_1045467100313_135436_1"/><nestingPackage classType="Model" humanName="Imbrication de Paquetage" humanType="Modèle" icon="SysML - BGR-300_files/icon_model.jpg" name="Boule gyrostabilisée" refid="eee_1045467100313_135436_1"/><name humanName="Nom" mode="standard,expert">Diagramme d'exigence</name><qualifiedName humanName="Nom Qualifié" mode="expert">Diagramme d'exigence</qualifiedName><owningPackage classType="Model" humanName="Paquetage de Possession" humanType="Modèle" icon="SysML - BGR-300_files/icon_model.jpg" name="Boule gyrostabilisée" refid="eee_1045467100313_135436_1"/><owner classType="Model" humanName="Possesseur" humanType="Modèle" icon="SysML - BGR-300_files/icon_model.jpg" mode="standard,expert" name="Boule gyrostabilisée" refid="eee_1045467100313_135436_1"/><URI humanName="URI" mode="standard,expert"></URI><visibility humanName="Visibilité">public</visibility></package></magicdraw>