<?xml version="1.0" encoding="UTF-8"?>
<magicdraw><slot classType="Slot" humanType="Emplacement" icon="SysML - BGR-300_files/icon_slot.jpg" id="_17_0_4_1bde048e_1474540236445_398184_6802"><TO_DO humanName="A Faire" mode="standard,expert"></TO_DO><definingFeature classType="Property" humanName="Définir la Caractéristique" humanType="Propriété" icon="SysML - BGR-300_files/icon_property.jpg" mode="standard,expert" name="Text" refid="_11_5EAPbeta_be00301_1147873226632_528960_2311"/><ownedElement humanName="Elément avec Possesseur"><literalstring classType="LiteralString" humanType="Littéral Chaîne de Caractères" icon="SysML - BGR-300_files/icon_literalstring.jpg" name="" refid="_17_0_4_1bde048e_1474540236445_558990_6803" text="Le système doit être insensible aux perturbations vibratoires générées par le porteur lui-même."/></ownedElement><owningInstance classType="InstanceSpecification" humanName="Instance de Possession" humanType="Spécification d'Instance" icon="SysML - BGR-300_files/icon_instancespecification.jpg" name="" refid="_17_0_4_1bde048e_1432805526156_607170_11295"/><owner classType="InstanceSpecification" humanName="Possesseur" humanType="Spécification d'Instance" icon="SysML - BGR-300_files/icon_instancespecification.jpg" mode="standard,expert" name="" refid="_17_0_4_1bde048e_1432805526156_607170_11295"/><value humanName="Valeur" mode="standard,expert"><literalstring classType="LiteralString" humanType="Littéral Chaîne de Caractères" icon="SysML - BGR-300_files/icon_literalstring.jpg" name="" refid="_17_0_4_1bde048e_1474540236445_558990_6803" text="Le système doit être insensible aux perturbations vibratoires générées par le porteur lui-même."/></value></slot></magicdraw>