<?xml version="1.0" encoding="UTF-8"?>
<magicdraw><property classType="Property" humanType="Propriété" icon="SysML - BGR-300_files/icon_property.jpg" id="_17_0_4_1bde048e_1434795942808_289604_13452"><TO_DO humanName="A Faire" mode="standard,expert"></TO_DO><aggregation humanName="Agrégation" mode="standard,expert">none</aggregation><association classType="Association" humanName="Association" humanType="Association" icon="SysML - BGR-300_files/icon_association.jpg" isRelationship="true" name="" refid="_17_0_4_1bde048e_1434795942808_863649_13450"/><owningAssociation classType="Association" humanName="Association de Possession" humanType="Association" icon="SysML - BGR-300_files/icon_association.jpg" isRelationship="true" name="" refid="_17_0_4_1bde048e_1434795942808_863649_13450"/><featuringClassifier humanName="Caractérise le Classificateur"><association classType="Association" humanType="Association" icon="SysML - BGR-300_files/icon_association.jpg" isRelationship="true" name="" refid="_17_0_4_1bde048e_1434795942808_863649_13450"/></featuringClassifier><default humanName="Défaut"></default><namespace classType="Association" humanName="Espace de Nommage" humanType="Association" icon="SysML - BGR-300_files/icon_association.jpg" isRelationship="true" name="" refid="_17_0_4_1bde048e_1434795942808_863649_13450"/><isComposite humanName="Est Composite">false</isComposite><isDerived humanName="Est Dérivé" mode="standard,expert">false</isDerived><isReadOnly humanName="Est en Lecture Seulement" mode="standard,expert">false</isReadOnly><isID humanName="Est ID" mode="expert">false</isID><isOrdered humanName="Est Ordonné" mode="expert">false</isOrdered><isStatic humanName="Est Statique" mode="standard,expert">false</isStatic><isLeaf humanName="Est une Feuille">false</isLeaf><isDerivedUnion humanName="Est une Union Dérivée" mode="expert">false</isDerivedUnion><isUnique humanName="Est Unique" mode="expert">true</isUnique><multiplicity humanName="Multiplicité" mode="standard,expert"></multiplicity><navigable humanName="Navigable" mode="expert">false</navigable><name humanName="Nom" mode="standard,expert"></name><qualifiedName humanName="Nom Qualifié" mode="expert">Divers::::</qualifiedName><lower humanName="Plus bas">1</lower><owner classType="Association" humanName="Possesseur" humanType="Association" icon="SysML - BGR-300_files/icon_association.jpg" isRelationship="true" name="" refid="_17_0_4_1bde048e_1434795942808_863649_13450"/><ownedBy classType="Association" humanName="Possédé par" humanType="Association" icon="SysML - BGR-300_files/icon_association.jpg" isRelationship="true" mode="standard,expert" name="" refid="_17_0_4_1bde048e_1434795942808_863649_13450"/><redefinitionContext humanName="Redéfinition de Contexte"><association classType="Association" humanType="Association" icon="SysML - BGR-300_files/icon_association.jpg" isRelationship="true" name="" refid="_17_0_4_1bde048e_1434795942808_863649_13450"/></redefinitionContext><upper humanName="Supérieur">1</upper><type classType="Class" humanName="Type" humanType="System" icon="SysML - BGR-300_files/icon_system.jpg" mode="standard,expert" name="Boule gyrostabilisée" refid="_17_0_4_1bde048e_1434795695036_75073_13287"/><TYPE_MODIFIER humanName="Type de Modificateur" mode="expert"></TYPE_MODIFIER><visibility humanName="Visibilité" mode="expert">public</visibility></property></magicdraw>