<?xml version="1.0" encoding="UTF-8"?>
<magicdraw><instancespecification classType="InstanceSpecification" humanType="Spécification d'Instance" icon="SysML - BGR-300_files/icon_instancespecification.jpg" id="_17_0_4_1bde048e_1434795525085_150121_13062"><TO_DO humanName="A Faire" mode="standard,expert"></TO_DO><classifier humanName="Classificateur" mode="standard,expert"><stereotype classType="Stereotype" humanType="Stéréotype" icon="SysML - BGR-300_files/icon_stereotype.jpg" name="DiagramInfo" refid="_9_0_be00301_1108044380615_150487_0"/></classifier><ownedElement humanName="Elément avec Possesseur"><slot classType="Slot" humanType="Emplacement" icon="SysML - BGR-300_files/icon_slot.jpg" refid="_17_0_4_1bde048e_1474540236461_419570_6876"/><slot classType="Slot" humanType="Emplacement" icon="SysML - BGR-300_files/icon_slot.jpg" refid="_17_0_4_1bde048e_1474540236461_217040_6878"/><slot classType="Slot" humanType="Emplacement" icon="SysML - BGR-300_files/icon_slot.jpg" refid="_17_0_4_1bde048e_1474540236462_51011_6880"/><slot classType="Slot" humanType="Emplacement" icon="SysML - BGR-300_files/icon_slot.jpg" refid="_17_0_4_1bde048e_1474540236462_364385_6882"/></ownedElement><stereotypedElement classType="Diagram" humanName="Elément Stéréotypé" humanType="Diagramme" icon="SysML - BGR-300_files/icon_SysML Block Definition Diagram.jpg" name="bdd boule gyrostabilisée globale" refid="_17_0_4_1bde048e_1434795525063_622956_13051"/><slot humanName="Emplacement"><slot classType="Slot" humanType="Emplacement" icon="SysML - BGR-300_files/icon_slot.jpg" refid="_17_0_4_1bde048e_1474540236461_419570_6876"/><slot classType="Slot" humanType="Emplacement" icon="SysML - BGR-300_files/icon_slot.jpg" refid="_17_0_4_1bde048e_1474540236461_217040_6878"/><slot classType="Slot" humanType="Emplacement" icon="SysML - BGR-300_files/icon_slot.jpg" refid="_17_0_4_1bde048e_1474540236462_51011_6880"/><slot classType="Slot" humanType="Emplacement" icon="SysML - BGR-300_files/icon_slot.jpg" refid="_17_0_4_1bde048e_1474540236462_364385_6882"/></slot><name humanName="Nom" mode="standard,expert"></name><qualifiedName humanName="Nom Qualifié" mode="expert">Diagrammes structurels::bdd boule gyrostabilisée globale::</qualifiedName><owner classType="Diagram" humanName="Possesseur" humanType="Diagramme" icon="SysML - BGR-300_files/icon_SysML Block Definition Diagram.jpg" mode="standard,expert" name="bdd boule gyrostabilisée globale" refid="_17_0_4_1bde048e_1434795525063_622956_13051"/><visibility humanName="Visibilité">public</visibility></instancespecification></magicdraw>