<?xml version="1.0" encoding="UTF-8"?>
<magicdraw><diagram classType="Diagram" diagramType="SysML Block Definition Diagram" height="392" humanType="Diagramme" icon="SysML - BGR-300_files/icon_SysML Block Definition Diagram.jpg" id="_17_0_4_1bde048e_1432881103782_844960_11580" src="SysML - BGR-300_files/_17_0_4_1bde048e_1432881103782_844960_11580.jpg" width="728"><TO_DO humanName="A Faire" mode="standard,expert"></TO_DO><ownedElement humanName="Elément avec Possesseur"><instancespecification classType="InstanceSpecification" humanType="Spécification d'Instance" icon="SysML - BGR-300_files/icon_instancespecification.jpg" name="" refid="_17_0_4_1bde048e_1432881103791_650873_11591"/></ownedElement><appliedStereotypeInstance classType="InstanceSpecification" humanName="Instance de Stéréotype Appliqué" humanType="Spécification d'Instance" icon="SysML - BGR-300_files/icon_instancespecification.jpg" name="" refid="_17_0_4_1bde048e_1432881103791_650873_11591"/><map><area name="Part Property Carte 2" refid="_17_0_4_1bde048e_1432882556376_858643_11891" shape="rect"><point x="100" y="102"/><point x="111" y="102"/><point x="111" y="113"/><point x="100" y="113"/></area><area name="Propriété " refid="_17_0_4_1bde048e_1432882556377_206188_11892" shape="rect"><point x="263" y="65"/><point x="274" y="65"/><point x="274" y="76"/><point x="263" y="76"/></area><area name="Part Property codeur incrémental 2" refid="_17_0_4_1bde048e_1432882561792_802213_11915" shape="rect"><point x="205" y="233"/><point x="216" y="233"/><point x="216" y="244"/><point x="205" y="244"/></area><area name="Propriété " refid="_17_0_4_1bde048e_1432882561792_568658_11916" shape="rect"><point x="263" y="90"/><point x="274" y="90"/><point x="274" y="101"/><point x="263" y="101"/></area><area name="Part Property MCC 2" refid="_17_0_4_1bde048e_1432882573031_365403_11941" shape="rect"><point x="328" y="207"/><point x="339" y="207"/><point x="339" y="218"/><point x="328" y="218"/></area><area name="Propriété " refid="_17_0_4_1bde048e_1432882573031_143847_11942" shape="rect"><point x="328" y="120"/><point x="339" y="120"/><point x="339" y="131"/><point x="328" y="131"/></area><area name="Part Property Réducteur 2" refid="_17_0_4_1bde048e_1432882580882_517010_11967" shape="rect"><point x="524" y="172"/><point x="535" y="172"/><point x="535" y="183"/><point x="524" y="183"/></area><area name="Propriété " refid="_17_0_4_1bde048e_1432882580883_680857_11968" shape="rect"><point x="433" y="76"/><point x="444" y="76"/><point x="444" y="87"/><point x="433" y="87"/></area><area name="Part Property support optique" refid="_17_0_4_2_b1402db_1434816492577_207207_14939" shape="rect"><point x="564" y="55"/><point x="575" y="55"/><point x="575" y="66"/><point x="564" y="66"/></area><area name="Propriété " refid="_17_0_4_2_b1402db_1434816492577_334693_14940" shape="rect"><point x="433" y="55"/><point x="444" y="55"/><point x="444" y="66"/><point x="433" y="66"/></area><area name="Association " refid="_17_0_4_1bde048e_1432882573030_405989_11940" shape="poly"><point x="334" y="216"/><point x="334" y="119"/><point x="332" y="121"/><point x="332" y="218"/></area><area name="Association " refid="_17_0_4_1bde048e_1432882580882_148345_11966" shape="poly"><point x="530" y="181"/><point x="530" y="80"/><point x="434" y="80"/><point x="432" y="82"/><point x="528" y="82"/><point x="528" y="183"/></area><area name="Association " refid="_17_0_4_2_b1402db_1434816492577_158044_14938" shape="poly"><point x="575" y="59"/><point x="434" y="59"/><point x="432" y="61"/><point x="573" y="61"/></area><area name="Association " refid="_17_0_4_1bde048e_1432882561791_792160_11914" shape="poly"><point x="206" y="237"/><point x="232" y="237"/><point x="232" y="94"/><point x="274" y="94"/><point x="272" y="96"/><point x="230" y="96"/><point x="230" y="239"/><point x="204" y="239"/></area><area name="Association " refid="_17_0_4_1bde048e_1432882556376_889397_11890" shape="poly"><point x="106" y="111"/><point x="106" y="69"/><point x="274" y="69"/><point x="272" y="71"/><point x="104" y="71"/><point x="104" y="113"/></area><area name="Block Support optique" refid="_17_0_4_2_b1402db_1434816478353_172795_14895" shape="rect"><point x="574" y="42"/><point x="669" y="42"/><point x="669" y="87"/><point x="574" y="87"/></area><area name="Reference Property Référence" refid="_17_0_4_1bde048e_1432882111614_644273_11791" shape="rect"><point x="73" y="267"/><point x="203" y="267"/><point x="203" y="281"/><point x="73" y="281"/></area><area name="Value Property imp/tour" refid="_17_0_4_1bde048e_1432882149525_282493_11795" shape="rect"><point x="73" y="301"/><point x="203" y="301"/><point x="203" y="315"/><point x="73" y="315"/></area><area name="Block Codeur incrémental" refid="_17_0_4_1bde048e_1432882093969_857917_11754" shape="rect"><point x="70" y="217"/><point x="206" y="217"/><point x="206" y="330"/><point x="70" y="330"/></area><area name="Reference Property Référence" refid="_17_0_4_1bde048e_1432882411801_278083_11839" shape="rect"><point x="17" y="162"/><point x="165" y="162"/><point x="165" y="176"/><point x="17" y="176"/></area><area name="Block Carte EPOS" refid="_17_0_4_1bde048e_1432882248944_55695_11802" shape="rect"><point x="14" y="112"/><point x="168" y="112"/><point x="168" y="191"/><point x="14" y="191"/></area><area name="Part Property Support" refid="_17_0_4_2_b1402db_1434816553451_205227_14971" shape="rect"><point x="276" y="92"/><point x="431" y="92"/><point x="431" y="106"/><point x="276" y="106"/></area><area name="Subsystem Etage optique (fin)" refid="_17_0_4_1bde048e_1432882467171_708271_11849" shape="rect"><point x="273" y="42"/><point x="434" y="42"/><point x="434" y="121"/><point x="273" y="121"/></area><area name="Reference Property Référence" refid="_17_0_4_1bde048e_1432881874100_380649_11743" shape="rect"><point x="486" y="232"/><point x="653" y="232"/><point x="653" y="246"/><point x="486" y="246"/></area><area name="Value Property Rapport de transmission r2" refid="_17_0_4_1bde048e_1432881920157_373425_11747" shape="rect"><point x="486" y="266"/><point x="653" y="266"/><point x="653" y="280"/><point x="486" y="280"/></area><area name="Block Réducteur" refid="_17_0_4_1bde048e_1432881856459_500872_11706" shape="rect"><point x="483" y="182"/><point x="656" y="182"/><point x="656" y="286"/><point x="483" y="286"/></area><area name="Reference Property Référence" refid="_17_0_4_1bde048e_1432881656547_801282_11694" shape="rect"><point x="262" y="267"/><point x="443" y="267"/><point x="443" y="281"/><point x="262" y="281"/></area><area name="Value Property Tension nominale" refid="_17_0_4_1bde048e_1432881698700_238133_11698" shape="rect"><point x="262" y="301"/><point x="443" y="301"/><point x="443" y="315"/><point x="262" y="315"/></area><area name="Block Moteur CC" refid="_17_0_4_1bde048e_1432881375500_222537_11652" shape="rect"><point x="259" y="217"/><point x="446" y="217"/><point x="446" y="323"/><point x="259" y="323"/></area></map><name humanName="Nom" mode="standard,expert">bdd étage optique (fin)</name><qualifiedName humanName="Nom Qualifié" mode="expert">Diagrammes structurels::bdd étage optique (fin)</qualifiedName><owner classType="Package" humanName="Possesseur" humanType="Paquet" icon="SysML - BGR-300_files/icon_package.jpg" mode="standard,expert" name="Diagrammes structurels" refid="_17_0_4_1bde048e_1432709420229_900021_11285"/><ownerOfDiagram classType="Package" humanName="Possesseur du Diagramme" humanType="Paquet" icon="SysML - BGR-300_files/icon_package.jpg" name="Diagrammes structurels" refid="_17_0_4_1bde048e_1432709420229_900021_11285"/><APPLIED_STEREOTYPES humanName="Stéréotype Appliqué" mode="standard,expert"><stereotype classType="Stereotype" humanType="Stéréotype" icon="SysML - BGR-300_files/icon_stereotype.jpg" name="DiagramInfo" refid="_9_0_be00301_1108044380615_150487_0"/></APPLIED_STEREOTYPES><appliedStereotype humanName="Stéréotype Appliqué" mode="standard,expert"><stereotype classType="Stereotype" humanType="Stéréotype" icon="SysML - BGR-300_files/icon_stereotype.jpg" name="DiagramInfo" refid="_9_0_be00301_1108044380615_150487_0"><property classType="Property" humanName="Author" humanType="Propriété" icon="SysML - BGR-300_files/icon_property.jpg" name="Author" refid="_be00301_1077726770128_871366_1"><String>svillacampa</String></property><property classType="Property" humanName="base_Diagram" humanType="Propriété" icon="SysML - BGR-300_files/icon_property.jpg" name="base_Diagram" refid="_10_0EAPbeta_be00301_1123081772498_901864_356"/><property classType="Property" humanName="base_Element" humanType="Propriété" icon="SysML - BGR-300_files/icon_property.jpg" name="base_Element" refid="_10_0EAPbeta_be00301_1123081772098_411862_275"/><property classType="Property" humanName="Creation date" humanType="Propriété" icon="SysML - BGR-300_files/icon_property.jpg" name="Creation date" refid="_be00301_1073306188629_537791_2"><String>29/05/15 08:31</String></property><property classType="Property" humanName="Last modified by" humanType="Propriété" icon="SysML - BGR-300_files/icon_property.jpg" name="Last modified by" refid="_16_8beta_8ca0285_1257244649124_794756_344"><String>Olivier</String></property><property classType="Property" humanName="Modification date" humanType="Propriété" icon="SysML - BGR-300_files/icon_property.jpg" name="Modification date" refid="_be00301_1073394345322_922552_1"><String>20/06/15 18:45</String></property></stereotype></appliedStereotype><visibility humanName="Visibilité">public</visibility></diagram></magicdraw>