<?xml version="1.0" encoding="UTF-8"?>
<magicdraw><elementvalue classType="ElementValue" humanType="Valeur de l'Elément" icon="SysML - BGR-300_files/icon_elementvalue.jpg" id="_17_0_4_1bde048e_1474540236414_89008_6685"><TO_DO humanName="A Faire"></TO_DO><element classType="Property" humanName="Elément" humanType="Part Property" icon="SysML - BGR-300_files/icon_partproperty.jpg" mode="standard,expert" name="Caméras" refid="_17_0_4_1bde048e_1434795942808_773653_13451"/><owningSlot classType="Slot" humanName="Emplacement de Possession" humanType="Emplacement" icon="SysML - BGR-300_files/icon_slot.jpg" refid="_17_0_4_1bde048e_1474540236414_569978_6684"/><name humanName="Nom"></name><qualifiedName humanName="Nom Qualifié">Divers::Boule gyrostabilisée::::::</qualifiedName><owner classType="Slot" humanName="Possesseur" humanType="Emplacement" icon="SysML - BGR-300_files/icon_slot.jpg" mode="expert" refid="_17_0_4_1bde048e_1474540236414_569978_6684"/><text humanName="Text" mode="standard">Caméras</text><TYPE_MODIFIER humanName="Type de Modificateur"></TYPE_MODIFIER><visibility humanName="Visibilité">public</visibility></elementvalue></magicdraw>