<?xml version="1.0" encoding="UTF-8"?>
<magicdraw><slot classType="Slot" humanType="Emplacement" icon="SysML - BGR-300_files/icon_slot.jpg" id="_17_0_4_1bde048e_1474540236436_149296_6762"><TO_DO humanName="A Faire" mode="standard,expert"></TO_DO><definingFeature classType="Property" humanName="Définir la Caractéristique" humanType="Propriété" icon="SysML - BGR-300_files/icon_property.jpg" mode="standard,expert" name="Refines" refid="_11_5EAPbeta_be00301_1147938133754_549891_2749"/><ownedElement humanName="Elément avec Possesseur"><elementvalue classType="ElementValue" humanType="Valeur de l'Elément" icon="SysML - BGR-300_files/icon_elementvalue.jpg" name="" refid="_17_0_4_1bde048e_1474540236437_93048_6763" text="Alignement parfait de la ligne de visée du pilote avec l'axe optique des caméras de la boule gyrostabilisée"/></ownedElement><owningInstance classType="InstanceSpecification" humanName="Instance de Possession" humanType="Spécification d'Instance" icon="SysML - BGR-300_files/icon_instancespecification.jpg" name="" refid="_17_0_4_1bde048e_1432806003279_161455_11415"/><owner classType="InstanceSpecification" humanName="Possesseur" humanType="Spécification d'Instance" icon="SysML - BGR-300_files/icon_instancespecification.jpg" mode="standard,expert" name="" refid="_17_0_4_1bde048e_1432806003279_161455_11415"/><value humanName="Valeur" mode="standard,expert"><elementvalue classType="ElementValue" humanType="Valeur de l'Elément" icon="SysML - BGR-300_files/icon_elementvalue.jpg" name="" refid="_17_0_4_1bde048e_1474540236437_93048_6763" text="Alignement parfait de la ligne de visée du pilote avec l'axe optique des caméras de la boule gyrostabilisée"/></value></slot></magicdraw>