<?xml version="1.0" encoding="UTF-8"?>
<magicdraw><diagram classType="Diagram" diagramType="SysML Block Definition Diagram" height="413" humanType="Diagramme" icon="SysML - BGR-300_files/icon_SysML Block Definition Diagram.jpg" id="_17_0_4_1bde048e_1432881241596_206873_11611" src="SysML - BGR-300_files/_17_0_4_1bde048e_1432881241596_206873_11611.jpg" width="740"><TO_DO humanName="A Faire" mode="standard,expert"></TO_DO><ownedElement humanName="Elément avec Possesseur"><instancespecification classType="InstanceSpecification" humanType="Spécification d'Instance" icon="SysML - BGR-300_files/icon_instancespecification.jpg" name="" refid="_17_0_4_1bde048e_1432881241600_627350_11622"/></ownedElement><appliedStereotypeInstance classType="InstanceSpecification" humanName="Instance de Stéréotype Appliqué" humanType="Spécification d'Instance" icon="SysML - BGR-300_files/icon_instancespecification.jpg" name="" refid="_17_0_4_1bde048e_1432881241600_627350_11622"/><map><area name="Part Property Carte 1" refid="_17_0_4_1bde048e_1433746015332_493203_13099" shape="rect"><point x="156" y="102"/><point x="167" y="102"/><point x="167" y="113"/><point x="156" y="113"/></area><area name="Propriété " refid="_17_0_4_1bde048e_1433746015332_978570_13100" shape="rect"><point x="270" y="51"/><point x="281" y="51"/><point x="281" y="62"/><point x="270" y="62"/></area><area name="Part Property MCC 1" refid="_17_0_4_1bde048e_1433746020655_121746_13123" shape="rect"><point x="394" y="151"/><point x="405" y="151"/><point x="405" y="162"/><point x="394" y="162"/></area><area name="Propriété " refid="_17_0_4_1bde048e_1433746020655_968002_13124" shape="rect"><point x="394" y="113"/><point x="405" y="113"/><point x="405" y="124"/><point x="394" y="124"/></area><area name="Part Property Codeur incrémental 1" refid="_17_0_4_1bde048e_1433746028421_718634_13149" shape="rect"><point x="240" y="207"/><point x="251" y="207"/><point x="251" y="218"/><point x="240" y="218"/></area><area name="Propriété " refid="_17_0_4_1bde048e_1433746028421_177818_13150" shape="rect"><point x="270" y="69"/><point x="281" y="69"/><point x="281" y="80"/><point x="270" y="80"/></area><area name="Part Property Réducteur 1" refid="_17_0_4_1bde048e_1433746048121_211978_13175" shape="rect"><point x="594" y="151"/><point x="605" y="151"/><point x="605" y="162"/><point x="594" y="162"/></area><area name="Propriété " refid="_17_0_4_1bde048e_1433746048121_864756_13176" shape="rect"><point x="556" y="62"/><point x="567" y="62"/><point x="567" y="73"/><point x="556" y="73"/></area><area name="Part Property Support" refid="_17_0_4_2_b1402db_1434816446631_686566_14867" shape="rect"><point x="485" y="312"/><point x="496" y="312"/><point x="496" y="323"/><point x="485" y="323"/></area><area name="Propriété " refid="_17_0_4_2_b1402db_1434816446632_726036_14868" shape="rect"><point x="485" y="113"/><point x="496" y="113"/><point x="496" y="124"/><point x="485" y="124"/></area><area name="Association " refid="_17_0_4_1bde048e_1433746020655_344091_13122" shape="poly"><point x="400" y="160"/><point x="400" y="112"/><point x="398" y="114"/><point x="398" y="162"/></area><area name="Association " refid="_17_0_4_1bde048e_1433746048120_618279_13174" shape="poly"><point x="600" y="160"/><point x="600" y="66"/><point x="557" y="66"/><point x="555" y="68"/><point x="598" y="68"/><point x="598" y="162"/></area><area name="Association " refid="_17_0_4_1bde048e_1433746015332_280010_13098" shape="poly"><point x="162" y="111"/><point x="162" y="55"/><point x="281" y="55"/><point x="279" y="57"/><point x="160" y="57"/><point x="160" y="113"/></area><area name="Association " refid="_17_0_4_1bde048e_1433746028420_689123_13148" shape="poly"><point x="246" y="216"/><point x="246" y="73"/><point x="281" y="73"/><point x="279" y="75"/><point x="244" y="75"/><point x="244" y="218"/></area><area name="Association " refid="_17_0_4_2_b1402db_1434816446631_182795_14866" shape="poly"><point x="491" y="321"/><point x="491" y="112"/><point x="489" y="114"/><point x="489" y="323"/></area><area name="Block Boule" refid="_17_0_4_2_b1402db_1434816433891_579606_14823" shape="rect"><point x="434" y="322"/><point x="541" y="322"/><point x="541" y="367"/><point x="434" y="367"/></area><area name="Reference Property Référence" refid="_17_0_4_1bde048e_1433745399345_388902_13040" shape="rect"><point x="171" y="267"/><point x="286" y="267"/><point x="286" y="281"/><point x="171" y="281"/></area><area name="Value Property imp/tour" refid="_17_0_4_1bde048e_1433745421715_191775_13044" shape="rect"><point x="171" y="301"/><point x="286" y="301"/><point x="286" y="315"/><point x="171" y="315"/></area><area name="Block Codeur incrémental" refid="_17_0_4_1bde048e_1433745381593_902227_13000" shape="rect"><point x="168" y="217"/><point x="289" y="217"/><point x="289" y="330"/><point x="168" y="330"/></area><area name="Reference Property Référence" refid="_17_0_4_1bde048e_1433745208985_284053_12935" shape="rect"><point x="325" y="211"/><point x="468" y="211"/><point x="468" y="225"/><point x="325" y="225"/></area><area name="Value Property Tension nominale" refid="_17_0_4_1bde048e_1433745244695_726435_12939" shape="rect"><point x="325" y="245"/><point x="468" y="245"/><point x="468" y="259"/><point x="325" y="259"/></area><area name="Reference Property Référence" refid="_17_0_4_1bde048e_1433745097056_921690_12885" shape="rect"><point x="31" y="162"/><point x="179" y="162"/><point x="179" y="176"/><point x="31" y="176"/></area><area name="Block Moteur CC" refid="_17_0_4_1bde048e_1433745179721_547522_12892" shape="rect"><point x="322" y="161"/><point x="471" y="161"/><point x="471" y="274"/><point x="322" y="274"/></area><area name="Block Carte EPOS" refid="_17_0_4_1bde048e_1433744968872_506602_12845" shape="rect"><point x="28" y="112"/><point x="182" y="112"/><point x="182" y="191"/><point x="28" y="191"/></area><area name="Reference Property Référence" refid="_17_0_4_1bde048e_1433745296725_4816_12989" shape="rect"><point x="521" y="211"/><point x="703" y="211"/><point x="703" y="225"/><point x="521" y="225"/></area><area name="Value Property Rapport de transmission r1" refid="_17_0_4_1bde048e_1433745316824_116784_12993" shape="rect"><point x="521" y="245"/><point x="703" y="245"/><point x="703" y="259"/><point x="521" y="259"/></area><area name="Block Réducteur" refid="_17_0_4_1bde048e_1433745282480_699785_12949" shape="rect"><point x="518" y="161"/><point x="706" y="161"/><point x="706" y="274"/><point x="518" y="274"/></area><area name="Subsystem Etage boule (gros)" refid="_17_0_4_1bde048e_1433744897780_776633_12801" shape="rect"><point x="280" y="35"/><point x="557" y="35"/><point x="557" y="114"/><point x="280" y="114"/></area></map><name humanName="Nom" mode="standard,expert">bdd étage boule (gros)</name><qualifiedName humanName="Nom Qualifié" mode="expert">Diagrammes structurels::bdd étage boule (gros)</qualifiedName><owner classType="Package" humanName="Possesseur" humanType="Paquet" icon="SysML - BGR-300_files/icon_package.jpg" mode="standard,expert" name="Diagrammes structurels" refid="_17_0_4_1bde048e_1432709420229_900021_11285"/><ownerOfDiagram classType="Package" humanName="Possesseur du Diagramme" humanType="Paquet" icon="SysML - BGR-300_files/icon_package.jpg" name="Diagrammes structurels" refid="_17_0_4_1bde048e_1432709420229_900021_11285"/><APPLIED_STEREOTYPES humanName="Stéréotype Appliqué" mode="standard,expert"><stereotype classType="Stereotype" humanType="Stéréotype" icon="SysML - BGR-300_files/icon_stereotype.jpg" name="DiagramInfo" refid="_9_0_be00301_1108044380615_150487_0"/></APPLIED_STEREOTYPES><appliedStereotype humanName="Stéréotype Appliqué" mode="standard,expert"><stereotype classType="Stereotype" humanType="Stéréotype" icon="SysML - BGR-300_files/icon_stereotype.jpg" name="DiagramInfo" refid="_9_0_be00301_1108044380615_150487_0"><property classType="Property" humanName="Author" humanType="Propriété" icon="SysML - BGR-300_files/icon_property.jpg" name="Author" refid="_be00301_1077726770128_871366_1"><String>svillacampa</String></property><property classType="Property" humanName="base_Diagram" humanType="Propriété" icon="SysML - BGR-300_files/icon_property.jpg" name="base_Diagram" refid="_10_0EAPbeta_be00301_1123081772498_901864_356"/><property classType="Property" humanName="base_Element" humanType="Propriété" icon="SysML - BGR-300_files/icon_property.jpg" name="base_Element" refid="_10_0EAPbeta_be00301_1123081772098_411862_275"/><property classType="Property" humanName="Creation date" humanType="Propriété" icon="SysML - BGR-300_files/icon_property.jpg" name="Creation date" refid="_be00301_1073306188629_537791_2"><String>29/05/15 08:34</String></property><property classType="Property" humanName="Last modified by" humanType="Propriété" icon="SysML - BGR-300_files/icon_property.jpg" name="Last modified by" refid="_16_8beta_8ca0285_1257244649124_794756_344"><String>Olivier</String></property><property classType="Property" humanName="Modification date" humanType="Propriété" icon="SysML - BGR-300_files/icon_property.jpg" name="Modification date" refid="_be00301_1073394345322_922552_1"><String>20/06/15 18:45</String></property></stereotype></appliedStereotype><visibility humanName="Visibilité">public</visibility></diagram></magicdraw>