<?xml version="1.0" encoding="UTF-8"?>
<magicdraw><instancespecification classType="InstanceSpecification" humanType="Spécification d'Instance" icon="SysML - BGR-300_files/icon_instancespecification.jpg" id="_17_0_4_1bde048e_1432708876119_11628_11065"><TO_DO humanName="A Faire" mode="standard,expert"></TO_DO><classifier humanName="Classificateur" mode="standard,expert"><stereotype classType="Stereotype" humanType="Stéréotype" icon="SysML - BGR-300_files/icon_stereotype.jpg" name="External system" refid="_12_1_8740266_1172578094250_866559_1543"/></classifier><stereotypedElement classType="Actor" humanName="Elément Stéréotypé" humanType="External system" icon="SysML - BGR-300_files/icon_externalsystem.jpg" name="Porteur (hélicoptère)" refid="_17_0_4_1bde048e_1432708876118_247001_11064"/><name humanName="Nom" mode="standard,expert"></name><qualifiedName humanName="Nom Qualifié" mode="expert">Divers::Porteur (hélicoptère)::</qualifiedName><owner classType="Actor" humanName="Possesseur" humanType="External system" icon="SysML - BGR-300_files/icon_externalsystem.jpg" mode="standard,expert" name="Porteur (hélicoptère)" refid="_17_0_4_1bde048e_1432708876118_247001_11064"/><visibility humanName="Visibilité">public</visibility></instancespecification></magicdraw>