<?xml version="1.0" encoding="UTF-8"?>
<magicdraw><slot classType="Slot" humanType="Emplacement" icon="SysML - BGR-300_files/icon_slot.jpg" id="_17_0_4_1bde048e_1474540236433_173540_6750"><TO_DO humanName="A Faire" mode="standard,expert"></TO_DO><definingFeature classType="Property" humanName="Définir la Caractéristique" humanType="Propriété" icon="SysML - BGR-300_files/icon_property.jpg" mode="standard,expert" name="direction" refid="_11_0_be00301_1147682986961_237223_97"/><ownedElement humanName="Elément avec Possesseur"><instancevalue classType="InstanceValue" humanType="Valeur d'Instance" icon="SysML - BGR-300_files/icon_instancevalue.jpg" name="" refid="_17_0_4_1bde048e_1474540236433_857205_6751" text="inout"/></ownedElement><owningInstance classType="InstanceSpecification" humanName="Instance de Possession" humanType="Spécification d'Instance" icon="SysML - BGR-300_files/icon_instancespecification.jpg" name="" refid="_17_0_4_2_b1402db_1434818407528_735804_16248"/><owner classType="InstanceSpecification" humanName="Possesseur" humanType="Spécification d'Instance" icon="SysML - BGR-300_files/icon_instancespecification.jpg" mode="standard,expert" name="" refid="_17_0_4_2_b1402db_1434818407528_735804_16248"/><value humanName="Valeur" mode="standard,expert"><instancevalue classType="InstanceValue" humanType="Valeur d'Instance" icon="SysML - BGR-300_files/icon_instancevalue.jpg" name="" refid="_17_0_4_1bde048e_1474540236433_857205_6751" text="inout"/></value></slot></magicdraw>