<?xml version="1.0" encoding="UTF-8"?>
<magicdraw><property classType="Property" humanType="Propriété" icon="SysML - BGR-300_files/icon_property.jpg" id="_17_0_4_1bde048e_1434794012735_237457_12735"><TO_DO humanName="A Faire" mode="standard,expert"></TO_DO><aggregation humanName="Agrégation" mode="standard,expert">none</aggregation><association classType="Association" humanName="Association" humanType="Association" icon="SysML - BGR-300_files/icon_association.jpg" isRelationship="true" name="" refid="_17_0_4_1bde048e_1434794012735_95066_12734"/><owningAssociation classType="Association" humanName="Association de Possession" humanType="Association" icon="SysML - BGR-300_files/icon_association.jpg" isRelationship="true" name="" refid="_17_0_4_1bde048e_1434794012735_95066_12734"/><featuringClassifier humanName="Caractérise le Classificateur"><association classType="Association" humanType="Association" icon="SysML - BGR-300_files/icon_association.jpg" isRelationship="true" name="" refid="_17_0_4_1bde048e_1434794012735_95066_12734"/></featuringClassifier><default humanName="Défaut"></default><namespace classType="Association" humanName="Espace de Nommage" humanType="Association" icon="SysML - BGR-300_files/icon_association.jpg" isRelationship="true" name="" refid="_17_0_4_1bde048e_1434794012735_95066_12734"/><isComposite humanName="Est Composite">false</isComposite><isDerived humanName="Est Dérivé" mode="standard,expert">false</isDerived><isReadOnly humanName="Est en Lecture Seulement" mode="standard,expert">false</isReadOnly><isID humanName="Est ID" mode="expert">false</isID><isOrdered humanName="Est Ordonné" mode="expert">false</isOrdered><isStatic humanName="Est Statique" mode="standard,expert">false</isStatic><isLeaf humanName="Est une Feuille">false</isLeaf><isDerivedUnion humanName="Est une Union Dérivée" mode="expert">false</isDerivedUnion><isUnique humanName="Est Unique" mode="expert">true</isUnique><multiplicity humanName="Multiplicité" mode="standard,expert"></multiplicity><navigable humanName="Navigable" mode="expert">true</navigable><name humanName="Nom" mode="standard,expert"></name><qualifiedName humanName="Nom Qualifié" mode="expert">Divers::::</qualifiedName><opposite classType="Property" humanName="Opposé" humanType="Propriété" icon="SysML - BGR-300_files/icon_property.jpg" name="" refid="_17_0_4_1bde048e_1434794012736_226564_12736"/><lower humanName="Plus bas">1</lower><owner classType="Association" humanName="Possesseur" humanType="Association" icon="SysML - BGR-300_files/icon_association.jpg" isRelationship="true" name="" refid="_17_0_4_1bde048e_1434794012735_95066_12734"/><ownedBy classType="Association" humanName="Possédé par" humanType="Association" icon="SysML - BGR-300_files/icon_association.jpg" isRelationship="true" mode="standard,expert" name="" refid="_17_0_4_1bde048e_1434794012735_95066_12734"/><redefinitionContext humanName="Redéfinition de Contexte"><association classType="Association" humanType="Association" icon="SysML - BGR-300_files/icon_association.jpg" isRelationship="true" name="" refid="_17_0_4_1bde048e_1434794012735_95066_12734"/></redefinitionContext><upper humanName="Supérieur">1</upper><type classType="Actor" humanName="Type" humanType="External system" icon="SysML - BGR-300_files/icon_externalsystem.jpg" mode="standard,expert" name="Porteur (hélicoptère)" refid="_17_0_4_1bde048e_1432708876118_247001_11064"/><TYPE_MODIFIER humanName="Type de Modificateur" mode="expert"></TYPE_MODIFIER><visibility humanName="Visibilité" mode="expert">public</visibility></property></magicdraw>