<?xml version="1.0" encoding="UTF-8"?>
<magicdraw><instancespecification classType="InstanceSpecification" humanType="Spécification d'Instance" icon="SysML - BGR-300_files/icon_instancespecification.jpg" id="_17_0_4_1bde048e_1433744957930_930159_12841"><TO_DO humanName="A Faire" mode="standard,expert"></TO_DO><classifier humanName="Classificateur" mode="standard,expert"><stereotype classType="Stereotype" humanType="Stéréotype" icon="SysML - BGR-300_files/icon_stereotype.jpg" name="Subsystem" refid="_12_1_8740266_1172578094265_898135_1579"/></classifier><stereotypedElement classType="Class" humanName="Elément Stéréotypé" humanType="Subsystem" icon="SysML - BGR-300_files/icon_subsystem.jpg" name="Etage boule (gros)" refid="_17_0_4_1bde048e_1433744897780_776633_12801"/><name humanName="Nom" mode="standard,expert"></name><qualifiedName humanName="Nom Qualifié" mode="expert">Etage boule (gros)::Etage boule (gros)::</qualifiedName><owner classType="Class" humanName="Possesseur" humanType="Subsystem" icon="SysML - BGR-300_files/icon_subsystem.jpg" mode="standard,expert" name="Etage boule (gros)" refid="_17_0_4_1bde048e_1433744897780_776633_12801"/><visibility humanName="Visibilité">public</visibility></instancespecification></magicdraw>