<?xml version="1.0" encoding="UTF-8"?>
<magicdraw><instancespecification classType="InstanceSpecification" humanType="Spécification d'Instance" icon="SysML - BGR-300_files/icon_instancespecification.jpg" id="_17_0_4_1bde048e_1433745296726_52945_12990"><TO_DO humanName="A Faire" mode="standard,expert"></TO_DO><classifier humanName="Classificateur" mode="standard,expert"><stereotype classType="Stereotype" humanType="Stéréotype" icon="SysML - BGR-300_files/icon_stereotype.jpg" name="ReferenceProperty" refid="_15_0_be00301_1199378032543_992832_3096"/></classifier><stereotypedElement classType="Property" humanName="Elément Stéréotypé" humanType="Reference Property" icon="SysML - BGR-300_files/icon_referenceproperty.jpg" name="Référence" refid="_17_0_4_1bde048e_1433745296725_4816_12989"/><name humanName="Nom" mode="standard,expert"></name><qualifiedName humanName="Nom Qualifié" mode="expert">Etage boule (gros)::Réducteur::Référence::</qualifiedName><owner classType="Property" humanName="Possesseur" humanType="Reference Property" icon="SysML - BGR-300_files/icon_referenceproperty.jpg" mode="standard,expert" name="Référence" refid="_17_0_4_1bde048e_1433745296725_4816_12989"/><visibility humanName="Visibilité">public</visibility></instancespecification></magicdraw>