<?xml version="1.0" encoding="UTF-8"?>
<magicdraw><literalstring classType="LiteralString" humanType="Littéral Chaîne de Caractères" icon="SysML - BGR-300_files/icon_literalstring.jpg" id="_17_0_4_1bde048e_1432882420861_764382_11842"><TO_DO humanName="A Faire"></TO_DO><name humanName="Nom"></name><qualifiedName humanName="Nom Qualifié">Etage optique (fin)::Carte EPOS::Référence::</qualifiedName><owner classType="Property" humanName="Possesseur" humanType="Reference Property" icon="SysML - BGR-300_files/icon_referenceproperty.jpg" mode="expert" name="Référence" refid="_17_0_4_1bde048e_1432882411801_278083_11839"/><owningProperty classType="Property" humanName="Propriété de Possession" humanType="Reference Property" icon="SysML - BGR-300_files/icon_referenceproperty.jpg" name="Référence" refid="_17_0_4_1bde048e_1432882411801_278083_11839"/><text humanName="Text" mode="standard">Maxon EPOS2</text><TYPE_MODIFIER humanName="Type de Modificateur"></TYPE_MODIFIER><value humanName="Valeur" mode="standard,expert">Maxon EPOS2</value><visibility humanName="Visibilité">public</visibility></literalstring></magicdraw>