<?xml version="1.0" encoding="UTF-8"?>
<magicdraw><subsystem classType="Class" humanType="Subsystem" icon="SysML - BGR-300_files/icon_subsystem.jpg" id="_17_0_4_1bde048e_1432882467171_708271_11849"><TO_DO humanName="A Faire" mode="standard,expert"></TO_DO><attribute humanName="Attribut"><partproperty classType="Property" humanType="Part Property" icon="SysML - BGR-300_files/icon_partproperty.jpg" name="Carte 2" refid="_17_0_4_1bde048e_1432882556376_858643_11891"/><partproperty classType="Property" humanType="Part Property" icon="SysML - BGR-300_files/icon_partproperty.jpg" name="codeur incrémental 2" refid="_17_0_4_1bde048e_1432882561792_802213_11915"/><flowport classType="Port" humanType="Flow Port" icon="SysML - BGR-300_files/icon_flowport.jpg" name="Energie méca axe boule" refid="_17_0_4_2_b1402db_1434812719700_81826_13527"/><flowport classType="Port" humanType="Flow Port" icon="SysML - BGR-300_files/icon_flowport.jpg" name="Energie élec" refid="_17_0_4_1bde048e_1433489541795_502644_12937"/><flowport classType="Port" humanType="Flow Port" icon="SysML - BGR-300_files/icon_flowport.jpg" name="Fixation caméra" refid="_17_0_4_2_b1402db_1434813424533_800021_13963"/><partproperty classType="Property" humanType="Part Property" icon="SysML - BGR-300_files/icon_partproperty.jpg" name="MCC 2" refid="_17_0_4_1bde048e_1432882573031_365403_11941"/><port classType="Port" humanType="Port" icon="SysML - BGR-300_files/icon_port.jpg" name="Mesure vitesse axe optique" refid="_17_0_4_2_b1402db_1434812510959_517884_13340"/><proxyport classType="Port" humanType="Proxy Port" icon="SysML - BGR-300_files/icon_proxyport.jpg" name="p5" refid="_17_0_4_2_b1402db_1434812701826_969318_13478"/><flowport classType="Port" humanType="Flow Port" icon="SysML - BGR-300_files/icon_flowport.jpg" name="p8" refid="_17_0_4_2_b1402db_1434813694262_243469_14107"/><flowport classType="Port" humanType="Flow Port" icon="SysML - BGR-300_files/icon_flowport.jpg" name="Position axe optique" refid="_17_0_4_2_b1402db_1434813209916_61562_13816"/><port classType="Port" humanType="Port" icon="SysML - BGR-300_files/icon_port.jpg" name="Rotation casque" refid="_17_0_4_2_b1402db_1434812450286_348_13212"/><partproperty classType="Property" humanType="Part Property" icon="SysML - BGR-300_files/icon_partproperty.jpg" name="Réducteur 2" refid="_17_0_4_1bde048e_1432882580882_517010_11967"/><partproperty classType="Property" humanType="Part Property" icon="SysML - BGR-300_files/icon_partproperty.jpg" name="Support" refid="_17_0_4_2_b1402db_1434816553451_205227_14971"/><partproperty classType="Property" humanType="Part Property" icon="SysML - BGR-300_files/icon_partproperty.jpg" name="support optique" refid="_17_0_4_2_b1402db_1434816492577_207207_14939"/><flowport classType="Port" humanType="Flow Port" icon="SysML - BGR-300_files/icon_flowport.jpg" name="Vitesse axe optique" refid="_17_0_4_1bde048e_1433489638526_603770_13009"/></attribute><ownedAttribute humanName="Attribut avec Possesseur"><partproperty classType="Property" humanType="Part Property" icon="SysML - BGR-300_files/icon_partproperty.jpg" name="Carte 2" refid="_17_0_4_1bde048e_1432882556376_858643_11891"/><partproperty classType="Property" humanType="Part Property" icon="SysML - BGR-300_files/icon_partproperty.jpg" name="codeur incrémental 2" refid="_17_0_4_1bde048e_1432882561792_802213_11915"/><flowport classType="Port" humanType="Flow Port" icon="SysML - BGR-300_files/icon_flowport.jpg" name="Energie méca axe boule" refid="_17_0_4_2_b1402db_1434812719700_81826_13527"/><flowport classType="Port" humanType="Flow Port" icon="SysML - BGR-300_files/icon_flowport.jpg" name="Energie élec" refid="_17_0_4_1bde048e_1433489541795_502644_12937"/><flowport classType="Port" humanType="Flow Port" icon="SysML - BGR-300_files/icon_flowport.jpg" name="Fixation caméra" refid="_17_0_4_2_b1402db_1434813424533_800021_13963"/><partproperty classType="Property" humanType="Part Property" icon="SysML - BGR-300_files/icon_partproperty.jpg" name="MCC 2" refid="_17_0_4_1bde048e_1432882573031_365403_11941"/><port classType="Port" humanType="Port" icon="SysML - BGR-300_files/icon_port.jpg" name="Mesure vitesse axe optique" refid="_17_0_4_2_b1402db_1434812510959_517884_13340"/><proxyport classType="Port" humanType="Proxy Port" icon="SysML - BGR-300_files/icon_proxyport.jpg" name="p5" refid="_17_0_4_2_b1402db_1434812701826_969318_13478"/><flowport classType="Port" humanType="Flow Port" icon="SysML - BGR-300_files/icon_flowport.jpg" name="p8" refid="_17_0_4_2_b1402db_1434813694262_243469_14107"/><flowport classType="Port" humanType="Flow Port" icon="SysML - BGR-300_files/icon_flowport.jpg" name="Position axe optique" refid="_17_0_4_2_b1402db_1434813209916_61562_13816"/><port classType="Port" humanType="Port" icon="SysML - BGR-300_files/icon_port.jpg" name="Rotation casque" refid="_17_0_4_2_b1402db_1434812450286_348_13212"/><partproperty classType="Property" humanType="Part Property" icon="SysML - BGR-300_files/icon_partproperty.jpg" name="Réducteur 2" refid="_17_0_4_1bde048e_1432882580882_517010_11967"/><partproperty classType="Property" humanType="Part Property" icon="SysML - BGR-300_files/icon_partproperty.jpg" name="Support" refid="_17_0_4_2_b1402db_1434816553451_205227_14971"/><partproperty classType="Property" humanType="Part Property" icon="SysML - BGR-300_files/icon_partproperty.jpg" name="support optique" refid="_17_0_4_2_b1402db_1434816492577_207207_14939"/><flowport classType="Port" humanType="Flow Port" icon="SysML - BGR-300_files/icon_flowport.jpg" name="Vitesse axe optique" refid="_17_0_4_1bde048e_1433489638526_603770_13009"/></ownedAttribute><feature humanName="Caractéristique"><connector classType="Connector" humanType="Connecteur" icon="SysML - BGR-300_files/icon_connector.jpg" isRelationship="true" name="" refid="_17_0_4_2_b1402db_1434816605027_634743_15023"/><connector classType="Connector" humanType="Connecteur" icon="SysML - BGR-300_files/icon_connector.jpg" isRelationship="true" name="" refid="_17_0_4_2_b1402db_1434816734662_124776_15121"/><connector classType="Connector" humanType="Connecteur" icon="SysML - BGR-300_files/icon_connector.jpg" isRelationship="true" name="" refid="_17_0_4_2_b1402db_1434816810790_678529_15181"/><connector classType="Connector" humanType="Connecteur" icon="SysML - BGR-300_files/icon_connector.jpg" isRelationship="true" name="" refid="_17_0_4_2_b1402db_1434816915829_129128_15217"/><connector classType="Connector" humanType="Connecteur" icon="SysML - BGR-300_files/icon_connector.jpg" isRelationship="true" name="" refid="_17_0_4_2_b1402db_1434817029362_763997_15268"/><connector classType="Connector" humanType="Connecteur" icon="SysML - BGR-300_files/icon_connector.jpg" isRelationship="true" name="" refid="_17_0_4_2_b1402db_1434817133027_197679_15309"/><connector classType="Connector" humanType="Connecteur" icon="SysML - BGR-300_files/icon_connector.jpg" isRelationship="true" name="" refid="_17_0_4_2_b1402db_1434817277376_137967_15324"/><connector classType="Connector" humanType="Connecteur" icon="SysML - BGR-300_files/icon_connector.jpg" isRelationship="true" name="" refid="_17_0_4_2_b1402db_1434817343655_184307_15363"/><connector classType="Connector" humanType="Connecteur" icon="SysML - BGR-300_files/icon_connector.jpg" isRelationship="true" name="" refid="_17_0_4_2_b1402db_1434817435231_927980_15406"/><connector classType="Connector" humanType="Connecteur" icon="SysML - BGR-300_files/icon_connector.jpg" isRelationship="true" name="" refid="_17_0_4_2_b1402db_1434817474326_50147_15478"/><connector classType="Connector" humanType="Connecteur" icon="SysML - BGR-300_files/icon_connector.jpg" isRelationship="true" name="" refid="_17_0_4_2_b1402db_1434817493804_68479_15490"/><connector classType="Connector" humanType="Connecteur" icon="SysML - BGR-300_files/icon_connector.jpg" isRelationship="true" name="" refid="_17_0_4_2_b1402db_1434817591154_65386_15591"/><connector classType="Connector" humanType="Connecteur" icon="SysML - BGR-300_files/icon_connector.jpg" isRelationship="true" name="" refid="_17_0_4_2_b1402db_1434817737619_308668_15678"/><partproperty classType="Property" humanType="Part Property" icon="SysML - BGR-300_files/icon_partproperty.jpg" name="Carte 2" refid="_17_0_4_1bde048e_1432882556376_858643_11891"/><partproperty classType="Property" humanType="Part Property" icon="SysML - BGR-300_files/icon_partproperty.jpg" name="codeur incrémental 2" refid="_17_0_4_1bde048e_1432882561792_802213_11915"/><flowport classType="Port" humanType="Flow Port" icon="SysML - BGR-300_files/icon_flowport.jpg" name="Energie méca axe boule" refid="_17_0_4_2_b1402db_1434812719700_81826_13527"/><flowport classType="Port" humanType="Flow Port" icon="SysML - BGR-300_files/icon_flowport.jpg" name="Energie élec" refid="_17_0_4_1bde048e_1433489541795_502644_12937"/><flowport classType="Port" humanType="Flow Port" icon="SysML - BGR-300_files/icon_flowport.jpg" name="Fixation caméra" refid="_17_0_4_2_b1402db_1434813424533_800021_13963"/><partproperty classType="Property" humanType="Part Property" icon="SysML - BGR-300_files/icon_partproperty.jpg" name="MCC 2" refid="_17_0_4_1bde048e_1432882573031_365403_11941"/><port classType="Port" humanType="Port" icon="SysML - BGR-300_files/icon_port.jpg" name="Mesure vitesse axe optique" refid="_17_0_4_2_b1402db_1434812510959_517884_13340"/><proxyport classType="Port" humanType="Proxy Port" icon="SysML - BGR-300_files/icon_proxyport.jpg" name="p5" refid="_17_0_4_2_b1402db_1434812701826_969318_13478"/><flowport classType="Port" humanType="Flow Port" icon="SysML - BGR-300_files/icon_flowport.jpg" name="p8" refid="_17_0_4_2_b1402db_1434813694262_243469_14107"/><flowport classType="Port" humanType="Flow Port" icon="SysML - BGR-300_files/icon_flowport.jpg" name="Position axe optique" refid="_17_0_4_2_b1402db_1434813209916_61562_13816"/><port classType="Port" humanType="Port" icon="SysML - BGR-300_files/icon_port.jpg" name="Rotation casque" refid="_17_0_4_2_b1402db_1434812450286_348_13212"/><partproperty classType="Property" humanType="Part Property" icon="SysML - BGR-300_files/icon_partproperty.jpg" name="Réducteur 2" refid="_17_0_4_1bde048e_1432882580882_517010_11967"/><partproperty classType="Property" humanType="Part Property" icon="SysML - BGR-300_files/icon_partproperty.jpg" name="Support" refid="_17_0_4_2_b1402db_1434816553451_205227_14971"/><partproperty classType="Property" humanType="Part Property" icon="SysML - BGR-300_files/icon_partproperty.jpg" name="support optique" refid="_17_0_4_2_b1402db_1434816492577_207207_14939"/><flowport classType="Port" humanType="Flow Port" icon="SysML - BGR-300_files/icon_flowport.jpg" name="Vitesse axe optique" refid="_17_0_4_1bde048e_1433489638526_603770_13009"/></feature><ownedConnector humanName="Connecteur avec Possesseur"><connector classType="Connector" humanType="Connecteur" icon="SysML - BGR-300_files/icon_connector.jpg" isRelationship="true" name="" refid="_17_0_4_2_b1402db_1434816605027_634743_15023"/><connector classType="Connector" humanType="Connecteur" icon="SysML - BGR-300_files/icon_connector.jpg" isRelationship="true" name="" refid="_17_0_4_2_b1402db_1434816734662_124776_15121"/><connector classType="Connector" humanType="Connecteur" icon="SysML - BGR-300_files/icon_connector.jpg" isRelationship="true" name="" refid="_17_0_4_2_b1402db_1434816810790_678529_15181"/><connector classType="Connector" humanType="Connecteur" icon="SysML - BGR-300_files/icon_connector.jpg" isRelationship="true" name="" refid="_17_0_4_2_b1402db_1434816915829_129128_15217"/><connector classType="Connector" humanType="Connecteur" icon="SysML - BGR-300_files/icon_connector.jpg" isRelationship="true" name="" refid="_17_0_4_2_b1402db_1434817029362_763997_15268"/><connector classType="Connector" humanType="Connecteur" icon="SysML - BGR-300_files/icon_connector.jpg" isRelationship="true" name="" refid="_17_0_4_2_b1402db_1434817133027_197679_15309"/><connector classType="Connector" humanType="Connecteur" icon="SysML - BGR-300_files/icon_connector.jpg" isRelationship="true" name="" refid="_17_0_4_2_b1402db_1434817277376_137967_15324"/><connector classType="Connector" humanType="Connecteur" icon="SysML - BGR-300_files/icon_connector.jpg" isRelationship="true" name="" refid="_17_0_4_2_b1402db_1434817343655_184307_15363"/><connector classType="Connector" humanType="Connecteur" icon="SysML - BGR-300_files/icon_connector.jpg" isRelationship="true" name="" refid="_17_0_4_2_b1402db_1434817435231_927980_15406"/><connector classType="Connector" humanType="Connecteur" icon="SysML - BGR-300_files/icon_connector.jpg" isRelationship="true" name="" refid="_17_0_4_2_b1402db_1434817474326_50147_15478"/><connector classType="Connector" humanType="Connecteur" icon="SysML - BGR-300_files/icon_connector.jpg" isRelationship="true" name="" refid="_17_0_4_2_b1402db_1434817493804_68479_15490"/><connector classType="Connector" humanType="Connecteur" icon="SysML - BGR-300_files/icon_connector.jpg" isRelationship="true" name="" refid="_17_0_4_2_b1402db_1434817591154_65386_15591"/><connector classType="Connector" humanType="Connecteur" icon="SysML - BGR-300_files/icon_connector.jpg" isRelationship="true" name="" refid="_17_0_4_2_b1402db_1434817737619_308668_15678"/></ownedConnector><ownedElement humanName="Elément avec Possesseur"><instancespecification classType="InstanceSpecification" humanType="Spécification d'Instance" icon="SysML - BGR-300_files/icon_instancespecification.jpg" name="" refid="_17_0_4_1bde048e_1432882495915_760301_11886"/><connector classType="Connector" humanType="Connecteur" icon="SysML - BGR-300_files/icon_connector.jpg" isRelationship="true" name="" refid="_17_0_4_2_b1402db_1434816605027_634743_15023"/><connector classType="Connector" humanType="Connecteur" icon="SysML - BGR-300_files/icon_connector.jpg" isRelationship="true" name="" refid="_17_0_4_2_b1402db_1434816734662_124776_15121"/><connector classType="Connector" humanType="Connecteur" icon="SysML - BGR-300_files/icon_connector.jpg" isRelationship="true" name="" refid="_17_0_4_2_b1402db_1434816810790_678529_15181"/><connector classType="Connector" humanType="Connecteur" icon="SysML - BGR-300_files/icon_connector.jpg" isRelationship="true" name="" refid="_17_0_4_2_b1402db_1434816915829_129128_15217"/><connector classType="Connector" humanType="Connecteur" icon="SysML - BGR-300_files/icon_connector.jpg" isRelationship="true" name="" refid="_17_0_4_2_b1402db_1434817029362_763997_15268"/><connector classType="Connector" humanType="Connecteur" icon="SysML - BGR-300_files/icon_connector.jpg" isRelationship="true" name="" refid="_17_0_4_2_b1402db_1434817133027_197679_15309"/><connector classType="Connector" humanType="Connecteur" icon="SysML - BGR-300_files/icon_connector.jpg" isRelationship="true" name="" refid="_17_0_4_2_b1402db_1434817277376_137967_15324"/><connector classType="Connector" humanType="Connecteur" icon="SysML - BGR-300_files/icon_connector.jpg" isRelationship="true" name="" refid="_17_0_4_2_b1402db_1434817343655_184307_15363"/><connector classType="Connector" humanType="Connecteur" icon="SysML - BGR-300_files/icon_connector.jpg" isRelationship="true" name="" refid="_17_0_4_2_b1402db_1434817435231_927980_15406"/><connector classType="Connector" humanType="Connecteur" icon="SysML - BGR-300_files/icon_connector.jpg" isRelationship="true" name="" refid="_17_0_4_2_b1402db_1434817474326_50147_15478"/><connector classType="Connector" humanType="Connecteur" icon="SysML - BGR-300_files/icon_connector.jpg" isRelationship="true" name="" refid="_17_0_4_2_b1402db_1434817493804_68479_15490"/><connector classType="Connector" humanType="Connecteur" icon="SysML - BGR-300_files/icon_connector.jpg" isRelationship="true" name="" refid="_17_0_4_2_b1402db_1434817591154_65386_15591"/><connector classType="Connector" humanType="Connecteur" icon="SysML - BGR-300_files/icon_connector.jpg" isRelationship="true" name="" refid="_17_0_4_2_b1402db_1434817737619_308668_15678"/><partproperty classType="Property" humanType="Part Property" icon="SysML - BGR-300_files/icon_partproperty.jpg" name="Carte 2" refid="_17_0_4_1bde048e_1432882556376_858643_11891"/><partproperty classType="Property" humanType="Part Property" icon="SysML - BGR-300_files/icon_partproperty.jpg" name="codeur incrémental 2" refid="_17_0_4_1bde048e_1432882561792_802213_11915"/><flowport classType="Port" humanType="Flow Port" icon="SysML - BGR-300_files/icon_flowport.jpg" name="Energie méca axe boule" refid="_17_0_4_2_b1402db_1434812719700_81826_13527"/><flowport classType="Port" humanType="Flow Port" icon="SysML - BGR-300_files/icon_flowport.jpg" name="Energie élec" refid="_17_0_4_1bde048e_1433489541795_502644_12937"/><flowport classType="Port" humanType="Flow Port" icon="SysML - BGR-300_files/icon_flowport.jpg" name="Fixation caméra" refid="_17_0_4_2_b1402db_1434813424533_800021_13963"/><partproperty classType="Property" humanType="Part Property" icon="SysML - BGR-300_files/icon_partproperty.jpg" name="MCC 2" refid="_17_0_4_1bde048e_1432882573031_365403_11941"/><port classType="Port" humanType="Port" icon="SysML - BGR-300_files/icon_port.jpg" name="Mesure vitesse axe optique" refid="_17_0_4_2_b1402db_1434812510959_517884_13340"/><proxyport classType="Port" humanType="Proxy Port" icon="SysML - BGR-300_files/icon_proxyport.jpg" name="p5" refid="_17_0_4_2_b1402db_1434812701826_969318_13478"/><flowport classType="Port" humanType="Flow Port" icon="SysML - BGR-300_files/icon_flowport.jpg" name="p8" refid="_17_0_4_2_b1402db_1434813694262_243469_14107"/><flowport classType="Port" humanType="Flow Port" icon="SysML - BGR-300_files/icon_flowport.jpg" name="Position axe optique" refid="_17_0_4_2_b1402db_1434813209916_61562_13816"/><port classType="Port" humanType="Port" icon="SysML - BGR-300_files/icon_port.jpg" name="Rotation casque" refid="_17_0_4_2_b1402db_1434812450286_348_13212"/><partproperty classType="Property" humanType="Part Property" icon="SysML - BGR-300_files/icon_partproperty.jpg" name="Réducteur 2" refid="_17_0_4_1bde048e_1432882580882_517010_11967"/><partproperty classType="Property" humanType="Part Property" icon="SysML - BGR-300_files/icon_partproperty.jpg" name="Support" refid="_17_0_4_2_b1402db_1434816553451_205227_14971"/><partproperty classType="Property" humanType="Part Property" icon="SysML - BGR-300_files/icon_partproperty.jpg" name="support optique" refid="_17_0_4_2_b1402db_1434816492577_207207_14939"/><flowport classType="Port" humanType="Flow Port" icon="SysML - BGR-300_files/icon_flowport.jpg" name="Vitesse axe optique" refid="_17_0_4_1bde048e_1433489638526_603770_13009"/></ownedElement><namespace classType="Package" humanName="Espace de Nommage" humanType="Paquet" icon="SysML - BGR-300_files/icon_package.jpg" name="Etage optique (fin)" refid="_17_0_4_1bde048e_1433354650071_969389_12931"/><isAbstract humanName="Est Abstrait" mode="standard,expert">false</isAbstract><isActive humanName="Est Actif" mode="standard,expert">false</isActive><isFinalSpecialization humanName="Est Final Spécialisation" mode="expert">false</isFinalSpecialization><isLeaf humanName="Est une Feuille" mode="expert">false</isLeaf><appliedStereotypeInstance classType="InstanceSpecification" humanName="Instance de Stéréotype Appliqué" humanType="Spécification d'Instance" icon="SysML - BGR-300_files/icon_instancespecification.jpg" name="" refid="_17_0_4_1bde048e_1432882495915_760301_11886"/><member humanName="Membre"><connector classType="Connector" humanType="Connecteur" icon="SysML - BGR-300_files/icon_connector.jpg" isRelationship="true" name="" refid="_17_0_4_2_b1402db_1434816605027_634743_15023"/><connector classType="Connector" humanType="Connecteur" icon="SysML - BGR-300_files/icon_connector.jpg" isRelationship="true" name="" refid="_17_0_4_2_b1402db_1434816734662_124776_15121"/><connector classType="Connector" humanType="Connecteur" icon="SysML - BGR-300_files/icon_connector.jpg" isRelationship="true" name="" refid="_17_0_4_2_b1402db_1434816810790_678529_15181"/><connector classType="Connector" humanType="Connecteur" icon="SysML - BGR-300_files/icon_connector.jpg" isRelationship="true" name="" refid="_17_0_4_2_b1402db_1434816915829_129128_15217"/><connector classType="Connector" humanType="Connecteur" icon="SysML - BGR-300_files/icon_connector.jpg" isRelationship="true" name="" refid="_17_0_4_2_b1402db_1434817029362_763997_15268"/><connector classType="Connector" humanType="Connecteur" icon="SysML - BGR-300_files/icon_connector.jpg" isRelationship="true" name="" refid="_17_0_4_2_b1402db_1434817133027_197679_15309"/><connector classType="Connector" humanType="Connecteur" icon="SysML - BGR-300_files/icon_connector.jpg" isRelationship="true" name="" refid="_17_0_4_2_b1402db_1434817277376_137967_15324"/><connector classType="Connector" humanType="Connecteur" icon="SysML - BGR-300_files/icon_connector.jpg" isRelationship="true" name="" refid="_17_0_4_2_b1402db_1434817343655_184307_15363"/><connector classType="Connector" humanType="Connecteur" icon="SysML - BGR-300_files/icon_connector.jpg" isRelationship="true" name="" refid="_17_0_4_2_b1402db_1434817435231_927980_15406"/><connector classType="Connector" humanType="Connecteur" icon="SysML - BGR-300_files/icon_connector.jpg" isRelationship="true" name="" refid="_17_0_4_2_b1402db_1434817474326_50147_15478"/><connector classType="Connector" humanType="Connecteur" icon="SysML - BGR-300_files/icon_connector.jpg" isRelationship="true" name="" refid="_17_0_4_2_b1402db_1434817493804_68479_15490"/><connector classType="Connector" humanType="Connecteur" icon="SysML - BGR-300_files/icon_connector.jpg" isRelationship="true" name="" refid="_17_0_4_2_b1402db_1434817591154_65386_15591"/><connector classType="Connector" humanType="Connecteur" icon="SysML - BGR-300_files/icon_connector.jpg" isRelationship="true" name="" refid="_17_0_4_2_b1402db_1434817737619_308668_15678"/><partproperty classType="Property" humanType="Part Property" icon="SysML - BGR-300_files/icon_partproperty.jpg" name="Carte 2" refid="_17_0_4_1bde048e_1432882556376_858643_11891"/><partproperty classType="Property" humanType="Part Property" icon="SysML - BGR-300_files/icon_partproperty.jpg" name="codeur incrémental 2" refid="_17_0_4_1bde048e_1432882561792_802213_11915"/><flowport classType="Port" humanType="Flow Port" icon="SysML - BGR-300_files/icon_flowport.jpg" name="Energie méca axe boule" refid="_17_0_4_2_b1402db_1434812719700_81826_13527"/><flowport classType="Port" humanType="Flow Port" icon="SysML - BGR-300_files/icon_flowport.jpg" name="Energie élec" refid="_17_0_4_1bde048e_1433489541795_502644_12937"/><flowport classType="Port" humanType="Flow Port" icon="SysML - BGR-300_files/icon_flowport.jpg" name="Fixation caméra" refid="_17_0_4_2_b1402db_1434813424533_800021_13963"/><partproperty classType="Property" humanType="Part Property" icon="SysML - BGR-300_files/icon_partproperty.jpg" name="MCC 2" refid="_17_0_4_1bde048e_1432882573031_365403_11941"/><port classType="Port" humanType="Port" icon="SysML - BGR-300_files/icon_port.jpg" name="Mesure vitesse axe optique" refid="_17_0_4_2_b1402db_1434812510959_517884_13340"/><proxyport classType="Port" humanType="Proxy Port" icon="SysML - BGR-300_files/icon_proxyport.jpg" name="p5" refid="_17_0_4_2_b1402db_1434812701826_969318_13478"/><flowport classType="Port" humanType="Flow Port" icon="SysML - BGR-300_files/icon_flowport.jpg" name="p8" refid="_17_0_4_2_b1402db_1434813694262_243469_14107"/><flowport classType="Port" humanType="Flow Port" icon="SysML - BGR-300_files/icon_flowport.jpg" name="Position axe optique" refid="_17_0_4_2_b1402db_1434813209916_61562_13816"/><port classType="Port" humanType="Port" icon="SysML - BGR-300_files/icon_port.jpg" name="Rotation casque" refid="_17_0_4_2_b1402db_1434812450286_348_13212"/><partproperty classType="Property" humanType="Part Property" icon="SysML - BGR-300_files/icon_partproperty.jpg" name="Réducteur 2" refid="_17_0_4_1bde048e_1432882580882_517010_11967"/><partproperty classType="Property" humanType="Part Property" icon="SysML - BGR-300_files/icon_partproperty.jpg" name="Support" refid="_17_0_4_2_b1402db_1434816553451_205227_14971"/><partproperty classType="Property" humanType="Part Property" icon="SysML - BGR-300_files/icon_partproperty.jpg" name="support optique" refid="_17_0_4_2_b1402db_1434816492577_207207_14939"/><flowport classType="Port" humanType="Flow Port" icon="SysML - BGR-300_files/icon_flowport.jpg" name="Vitesse axe optique" refid="_17_0_4_1bde048e_1433489638526_603770_13009"/></member><ownedMember humanName="Membre avec Possesseur"><connector classType="Connector" humanType="Connecteur" icon="SysML - BGR-300_files/icon_connector.jpg" isRelationship="true" name="" refid="_17_0_4_2_b1402db_1434816605027_634743_15023"/><connector classType="Connector" humanType="Connecteur" icon="SysML - BGR-300_files/icon_connector.jpg" isRelationship="true" name="" refid="_17_0_4_2_b1402db_1434816734662_124776_15121"/><connector classType="Connector" humanType="Connecteur" icon="SysML - BGR-300_files/icon_connector.jpg" isRelationship="true" name="" refid="_17_0_4_2_b1402db_1434816810790_678529_15181"/><connector classType="Connector" humanType="Connecteur" icon="SysML - BGR-300_files/icon_connector.jpg" isRelationship="true" name="" refid="_17_0_4_2_b1402db_1434816915829_129128_15217"/><connector classType="Connector" humanType="Connecteur" icon="SysML - BGR-300_files/icon_connector.jpg" isRelationship="true" name="" refid="_17_0_4_2_b1402db_1434817029362_763997_15268"/><connector classType="Connector" humanType="Connecteur" icon="SysML - BGR-300_files/icon_connector.jpg" isRelationship="true" name="" refid="_17_0_4_2_b1402db_1434817133027_197679_15309"/><connector classType="Connector" humanType="Connecteur" icon="SysML - BGR-300_files/icon_connector.jpg" isRelationship="true" name="" refid="_17_0_4_2_b1402db_1434817277376_137967_15324"/><connector classType="Connector" humanType="Connecteur" icon="SysML - BGR-300_files/icon_connector.jpg" isRelationship="true" name="" refid="_17_0_4_2_b1402db_1434817343655_184307_15363"/><connector classType="Connector" humanType="Connecteur" icon="SysML - BGR-300_files/icon_connector.jpg" isRelationship="true" name="" refid="_17_0_4_2_b1402db_1434817435231_927980_15406"/><connector classType="Connector" humanType="Connecteur" icon="SysML - BGR-300_files/icon_connector.jpg" isRelationship="true" name="" refid="_17_0_4_2_b1402db_1434817474326_50147_15478"/><connector classType="Connector" humanType="Connecteur" icon="SysML - BGR-300_files/icon_connector.jpg" isRelationship="true" name="" refid="_17_0_4_2_b1402db_1434817493804_68479_15490"/><connector classType="Connector" humanType="Connecteur" icon="SysML - BGR-300_files/icon_connector.jpg" isRelationship="true" name="" refid="_17_0_4_2_b1402db_1434817591154_65386_15591"/><connector classType="Connector" humanType="Connecteur" icon="SysML - BGR-300_files/icon_connector.jpg" isRelationship="true" name="" refid="_17_0_4_2_b1402db_1434817737619_308668_15678"/><partproperty classType="Property" humanType="Part Property" icon="SysML - BGR-300_files/icon_partproperty.jpg" name="Carte 2" refid="_17_0_4_1bde048e_1432882556376_858643_11891"/><partproperty classType="Property" humanType="Part Property" icon="SysML - BGR-300_files/icon_partproperty.jpg" name="codeur incrémental 2" refid="_17_0_4_1bde048e_1432882561792_802213_11915"/><flowport classType="Port" humanType="Flow Port" icon="SysML - BGR-300_files/icon_flowport.jpg" name="Energie méca axe boule" refid="_17_0_4_2_b1402db_1434812719700_81826_13527"/><flowport classType="Port" humanType="Flow Port" icon="SysML - BGR-300_files/icon_flowport.jpg" name="Energie élec" refid="_17_0_4_1bde048e_1433489541795_502644_12937"/><flowport classType="Port" humanType="Flow Port" icon="SysML - BGR-300_files/icon_flowport.jpg" name="Fixation caméra" refid="_17_0_4_2_b1402db_1434813424533_800021_13963"/><partproperty classType="Property" humanType="Part Property" icon="SysML - BGR-300_files/icon_partproperty.jpg" name="MCC 2" refid="_17_0_4_1bde048e_1432882573031_365403_11941"/><port classType="Port" humanType="Port" icon="SysML - BGR-300_files/icon_port.jpg" name="Mesure vitesse axe optique" refid="_17_0_4_2_b1402db_1434812510959_517884_13340"/><proxyport classType="Port" humanType="Proxy Port" icon="SysML - BGR-300_files/icon_proxyport.jpg" name="p5" refid="_17_0_4_2_b1402db_1434812701826_969318_13478"/><flowport classType="Port" humanType="Flow Port" icon="SysML - BGR-300_files/icon_flowport.jpg" name="p8" refid="_17_0_4_2_b1402db_1434813694262_243469_14107"/><flowport classType="Port" humanType="Flow Port" icon="SysML - BGR-300_files/icon_flowport.jpg" name="Position axe optique" refid="_17_0_4_2_b1402db_1434813209916_61562_13816"/><port classType="Port" humanType="Port" icon="SysML - BGR-300_files/icon_port.jpg" name="Rotation casque" refid="_17_0_4_2_b1402db_1434812450286_348_13212"/><partproperty classType="Property" humanType="Part Property" icon="SysML - BGR-300_files/icon_partproperty.jpg" name="Réducteur 2" refid="_17_0_4_1bde048e_1432882580882_517010_11967"/><partproperty classType="Property" humanType="Part Property" icon="SysML - BGR-300_files/icon_partproperty.jpg" name="Support" refid="_17_0_4_2_b1402db_1434816553451_205227_14971"/><partproperty classType="Property" humanType="Part Property" icon="SysML - BGR-300_files/icon_partproperty.jpg" name="support optique" refid="_17_0_4_2_b1402db_1434816492577_207207_14939"/><flowport classType="Port" humanType="Flow Port" icon="SysML - BGR-300_files/icon_flowport.jpg" name="Vitesse axe optique" refid="_17_0_4_1bde048e_1433489638526_603770_13009"/></ownedMember><name humanName="Nom" mode="standard,expert">Etage optique (fin)</name><qualifiedName humanName="Nom Qualifié" mode="expert">Etage optique (fin)::Etage optique (fin)</qualifiedName><package classType="Package" humanName="Paquetage" humanType="Paquet" icon="SysML - BGR-300_files/icon_package.jpg" name="Etage optique (fin)" refid="_17_0_4_1bde048e_1433354650071_969389_12931"/><owningPackage classType="Package" humanName="Paquetage de Possession" humanType="Paquet" icon="SysML - BGR-300_files/icon_package.jpg" name="Etage optique (fin)" refid="_17_0_4_1bde048e_1433354650071_969389_12931"/><part humanName="Partie"><partproperty classType="Property" humanType="Part Property" icon="SysML - BGR-300_files/icon_partproperty.jpg" name="Carte 2" refid="_17_0_4_1bde048e_1432882556376_858643_11891"/><partproperty classType="Property" humanType="Part Property" icon="SysML - BGR-300_files/icon_partproperty.jpg" name="codeur incrémental 2" refid="_17_0_4_1bde048e_1432882561792_802213_11915"/><flowport classType="Port" humanType="Flow Port" icon="SysML - BGR-300_files/icon_flowport.jpg" name="Energie méca axe boule" refid="_17_0_4_2_b1402db_1434812719700_81826_13527"/><flowport classType="Port" humanType="Flow Port" icon="SysML - BGR-300_files/icon_flowport.jpg" name="Energie élec" refid="_17_0_4_1bde048e_1433489541795_502644_12937"/><flowport classType="Port" humanType="Flow Port" icon="SysML - BGR-300_files/icon_flowport.jpg" name="Fixation caméra" refid="_17_0_4_2_b1402db_1434813424533_800021_13963"/><partproperty classType="Property" humanType="Part Property" icon="SysML - BGR-300_files/icon_partproperty.jpg" name="MCC 2" refid="_17_0_4_1bde048e_1432882573031_365403_11941"/><port classType="Port" humanType="Port" icon="SysML - BGR-300_files/icon_port.jpg" name="Mesure vitesse axe optique" refid="_17_0_4_2_b1402db_1434812510959_517884_13340"/><proxyport classType="Port" humanType="Proxy Port" icon="SysML - BGR-300_files/icon_proxyport.jpg" name="p5" refid="_17_0_4_2_b1402db_1434812701826_969318_13478"/><flowport classType="Port" humanType="Flow Port" icon="SysML - BGR-300_files/icon_flowport.jpg" name="p8" refid="_17_0_4_2_b1402db_1434813694262_243469_14107"/><flowport classType="Port" humanType="Flow Port" icon="SysML - BGR-300_files/icon_flowport.jpg" name="Position axe optique" refid="_17_0_4_2_b1402db_1434813209916_61562_13816"/><port classType="Port" humanType="Port" icon="SysML - BGR-300_files/icon_port.jpg" name="Rotation casque" refid="_17_0_4_2_b1402db_1434812450286_348_13212"/><partproperty classType="Property" humanType="Part Property" icon="SysML - BGR-300_files/icon_partproperty.jpg" name="Réducteur 2" refid="_17_0_4_1bde048e_1432882580882_517010_11967"/><partproperty classType="Property" humanType="Part Property" icon="SysML - BGR-300_files/icon_partproperty.jpg" name="Support" refid="_17_0_4_2_b1402db_1434816553451_205227_14971"/><partproperty classType="Property" humanType="Part Property" icon="SysML - BGR-300_files/icon_partproperty.jpg" name="support optique" refid="_17_0_4_2_b1402db_1434816492577_207207_14939"/><flowport classType="Port" humanType="Flow Port" icon="SysML - BGR-300_files/icon_flowport.jpg" name="Vitesse axe optique" refid="_17_0_4_1bde048e_1433489638526_603770_13009"/></part><ownedPort humanName="Port avec Possesseur"><flowport classType="Port" humanType="Flow Port" icon="SysML - BGR-300_files/icon_flowport.jpg" name="Energie méca axe boule" refid="_17_0_4_2_b1402db_1434812719700_81826_13527"/><flowport classType="Port" humanType="Flow Port" icon="SysML - BGR-300_files/icon_flowport.jpg" name="Energie élec" refid="_17_0_4_1bde048e_1433489541795_502644_12937"/><flowport classType="Port" humanType="Flow Port" icon="SysML - BGR-300_files/icon_flowport.jpg" name="Fixation caméra" refid="_17_0_4_2_b1402db_1434813424533_800021_13963"/><port classType="Port" humanType="Port" icon="SysML - BGR-300_files/icon_port.jpg" name="Mesure vitesse axe optique" refid="_17_0_4_2_b1402db_1434812510959_517884_13340"/><proxyport classType="Port" humanType="Proxy Port" icon="SysML - BGR-300_files/icon_proxyport.jpg" name="p5" refid="_17_0_4_2_b1402db_1434812701826_969318_13478"/><flowport classType="Port" humanType="Flow Port" icon="SysML - BGR-300_files/icon_flowport.jpg" name="p8" refid="_17_0_4_2_b1402db_1434813694262_243469_14107"/><flowport classType="Port" humanType="Flow Port" icon="SysML - BGR-300_files/icon_flowport.jpg" name="Position axe optique" refid="_17_0_4_2_b1402db_1434813209916_61562_13816"/><port classType="Port" humanType="Port" icon="SysML - BGR-300_files/icon_port.jpg" name="Rotation casque" refid="_17_0_4_2_b1402db_1434812450286_348_13212"/><flowport classType="Port" humanType="Flow Port" icon="SysML - BGR-300_files/icon_flowport.jpg" name="Vitesse axe optique" refid="_17_0_4_1bde048e_1433489638526_603770_13009"/></ownedPort><owner classType="Package" humanName="Possesseur" humanType="Paquet" icon="SysML - BGR-300_files/icon_package.jpg" mode="standard,expert" name="Etage optique (fin)" refid="_17_0_4_1bde048e_1433354650071_969389_12931"/><role humanName="Rôle"><partproperty classType="Property" humanType="Part Property" icon="SysML - BGR-300_files/icon_partproperty.jpg" name="Carte 2" refid="_17_0_4_1bde048e_1432882556376_858643_11891"/><partproperty classType="Property" humanType="Part Property" icon="SysML - BGR-300_files/icon_partproperty.jpg" name="codeur incrémental 2" refid="_17_0_4_1bde048e_1432882561792_802213_11915"/><flowport classType="Port" humanType="Flow Port" icon="SysML - BGR-300_files/icon_flowport.jpg" name="Energie méca axe boule" refid="_17_0_4_2_b1402db_1434812719700_81826_13527"/><flowport classType="Port" humanType="Flow Port" icon="SysML - BGR-300_files/icon_flowport.jpg" name="Energie élec" refid="_17_0_4_1bde048e_1433489541795_502644_12937"/><flowport classType="Port" humanType="Flow Port" icon="SysML - BGR-300_files/icon_flowport.jpg" name="Fixation caméra" refid="_17_0_4_2_b1402db_1434813424533_800021_13963"/><partproperty classType="Property" humanType="Part Property" icon="SysML - BGR-300_files/icon_partproperty.jpg" name="MCC 2" refid="_17_0_4_1bde048e_1432882573031_365403_11941"/><port classType="Port" humanType="Port" icon="SysML - BGR-300_files/icon_port.jpg" name="Mesure vitesse axe optique" refid="_17_0_4_2_b1402db_1434812510959_517884_13340"/><proxyport classType="Port" humanType="Proxy Port" icon="SysML - BGR-300_files/icon_proxyport.jpg" name="p5" refid="_17_0_4_2_b1402db_1434812701826_969318_13478"/><flowport classType="Port" humanType="Flow Port" icon="SysML - BGR-300_files/icon_flowport.jpg" name="p8" refid="_17_0_4_2_b1402db_1434813694262_243469_14107"/><flowport classType="Port" humanType="Flow Port" icon="SysML - BGR-300_files/icon_flowport.jpg" name="Position axe optique" refid="_17_0_4_2_b1402db_1434813209916_61562_13816"/><port classType="Port" humanType="Port" icon="SysML - BGR-300_files/icon_port.jpg" name="Rotation casque" refid="_17_0_4_2_b1402db_1434812450286_348_13212"/><partproperty classType="Property" humanType="Part Property" icon="SysML - BGR-300_files/icon_partproperty.jpg" name="Réducteur 2" refid="_17_0_4_1bde048e_1432882580882_517010_11967"/><partproperty classType="Property" humanType="Part Property" icon="SysML - BGR-300_files/icon_partproperty.jpg" name="Support" refid="_17_0_4_2_b1402db_1434816553451_205227_14971"/><partproperty classType="Property" humanType="Part Property" icon="SysML - BGR-300_files/icon_partproperty.jpg" name="support optique" refid="_17_0_4_2_b1402db_1434816492577_207207_14939"/><flowport classType="Port" humanType="Flow Port" icon="SysML - BGR-300_files/icon_flowport.jpg" name="Vitesse axe optique" refid="_17_0_4_1bde048e_1433489638526_603770_13009"/></role><APPLIED_STEREOTYPES humanName="Stéréotype Appliqué" mode="expert"><stereotype classType="Stereotype" humanType="Stéréotype" icon="SysML - BGR-300_files/icon_stereotype.jpg" name="Subsystem" refid="_12_1_8740266_1172578094265_898135_1579"/></APPLIED_STEREOTYPES><appliedStereotype humanName="Stéréotype Appliqué" mode="expert"><stereotype classType="Stereotype" humanType="Stéréotype" icon="SysML - BGR-300_files/icon_stereotype.jpg" name="Subsystem" refid="_12_1_8740266_1172578094265_898135_1579"><property classType="Property" humanName="base_Class" humanType="Propriété" icon="SysML - BGR-300_files/icon_property.jpg" name="base_Class" refid="_11_5EAPbeta_be00301_1147424181797_326831_961"/><property classType="Property" humanName="base_Class" humanType="Propriété" icon="SysML - BGR-300_files/icon_property.jpg" name="base_Class" refid="_12_1_8740266_1172578094296_485640_1633"/><property classType="Property" humanName="isEncapsulated" humanType="Propriété" icon="SysML - BGR-300_files/icon_property.jpg" name="isEncapsulated" refid="_11_5EAPbeta_be00301_1147424201876_860708_1049"/></stereotype></appliedStereotype><visibility humanName="Visibilité" mode="standard,expert">public</visibility></subsystem></magicdraw>