<?xml version="1.0" encoding="UTF-8"?>
<magicdraw><association classType="Association" humanType="Association" icon="SysML - BGR-300_files/icon_association.jpg" id="_17_0_4_1bde048e_1434796247908_811607_13680"><TO_DO humanName="A Faire"></TO_DO><feature humanName="Caractéristique"><property classType="Property" humanType="Propriété" icon="SysML - BGR-300_files/icon_property.jpg" name="" refid="_17_0_4_1bde048e_1434796247908_525954_13682"/></feature><ownedElement humanName="Elément avec Possesseur"><property classType="Property" humanType="Propriété" icon="SysML - BGR-300_files/icon_property.jpg" name="" refid="_17_0_4_1bde048e_1434796247908_525954_13682"/></ownedElement><relatedElement humanName="Elément Relié"><system classType="Class" humanType="System" icon="SysML - BGR-300_files/icon_system.jpg" name="Boule gyrostabilisée" refid="_17_0_4_1bde048e_1434795695036_75073_13287"/><block classType="Class" humanType="Block" icon="SysML - BGR-300_files/icon_block.jpg" name="Gyromètre" refid="_17_0_4_1bde048e_1434796179732_551344_13594"/></relatedElement><namespace classType="Package" humanName="Espace de Nommage" humanType="Paquet" icon="SysML - BGR-300_files/icon_package.jpg" name="Divers" refid="_17_0_4_2_b1402db_1434819072685_820867_16616"/><isAbstract humanName="Est Abstrait">false</isAbstract><isDerived humanName="Est Dérivé">false</isDerived><isFinalSpecialization humanName="Est Final Spécialisation">false</isFinalSpecialization><isLeaf humanName="Est une Feuille">false</isLeaf><ownedEnd humanName="Fin avec Possesseur"><property classType="Property" humanType="Propriété" icon="SysML - BGR-300_files/icon_property.jpg" name="" refid="_17_0_4_1bde048e_1434796247908_525954_13682"/></ownedEnd><memberEnd humanName="Fin de Membre"><property classType="Property" humanType="Propriété" icon="SysML - BGR-300_files/icon_property.jpg" name="" refid="_17_0_4_1bde048e_1434796247908_525954_13682"/><partproperty classType="Property" humanType="Part Property" icon="SysML - BGR-300_files/icon_partproperty.jpg" name="gyromètre CRS43" refid="_17_0_4_1bde048e_1434796247908_380649_13681"/></memberEnd><member humanName="Membre"><property classType="Property" humanType="Propriété" icon="SysML - BGR-300_files/icon_property.jpg" name="" refid="_17_0_4_1bde048e_1434796247908_525954_13682"/><partproperty classType="Property" humanType="Part Property" icon="SysML - BGR-300_files/icon_partproperty.jpg" name="gyromètre CRS43" refid="_17_0_4_1bde048e_1434796247908_380649_13681"/></member><ownedMember humanName="Membre avec Possesseur"><property classType="Property" humanType="Propriété" icon="SysML - BGR-300_files/icon_property.jpg" name="" refid="_17_0_4_1bde048e_1434796247908_525954_13682"/></ownedMember><name humanName="Nom" mode="standard,expert"></name><qualifiedName humanName="Nom Qualifié" mode="expert">Divers::</qualifiedName><package classType="Package" humanName="Paquetage" humanType="Paquet" icon="SysML - BGR-300_files/icon_package.jpg" name="Divers" refid="_17_0_4_2_b1402db_1434819072685_820867_16616"/><owningPackage classType="Package" humanName="Paquetage de Possession" humanType="Paquet" icon="SysML - BGR-300_files/icon_package.jpg" name="Divers" refid="_17_0_4_2_b1402db_1434819072685_820867_16616"/><owner classType="Package" humanName="Possesseur" humanType="Paquet" icon="SysML - BGR-300_files/icon_package.jpg" mode="standard,expert" name="Divers" refid="_17_0_4_2_b1402db_1434819072685_820867_16616"/><endType humanName="Type de Fin"><system classType="Class" humanType="System" icon="SysML - BGR-300_files/icon_system.jpg" name="Boule gyrostabilisée" refid="_17_0_4_1bde048e_1434795695036_75073_13287"/><block classType="Class" humanType="Block" icon="SysML - BGR-300_files/icon_block.jpg" name="Gyromètre" refid="_17_0_4_1bde048e_1434796179732_551344_13594"/></endType><visibility humanName="Visibilité" mode="standard,expert">public</visibility></association></magicdraw>