<?xml version="1.0" encoding="UTF-8"?>
<magicdraw><valueproperty classType="Property" humanType="Value Property" icon="SysML - BGR-300_files/icon_valueproperty.jpg" id="_17_0_4_1bde048e_1432881698700_238133_11698"><TO_DO humanName="A Faire" mode="standard,expert"></TO_DO><aggregation humanName="Agrégation" mode="standard,expert">composite</aggregation><featuringClassifier humanName="Caractérise le Classificateur"><block classType="Class" humanType="Block" icon="SysML - BGR-300_files/icon_block.jpg" name="Moteur CC" refid="_17_0_4_1bde048e_1432881375500_222537_11652"/></featuringClassifier><UMLClass classType="Class" humanName="Classe" humanType="Block" icon="SysML - BGR-300_files/icon_block.jpg" name="Moteur CC" refid="_17_0_4_1bde048e_1432881375500_222537_11652"/><classifier classType="Class" humanName="Classificateur" humanType="Block" icon="SysML - BGR-300_files/icon_block.jpg" name="Moteur CC" refid="_17_0_4_1bde048e_1432881375500_222537_11652"/><default humanName="Défaut">12</default><ownedElement humanName="Elément avec Possesseur"><instancespecification classType="InstanceSpecification" humanType="Spécification d'Instance" icon="SysML - BGR-300_files/icon_instancespecification.jpg" name="" refid="_17_0_4_1bde048e_1432881698701_498244_11699"/><literalstring classType="LiteralString" humanType="Littéral Chaîne de Caractères" icon="SysML - BGR-300_files/icon_literalstring.jpg" name="" refid="_17_0_4_1bde048e_1432881727130_754453_11701" text="12"/></ownedElement><namespace classType="Class" humanName="Espace de Nommage" humanType="Block" icon="SysML - BGR-300_files/icon_block.jpg" name="Moteur CC" refid="_17_0_4_1bde048e_1432881375500_222537_11652"/><isComposite humanName="Est Composite">true</isComposite><isDerived humanName="Est Dérivé" mode="standard,expert">false</isDerived><isReadOnly humanName="Est en Lecture Seulement" mode="standard,expert">false</isReadOnly><isID humanName="Est ID" mode="expert">false</isID><isOrdered humanName="Est Ordonné" mode="expert">false</isOrdered><isStatic humanName="Est Statique" mode="standard,expert">false</isStatic><isLeaf humanName="Est une Feuille">false</isLeaf><isDerivedUnion humanName="Est une Union Dérivée" mode="expert">false</isDerivedUnion><isUnique humanName="Est Unique" mode="expert">true</isUnique><appliedStereotypeInstance classType="InstanceSpecification" humanName="Instance de Stéréotype Appliqué" humanType="Spécification d'Instance" icon="SysML - BGR-300_files/icon_instancespecification.jpg" name="" refid="_17_0_4_1bde048e_1432881698701_498244_11699"/><multiplicity humanName="Multiplicité" mode="standard,expert"></multiplicity><navigable humanName="Navigable" mode="expert">true</navigable><name humanName="Nom" mode="standard,expert">Tension nominale</name><qualifiedName humanName="Nom Qualifié" mode="expert">Etage optique (fin)::Moteur CC::Tension nominale</qualifiedName><lower humanName="Plus bas">1</lower><owner classType="Class" humanName="Possesseur" humanType="Block" icon="SysML - BGR-300_files/icon_block.jpg" name="Moteur CC" refid="_17_0_4_1bde048e_1432881375500_222537_11652"/><ownedBy classType="Class" humanName="Possédé par" humanType="Block" icon="SysML - BGR-300_files/icon_block.jpg" mode="standard,expert" name="Moteur CC" refid="_17_0_4_1bde048e_1432881375500_222537_11652"/><redefinitionContext humanName="Redéfinition de Contexte"><block classType="Class" humanType="Block" icon="SysML - BGR-300_files/icon_block.jpg" name="Moteur CC" refid="_17_0_4_1bde048e_1432881375500_222537_11652"/></redefinitionContext><APPLIED_STEREOTYPES humanName="Stéréotype Appliqué" mode="standard,expert"><stereotype classType="Stereotype" humanType="Stéréotype" icon="SysML - BGR-300_files/icon_stereotype.jpg" name="ValueProperty" refid="_12_0_be00301_1164123483951_695645_2041"/></APPLIED_STEREOTYPES><appliedStereotype humanName="Stéréotype Appliqué" mode="standard,expert"><stereotype classType="Stereotype" humanType="Stéréotype" icon="SysML - BGR-300_files/icon_stereotype.jpg" name="ValueProperty" refid="_12_0_be00301_1164123483951_695645_2041"><property classType="Property" humanName="base_Element" humanType="Propriété" icon="SysML - BGR-300_files/icon_property.jpg" name="base_Element" refid="_10_0EAPbeta_be00301_1123081772098_411862_275"/><property classType="Property" humanName="base_Property" humanType="Propriété" icon="SysML - BGR-300_files/icon_property.jpg" name="base_Property" refid="_12_0_be00301_1164123486896_243192_2044"/></stereotype></appliedStereotype><upper humanName="Supérieur">1</upper><type classType="DataType" humanName="Type" humanType="Value Type" icon="SysML - BGR-300_files/icon_valuetype.jpg" mode="standard,expert" name="V" refid="_16_6_2104050f_1253866229171_239601_7055"/><TYPE_MODIFIER humanName="Type de Modificateur" mode="expert"></TYPE_MODIFIER><defaultValue classType="LiteralString" humanName="Valeur par Défaut" humanType="Littéral Chaîne de Caractères" icon="SysML - BGR-300_files/icon_literalstring.jpg" mode="standard,expert" name="" refid="_17_0_4_1bde048e_1432881727130_754453_11701" text="12"/><visibility humanName="Visibilité" mode="expert">public</visibility></valueproperty></magicdraw>