<?xml version="1.0" encoding="UTF-8"?>
<magicdraw><block classType="Class" humanType="Block" icon="SysML - BGR-300_files/icon_block.jpg" id="_17_0_4_1bde048e_1433745179721_547522_12892"><TO_DO humanName="A Faire" mode="standard,expert"></TO_DO><attribute humanName="Attribut"><flowport classType="Port" humanType="Flow Port" icon="SysML - BGR-300_files/icon_flowport.jpg" name="Energie méca" refid="_17_0_4_1bde048e_1433746390820_998785_13606"/><flowport classType="Port" humanType="Flow Port" icon="SysML - BGR-300_files/icon_flowport.jpg" name="p1" refid="_17_0_4_1bde048e_1433746379688_810666_13582"/><flowport classType="Port" humanType="Flow Port" icon="SysML - BGR-300_files/icon_flowport.jpg" name="Position MCC 1" refid="_17_0_4_2_b1402db_1434818499120_281227_16316"/><referenceproperty classType="Property" humanType="Reference Property" icon="SysML - BGR-300_files/icon_referenceproperty.jpg" name="Référence" refid="_17_0_4_1bde048e_1433745208985_284053_12935"/><valueproperty classType="Property" humanType="Value Property" icon="SysML - BGR-300_files/icon_valueproperty.jpg" name="Tension nominale" refid="_17_0_4_1bde048e_1433745244695_726435_12939"/></attribute><ownedAttribute humanName="Attribut avec Possesseur"><flowport classType="Port" humanType="Flow Port" icon="SysML - BGR-300_files/icon_flowport.jpg" name="Energie méca" refid="_17_0_4_1bde048e_1433746390820_998785_13606"/><flowport classType="Port" humanType="Flow Port" icon="SysML - BGR-300_files/icon_flowport.jpg" name="p1" refid="_17_0_4_1bde048e_1433746379688_810666_13582"/><flowport classType="Port" humanType="Flow Port" icon="SysML - BGR-300_files/icon_flowport.jpg" name="Position MCC 1" refid="_17_0_4_2_b1402db_1434818499120_281227_16316"/><referenceproperty classType="Property" humanType="Reference Property" icon="SysML - BGR-300_files/icon_referenceproperty.jpg" name="Référence" refid="_17_0_4_1bde048e_1433745208985_284053_12935"/><valueproperty classType="Property" humanType="Value Property" icon="SysML - BGR-300_files/icon_valueproperty.jpg" name="Tension nominale" refid="_17_0_4_1bde048e_1433745244695_726435_12939"/></ownedAttribute><feature humanName="Caractéristique"><flowport classType="Port" humanType="Flow Port" icon="SysML - BGR-300_files/icon_flowport.jpg" name="Energie méca" refid="_17_0_4_1bde048e_1433746390820_998785_13606"/><flowport classType="Port" humanType="Flow Port" icon="SysML - BGR-300_files/icon_flowport.jpg" name="p1" refid="_17_0_4_1bde048e_1433746379688_810666_13582"/><flowport classType="Port" humanType="Flow Port" icon="SysML - BGR-300_files/icon_flowport.jpg" name="Position MCC 1" refid="_17_0_4_2_b1402db_1434818499120_281227_16316"/><referenceproperty classType="Property" humanType="Reference Property" icon="SysML - BGR-300_files/icon_referenceproperty.jpg" name="Référence" refid="_17_0_4_1bde048e_1433745208985_284053_12935"/><valueproperty classType="Property" humanType="Value Property" icon="SysML - BGR-300_files/icon_valueproperty.jpg" name="Tension nominale" refid="_17_0_4_1bde048e_1433745244695_726435_12939"/></feature><ownedElement humanName="Elément avec Possesseur"><instancespecification classType="InstanceSpecification" humanType="Spécification d'Instance" icon="SysML - BGR-300_files/icon_instancespecification.jpg" name="" refid="_17_0_4_1bde048e_1433745179722_782889_12893"/><flowport classType="Port" humanType="Flow Port" icon="SysML - BGR-300_files/icon_flowport.jpg" name="Energie méca" refid="_17_0_4_1bde048e_1433746390820_998785_13606"/><flowport classType="Port" humanType="Flow Port" icon="SysML - BGR-300_files/icon_flowport.jpg" name="p1" refid="_17_0_4_1bde048e_1433746379688_810666_13582"/><flowport classType="Port" humanType="Flow Port" icon="SysML - BGR-300_files/icon_flowport.jpg" name="Position MCC 1" refid="_17_0_4_2_b1402db_1434818499120_281227_16316"/><referenceproperty classType="Property" humanType="Reference Property" icon="SysML - BGR-300_files/icon_referenceproperty.jpg" name="Référence" refid="_17_0_4_1bde048e_1433745208985_284053_12935"/><valueproperty classType="Property" humanType="Value Property" icon="SysML - BGR-300_files/icon_valueproperty.jpg" name="Tension nominale" refid="_17_0_4_1bde048e_1433745244695_726435_12939"/></ownedElement><namespace classType="Package" humanName="Espace de Nommage" humanType="Paquet" icon="SysML - BGR-300_files/icon_package.jpg" name="Etage boule (gros)" refid="_17_0_4_1bde048e_1433354627169_728308_12925"/><isAbstract humanName="Est Abstrait" mode="standard,expert">false</isAbstract><isActive humanName="Est Actif" mode="standard,expert">false</isActive><isFinalSpecialization humanName="Est Final Spécialisation" mode="expert">false</isFinalSpecialization><isLeaf humanName="Est une Feuille" mode="expert">false</isLeaf><appliedStereotypeInstance classType="InstanceSpecification" humanName="Instance de Stéréotype Appliqué" humanType="Spécification d'Instance" icon="SysML - BGR-300_files/icon_instancespecification.jpg" name="" refid="_17_0_4_1bde048e_1433745179722_782889_12893"/><member humanName="Membre"><flowport classType="Port" humanType="Flow Port" icon="SysML - BGR-300_files/icon_flowport.jpg" name="Energie méca" refid="_17_0_4_1bde048e_1433746390820_998785_13606"/><flowport classType="Port" humanType="Flow Port" icon="SysML - BGR-300_files/icon_flowport.jpg" name="p1" refid="_17_0_4_1bde048e_1433746379688_810666_13582"/><flowport classType="Port" humanType="Flow Port" icon="SysML - BGR-300_files/icon_flowport.jpg" name="Position MCC 1" refid="_17_0_4_2_b1402db_1434818499120_281227_16316"/><referenceproperty classType="Property" humanType="Reference Property" icon="SysML - BGR-300_files/icon_referenceproperty.jpg" name="Référence" refid="_17_0_4_1bde048e_1433745208985_284053_12935"/><valueproperty classType="Property" humanType="Value Property" icon="SysML - BGR-300_files/icon_valueproperty.jpg" name="Tension nominale" refid="_17_0_4_1bde048e_1433745244695_726435_12939"/></member><ownedMember humanName="Membre avec Possesseur"><flowport classType="Port" humanType="Flow Port" icon="SysML - BGR-300_files/icon_flowport.jpg" name="Energie méca" refid="_17_0_4_1bde048e_1433746390820_998785_13606"/><flowport classType="Port" humanType="Flow Port" icon="SysML - BGR-300_files/icon_flowport.jpg" name="p1" refid="_17_0_4_1bde048e_1433746379688_810666_13582"/><flowport classType="Port" humanType="Flow Port" icon="SysML - BGR-300_files/icon_flowport.jpg" name="Position MCC 1" refid="_17_0_4_2_b1402db_1434818499120_281227_16316"/><referenceproperty classType="Property" humanType="Reference Property" icon="SysML - BGR-300_files/icon_referenceproperty.jpg" name="Référence" refid="_17_0_4_1bde048e_1433745208985_284053_12935"/><valueproperty classType="Property" humanType="Value Property" icon="SysML - BGR-300_files/icon_valueproperty.jpg" name="Tension nominale" refid="_17_0_4_1bde048e_1433745244695_726435_12939"/></ownedMember><name humanName="Nom" mode="standard,expert">Moteur CC</name><qualifiedName humanName="Nom Qualifié" mode="expert">Etage boule (gros)::Moteur CC</qualifiedName><package classType="Package" humanName="Paquetage" humanType="Paquet" icon="SysML - BGR-300_files/icon_package.jpg" name="Etage boule (gros)" refid="_17_0_4_1bde048e_1433354627169_728308_12925"/><owningPackage classType="Package" humanName="Paquetage de Possession" humanType="Paquet" icon="SysML - BGR-300_files/icon_package.jpg" name="Etage boule (gros)" refid="_17_0_4_1bde048e_1433354627169_728308_12925"/><part humanName="Partie"><flowport classType="Port" humanType="Flow Port" icon="SysML - BGR-300_files/icon_flowport.jpg" name="Energie méca" refid="_17_0_4_1bde048e_1433746390820_998785_13606"/><flowport classType="Port" humanType="Flow Port" icon="SysML - BGR-300_files/icon_flowport.jpg" name="p1" refid="_17_0_4_1bde048e_1433746379688_810666_13582"/><flowport classType="Port" humanType="Flow Port" icon="SysML - BGR-300_files/icon_flowport.jpg" name="Position MCC 1" refid="_17_0_4_2_b1402db_1434818499120_281227_16316"/><valueproperty classType="Property" humanType="Value Property" icon="SysML - BGR-300_files/icon_valueproperty.jpg" name="Tension nominale" refid="_17_0_4_1bde048e_1433745244695_726435_12939"/></part><ownedPort humanName="Port avec Possesseur"><flowport classType="Port" humanType="Flow Port" icon="SysML - BGR-300_files/icon_flowport.jpg" name="Energie méca" refid="_17_0_4_1bde048e_1433746390820_998785_13606"/><flowport classType="Port" humanType="Flow Port" icon="SysML - BGR-300_files/icon_flowport.jpg" name="p1" refid="_17_0_4_1bde048e_1433746379688_810666_13582"/><flowport classType="Port" humanType="Flow Port" icon="SysML - BGR-300_files/icon_flowport.jpg" name="Position MCC 1" refid="_17_0_4_2_b1402db_1434818499120_281227_16316"/></ownedPort><owner classType="Package" humanName="Possesseur" humanType="Paquet" icon="SysML - BGR-300_files/icon_package.jpg" mode="standard,expert" name="Etage boule (gros)" refid="_17_0_4_1bde048e_1433354627169_728308_12925"/><role humanName="Rôle"><flowport classType="Port" humanType="Flow Port" icon="SysML - BGR-300_files/icon_flowport.jpg" name="Energie méca" refid="_17_0_4_1bde048e_1433746390820_998785_13606"/><flowport classType="Port" humanType="Flow Port" icon="SysML - BGR-300_files/icon_flowport.jpg" name="p1" refid="_17_0_4_1bde048e_1433746379688_810666_13582"/><flowport classType="Port" humanType="Flow Port" icon="SysML - BGR-300_files/icon_flowport.jpg" name="Position MCC 1" refid="_17_0_4_2_b1402db_1434818499120_281227_16316"/><referenceproperty classType="Property" humanType="Reference Property" icon="SysML - BGR-300_files/icon_referenceproperty.jpg" name="Référence" refid="_17_0_4_1bde048e_1433745208985_284053_12935"/><valueproperty classType="Property" humanType="Value Property" icon="SysML - BGR-300_files/icon_valueproperty.jpg" name="Tension nominale" refid="_17_0_4_1bde048e_1433745244695_726435_12939"/></role><APPLIED_STEREOTYPES humanName="Stéréotype Appliqué" mode="expert"><stereotype classType="Stereotype" humanType="Stéréotype" icon="SysML - BGR-300_files/icon_stereotype.jpg" name="Block" refid="_11_5EAPbeta_be00301_1147424179914_458922_958"/></APPLIED_STEREOTYPES><appliedStereotype humanName="Stéréotype Appliqué" mode="expert"><stereotype classType="Stereotype" humanType="Stéréotype" icon="SysML - BGR-300_files/icon_stereotype.jpg" name="Block" refid="_11_5EAPbeta_be00301_1147424179914_458922_958"><property classType="Property" humanName="base_Class" humanType="Propriété" icon="SysML - BGR-300_files/icon_property.jpg" name="base_Class" refid="_11_5EAPbeta_be00301_1147424181797_326831_961"/><property classType="Property" humanName="isEncapsulated" humanType="Propriété" icon="SysML - BGR-300_files/icon_property.jpg" name="isEncapsulated" refid="_11_5EAPbeta_be00301_1147424201876_860708_1049"/></stereotype></appliedStereotype><visibility humanName="Visibilité" mode="standard,expert">public</visibility></block></magicdraw>