<?xml version="1.0" encoding="UTF-8"?>
<magicdraw><generalization classType="Generalization" humanType="Généralisation" icon="SysML - BGR-300_files/icon_generalization.jpg" id="_17_0_4_1bde048e_1434794031076_761650_12753"><TO_DO humanName="A Faire" mode="standard,expert"></TO_DO><target humanName="Cible"><usecase classType="UseCase" humanType="Cas d'Utilisation" icon="SysML - BGR-300_files/icon_usecase.jpg" name="Obtenir une image fidèle suivant la ligne de visée" refid="_17_0_4_1bde048e_1432708214449_154489_10903"/></target><relatedElement humanName="Elément Relié"><usecase classType="UseCase" humanType="Cas d'Utilisation" icon="SysML - BGR-300_files/icon_usecase.jpg" name="Obtenir une image fidèle suivant la ligne de visée" refid="_17_0_4_1bde048e_1432708214449_154489_10903"/><usecase classType="UseCase" humanType="Cas d'Utilisation" icon="SysML - BGR-300_files/icon_usecase.jpg" name="Obtenir une image nette et indépendante des mouvements de l'hélicoptère" refid="_17_0_4_1bde048e_1434793586166_49031_12696"/></relatedElement><isSubstitutable humanName="Est Substituable">true</isSubstitutable><general classType="UseCase" humanName="Général" humanType="Cas d'Utilisation" icon="SysML - BGR-300_files/icon_usecase.jpg" mode="standard,expert" name="Obtenir une image fidèle suivant la ligne de visée" refid="_17_0_4_1bde048e_1432708214449_154489_10903"/><owner classType="UseCase" humanName="Possesseur" humanType="Cas d'Utilisation" icon="SysML - BGR-300_files/icon_usecase.jpg" mode="standard,expert" name="Obtenir une image nette et indépendante des mouvements de l'hélicoptère" refid="_17_0_4_1bde048e_1434793586166_49031_12696"/><source humanName="Source"><usecase classType="UseCase" humanType="Cas d'Utilisation" icon="SysML - BGR-300_files/icon_usecase.jpg" name="Obtenir une image nette et indépendante des mouvements de l'hélicoptère" refid="_17_0_4_1bde048e_1434793586166_49031_12696"/></source><specific classType="UseCase" humanName="Spécifique" humanType="Cas d'Utilisation" icon="SysML - BGR-300_files/icon_usecase.jpg" mode="standard,expert" name="Obtenir une image nette et indépendante des mouvements de l'hélicoptère" refid="_17_0_4_1bde048e_1434793586166_49031_12696"/></generalization></magicdraw>