<?xml version="1.0" encoding="UTF-8"?>
<magicdraw><instancespecification classType="InstanceSpecification" humanType="Spécification d'Instance" icon="SysML - BGR-300_files/icon_instancespecification.jpg" id="_17_0_4_1bde048e_1433746048157_271142_13184"><TO_DO humanName="A Faire" mode="standard,expert"></TO_DO><classifier humanName="Classificateur" mode="standard,expert"><stereotype classType="Stereotype" humanType="Stéréotype" icon="SysML - BGR-300_files/icon_stereotype.jpg" name="PartProperty" refid="_15_0_be00301_1199377756297_348405_2678"/></classifier><stereotypedElement classType="Property" humanName="Elément Stéréotypé" humanType="Part Property" icon="SysML - BGR-300_files/icon_partproperty.jpg" name="Réducteur 1" refid="_17_0_4_1bde048e_1433746048121_211978_13175"/><name humanName="Nom" mode="standard,expert"></name><qualifiedName humanName="Nom Qualifié" mode="expert">Etage boule (gros)::Etage boule (gros)::Réducteur 1::</qualifiedName><owner classType="Property" humanName="Possesseur" humanType="Part Property" icon="SysML - BGR-300_files/icon_partproperty.jpg" mode="standard,expert" name="Réducteur 1" refid="_17_0_4_1bde048e_1433746048121_211978_13175"/><visibility humanName="Visibilité">public</visibility></instancespecification></magicdraw>