<?xml version="1.0" encoding="UTF-8"?>
<magicdraw><instancespecification classType="InstanceSpecification" humanType="Spécification d'Instance" icon="SysML - BGR-300_files/icon_instancespecification.jpg" id="_17_0_4_1bde048e_1434795712601_888118_13327"><TO_DO humanName="A Faire" mode="standard,expert"></TO_DO><classifier humanName="Classificateur" mode="standard,expert"><stereotype classType="Stereotype" humanType="Stéréotype" icon="SysML - BGR-300_files/icon_stereotype.jpg" name="System" refid="_12_1_8740266_1172578094265_375361_1577"/></classifier><stereotypedElement classType="Class" humanName="Elément Stéréotypé" humanType="System" icon="SysML - BGR-300_files/icon_system.jpg" name="Boule gyrostabilisée" refid="_17_0_4_1bde048e_1434795695036_75073_13287"/><name humanName="Nom" mode="standard,expert"></name><qualifiedName humanName="Nom Qualifié" mode="expert">Divers::Boule gyrostabilisée::</qualifiedName><owner classType="Class" humanName="Possesseur" humanType="System" icon="SysML - BGR-300_files/icon_system.jpg" mode="standard,expert" name="Boule gyrostabilisée" refid="_17_0_4_1bde048e_1434795695036_75073_13287"/><visibility humanName="Visibilité">public</visibility></instancespecification></magicdraw>