<?xml version="1.0" encoding="UTF-8"?>
<magicdraw><literalstring classType="LiteralString" humanType="Littéral Chaîne de Caractères" icon="SysML - BGR-300_files/icon_literalstring.jpg" id="_17_0_4_1bde048e_1433745435508_766051_13047"><TO_DO humanName="A Faire"></TO_DO><name humanName="Nom"></name><qualifiedName humanName="Nom Qualifié">Etage boule (gros)::Codeur incrémental::imp/tour::</qualifiedName><owner classType="Property" humanName="Possesseur" humanType="Value Property" icon="SysML - BGR-300_files/icon_valueproperty.jpg" mode="expert" name="imp/tour" refid="_17_0_4_1bde048e_1433745421715_191775_13044"/><owningProperty classType="Property" humanName="Propriété de Possession" humanType="Value Property" icon="SysML - BGR-300_files/icon_valueproperty.jpg" name="imp/tour" refid="_17_0_4_1bde048e_1433745421715_191775_13044"/><text humanName="Text" mode="standard">512</text><TYPE_MODIFIER humanName="Type de Modificateur"></TYPE_MODIFIER><value humanName="Valeur" mode="standard,expert">512</value><visibility humanName="Visibilité">public</visibility></literalstring></magicdraw>