<?xml version="1.0" encoding="UTF-8"?>
<magicdraw><instancespecification classType="InstanceSpecification" humanType="Spécification d'Instance" icon="SysML - BGR-300_files/icon_instancespecification.jpg" id="_17_0_4_1bde048e_1434796197012_233745_13638"><TO_DO humanName="A Faire" mode="standard,expert"></TO_DO><classifier humanName="Classificateur" mode="standard,expert"><stereotype classType="Stereotype" humanType="Stéréotype" icon="SysML - BGR-300_files/icon_stereotype.jpg" name="Block" refid="_11_5EAPbeta_be00301_1147424179914_458922_958"/></classifier><stereotypedElement classType="Class" humanName="Elément Stéréotypé" humanType="Block" icon="SysML - BGR-300_files/icon_block.jpg" name="Capteur angulaire relatif" refid="_17_0_4_1bde048e_1434796197012_665601_13637"/><name humanName="Nom" mode="standard,expert"></name><qualifiedName humanName="Nom Qualifié" mode="expert">Divers::Capteur angulaire relatif::</qualifiedName><owner classType="Class" humanName="Possesseur" humanType="Block" icon="SysML - BGR-300_files/icon_block.jpg" mode="standard,expert" name="Capteur angulaire relatif" refid="_17_0_4_1bde048e_1434796197012_665601_13637"/><visibility humanName="Visibilité">public</visibility></instancespecification></magicdraw>