<?xml version="1.0" encoding="UTF-8"?>
<magicdraw><instancespecification classType="InstanceSpecification" humanType="Spécification d'Instance" icon="SysML - BGR-300_files/icon_instancespecification.jpg" id="_17_0_4_1bde048e_1432807154184_332286_11515"><TO_DO humanName="A Faire" mode="standard,expert"></TO_DO><classifier humanName="Classificateur" mode="standard,expert"><stereotype classType="Stereotype" humanType="Stéréotype" icon="SysML - BGR-300_files/icon_stereotype.jpg" name="Requirement" refid="_11_5EAPbeta_be00301_1147873190330_159934_2220"/></classifier><ownedElement humanName="Elément avec Possesseur"><slot classType="Slot" humanType="Emplacement" icon="SysML - BGR-300_files/icon_slot.jpg" refid="_17_0_4_1bde048e_1474540236477_620316_6954"/><slot classType="Slot" humanType="Emplacement" icon="SysML - BGR-300_files/icon_slot.jpg" refid="_17_0_4_1bde048e_1474540236477_703627_6956"/></ownedElement><stereotypedElement classType="Class" humanName="Elément Stéréotypé" humanType="Requirement" icon="SysML - BGR-300_files/icon_requirement.jpg" name="Alimentation en énergie" refid="_17_0_4_1bde048e_1432807154183_220539_11514"/><slot humanName="Emplacement"><slot classType="Slot" humanType="Emplacement" icon="SysML - BGR-300_files/icon_slot.jpg" refid="_17_0_4_1bde048e_1474540236477_620316_6954"/><slot classType="Slot" humanType="Emplacement" icon="SysML - BGR-300_files/icon_slot.jpg" refid="_17_0_4_1bde048e_1474540236477_703627_6956"/></slot><name humanName="Nom" mode="standard,expert"></name><qualifiedName humanName="Nom Qualifié" mode="expert">Divers::Exigence globale::Exigences techniques::Alimentation en énergie::</qualifiedName><owner classType="Class" humanName="Possesseur" humanType="Requirement" icon="SysML - BGR-300_files/icon_requirement.jpg" mode="standard,expert" name="Alimentation en énergie" refid="_17_0_4_1bde048e_1432807154183_220539_11514"/><visibility humanName="Visibilité">public</visibility></instancespecification></magicdraw>