<?xml version="1.0" encoding="UTF-8"?>
<magicdraw><partproperty classType="Property" humanType="Part Property" icon="SysML - BGR-300_files/icon_partproperty.jpg" id="_17_0_4_1bde048e_1432882561792_802213_11915"><TO_DO humanName="A Faire" mode="standard,expert"></TO_DO><aggregation humanName="Agrégation" mode="standard,expert">composite</aggregation><association classType="Association" humanName="Association" humanType="Association" icon="SysML - BGR-300_files/icon_association.jpg" isRelationship="true" name="" refid="_17_0_4_1bde048e_1432882561791_792160_11914"/><featuringClassifier humanName="Caractérise le Classificateur"><subsystem classType="Class" humanType="Subsystem" icon="SysML - BGR-300_files/icon_subsystem.jpg" name="Etage optique (fin)" refid="_17_0_4_1bde048e_1432882467171_708271_11849"/></featuringClassifier><UMLClass classType="Class" humanName="Classe" humanType="Subsystem" icon="SysML - BGR-300_files/icon_subsystem.jpg" name="Etage optique (fin)" refid="_17_0_4_1bde048e_1432882467171_708271_11849"/><classifier classType="Class" humanName="Classificateur" humanType="Subsystem" icon="SysML - BGR-300_files/icon_subsystem.jpg" name="Etage optique (fin)" refid="_17_0_4_1bde048e_1432882467171_708271_11849"/><default humanName="Défaut"></default><ownedElement humanName="Elément avec Possesseur"><instancespecification classType="InstanceSpecification" humanType="Spécification d'Instance" icon="SysML - BGR-300_files/icon_instancespecification.jpg" name="" refid="_17_0_4_1bde048e_1432882561805_740370_11924"/></ownedElement><namespace classType="Class" humanName="Espace de Nommage" humanType="Subsystem" icon="SysML - BGR-300_files/icon_subsystem.jpg" name="Etage optique (fin)" refid="_17_0_4_1bde048e_1432882467171_708271_11849"/><isComposite humanName="Est Composite">true</isComposite><isDerived humanName="Est Dérivé" mode="standard,expert">false</isDerived><isReadOnly humanName="Est en Lecture Seulement" mode="standard,expert">false</isReadOnly><isID humanName="Est ID" mode="expert">false</isID><isOrdered humanName="Est Ordonné" mode="expert">false</isOrdered><isStatic humanName="Est Statique" mode="standard,expert">false</isStatic><isLeaf humanName="Est une Feuille">false</isLeaf><isDerivedUnion humanName="Est une Union Dérivée" mode="expert">false</isDerivedUnion><isUnique humanName="Est Unique" mode="expert">true</isUnique><appliedStereotypeInstance classType="InstanceSpecification" humanName="Instance de Stéréotype Appliqué" humanType="Spécification d'Instance" icon="SysML - BGR-300_files/icon_instancespecification.jpg" name="" refid="_17_0_4_1bde048e_1432882561805_740370_11924"/><multiplicity humanName="Multiplicité" mode="standard,expert"></multiplicity><navigable humanName="Navigable" mode="expert">true</navigable><name humanName="Nom" mode="standard,expert">codeur incrémental 2</name><qualifiedName humanName="Nom Qualifié" mode="expert">Etage optique (fin)::Etage optique (fin)::codeur incrémental 2</qualifiedName><opposite classType="Property" humanName="Opposé" humanType="Propriété" icon="SysML - BGR-300_files/icon_property.jpg" name="" refid="_17_0_4_1bde048e_1432882561792_568658_11916"/><lower humanName="Plus bas">1</lower><owner classType="Class" humanName="Possesseur" humanType="Subsystem" icon="SysML - BGR-300_files/icon_subsystem.jpg" name="Etage optique (fin)" refid="_17_0_4_1bde048e_1432882467171_708271_11849"/><ownedBy classType="Class" humanName="Possédé par" humanType="Subsystem" icon="SysML - BGR-300_files/icon_subsystem.jpg" mode="standard,expert" name="Etage optique (fin)" refid="_17_0_4_1bde048e_1432882467171_708271_11849"/><redefinitionContext humanName="Redéfinition de Contexte"><subsystem classType="Class" humanType="Subsystem" icon="SysML - BGR-300_files/icon_subsystem.jpg" name="Etage optique (fin)" refid="_17_0_4_1bde048e_1432882467171_708271_11849"/></redefinitionContext><APPLIED_STEREOTYPES humanName="Stéréotype Appliqué" mode="standard,expert"><stereotype classType="Stereotype" humanType="Stéréotype" icon="SysML - BGR-300_files/icon_stereotype.jpg" name="PartProperty" refid="_15_0_be00301_1199377756297_348405_2678"/></APPLIED_STEREOTYPES><appliedStereotype humanName="Stéréotype Appliqué" mode="standard,expert"><stereotype classType="Stereotype" humanType="Stéréotype" icon="SysML - BGR-300_files/icon_stereotype.jpg" name="PartProperty" refid="_15_0_be00301_1199377756297_348405_2678"><property classType="Property" humanName="base_Element" humanType="Propriété" icon="SysML - BGR-300_files/icon_property.jpg" name="base_Element" refid="_10_0EAPbeta_be00301_1123081772098_411862_275"/><property classType="Property" humanName="base_Property" humanType="Propriété" icon="SysML - BGR-300_files/icon_property.jpg" name="base_Property" refid="_15_0_be00301_1199377759595_851315_2681"/><property classType="Property" humanName="base_Property" humanType="Propriété" icon="SysML - BGR-300_files/icon_property.jpg" name="base_Property" refid="_11_5EAPbeta_be00301_1147424449672_715796_1055"/></stereotype></appliedStereotype><upper humanName="Supérieur">1</upper><type classType="Class" humanName="Type" humanType="Block" icon="SysML - BGR-300_files/icon_block.jpg" mode="standard,expert" name="Codeur incrémental" refid="_17_0_4_1bde048e_1432882093969_857917_11754"/><TYPE_MODIFIER humanName="Type de Modificateur" mode="expert"></TYPE_MODIFIER><visibility humanName="Visibilité" mode="expert">public</visibility></partproperty></magicdraw>