<?xml version="1.0" encoding="UTF-8"?>
<magicdraw><subsystem classType="Class" humanType="Subsystem" icon="SysML - BGR-300_files/icon_subsystem.jpg" id="_17_0_4_1bde048e_1433744897780_776633_12801"><TO_DO humanName="A Faire" mode="standard,expert"></TO_DO><attribute humanName="Attribut"><partproperty classType="Property" humanType="Part Property" icon="SysML - BGR-300_files/icon_partproperty.jpg" name="Carte 1" refid="_17_0_4_1bde048e_1433746015332_493203_13099"/><partproperty classType="Property" humanType="Part Property" icon="SysML - BGR-300_files/icon_partproperty.jpg" name="Codeur incrémental 1" refid="_17_0_4_1bde048e_1433746028421_718634_13149"/><flowport classType="Port" humanType="Flow Port" icon="SysML - BGR-300_files/icon_flowport.jpg" name="Energie élec" refid="_17_0_4_1bde048e_1434795288522_773858_12896"/><flowport classType="Port" humanType="Flow Port" icon="SysML - BGR-300_files/icon_flowport.jpg" name="Fixation axe optique" refid="_17_0_4_2_b1402db_1434812984281_90151_13704"/><partproperty classType="Property" humanType="Part Property" icon="SysML - BGR-300_files/icon_partproperty.jpg" name="MCC 1" refid="_17_0_4_1bde048e_1433746020655_121746_13123"/><port classType="Port" humanType="Port" icon="SysML - BGR-300_files/icon_port.jpg" name="Mesure position relative" refid="_17_0_4_2_b1402db_1434818329167_804496_16155"/><flowport classType="Port" humanType="Flow Port" icon="SysML - BGR-300_files/icon_flowport.jpg" name="p2" refid="_17_0_4_1bde048e_1434795315578_457460_12920"/><port classType="Port" humanType="Port" icon="SysML - BGR-300_files/icon_port.jpg" name="p3" refid="_17_0_4_2_b1402db_1434811139264_136145_13076"/><flowport classType="Port" humanType="Flow Port" icon="SysML - BGR-300_files/icon_flowport.jpg" name="p5" refid="_17_0_4_2_b1402db_1434813736899_444848_14203"/><flowport classType="Port" humanType="Flow Port" icon="SysML - BGR-300_files/icon_flowport.jpg" name="Perturbations hélico" refid="_17_0_4_2_b1402db_1434813509106_969869_14014"/><flowport classType="Port" humanType="Flow Port" icon="SysML - BGR-300_files/icon_flowport.jpg" name="Position axe boule" refid="_17_0_4_2_b1402db_1434813195774_642642_13786"/><partproperty classType="Property" humanType="Part Property" icon="SysML - BGR-300_files/icon_partproperty.jpg" name="Réducteur 1" refid="_17_0_4_1bde048e_1433746048121_211978_13175"/><partproperty classType="Property" humanType="Part Property" icon="SysML - BGR-300_files/icon_partproperty.jpg" name="Support" refid="_17_0_4_2_b1402db_1434816446631_686566_14867"/></attribute><ownedAttribute humanName="Attribut avec Possesseur"><partproperty classType="Property" humanType="Part Property" icon="SysML - BGR-300_files/icon_partproperty.jpg" name="Carte 1" refid="_17_0_4_1bde048e_1433746015332_493203_13099"/><partproperty classType="Property" humanType="Part Property" icon="SysML - BGR-300_files/icon_partproperty.jpg" name="Codeur incrémental 1" refid="_17_0_4_1bde048e_1433746028421_718634_13149"/><flowport classType="Port" humanType="Flow Port" icon="SysML - BGR-300_files/icon_flowport.jpg" name="Energie élec" refid="_17_0_4_1bde048e_1434795288522_773858_12896"/><flowport classType="Port" humanType="Flow Port" icon="SysML - BGR-300_files/icon_flowport.jpg" name="Fixation axe optique" refid="_17_0_4_2_b1402db_1434812984281_90151_13704"/><partproperty classType="Property" humanType="Part Property" icon="SysML - BGR-300_files/icon_partproperty.jpg" name="MCC 1" refid="_17_0_4_1bde048e_1433746020655_121746_13123"/><port classType="Port" humanType="Port" icon="SysML - BGR-300_files/icon_port.jpg" name="Mesure position relative" refid="_17_0_4_2_b1402db_1434818329167_804496_16155"/><flowport classType="Port" humanType="Flow Port" icon="SysML - BGR-300_files/icon_flowport.jpg" name="p2" refid="_17_0_4_1bde048e_1434795315578_457460_12920"/><port classType="Port" humanType="Port" icon="SysML - BGR-300_files/icon_port.jpg" name="p3" refid="_17_0_4_2_b1402db_1434811139264_136145_13076"/><flowport classType="Port" humanType="Flow Port" icon="SysML - BGR-300_files/icon_flowport.jpg" name="p5" refid="_17_0_4_2_b1402db_1434813736899_444848_14203"/><flowport classType="Port" humanType="Flow Port" icon="SysML - BGR-300_files/icon_flowport.jpg" name="Perturbations hélico" refid="_17_0_4_2_b1402db_1434813509106_969869_14014"/><flowport classType="Port" humanType="Flow Port" icon="SysML - BGR-300_files/icon_flowport.jpg" name="Position axe boule" refid="_17_0_4_2_b1402db_1434813195774_642642_13786"/><partproperty classType="Property" humanType="Part Property" icon="SysML - BGR-300_files/icon_partproperty.jpg" name="Réducteur 1" refid="_17_0_4_1bde048e_1433746048121_211978_13175"/><partproperty classType="Property" humanType="Part Property" icon="SysML - BGR-300_files/icon_partproperty.jpg" name="Support" refid="_17_0_4_2_b1402db_1434816446631_686566_14867"/></ownedAttribute><feature humanName="Caractéristique"><connector classType="Connector" humanType="Connecteur" icon="SysML - BGR-300_files/icon_connector.jpg" isRelationship="true" name="" refid="_17_0_4_2_b1402db_1434818088178_675447_16045"/><connector classType="Connector" humanType="Connecteur" icon="SysML - BGR-300_files/icon_connector.jpg" isRelationship="true" name="" refid="_17_0_4_2_b1402db_1434818139633_468224_16081"/><connector classType="Connector" humanType="Connecteur" icon="SysML - BGR-300_files/icon_connector.jpg" isRelationship="true" name="" refid="_17_0_4_2_b1402db_1434818208568_721683_16097"/><connector classType="Connector" humanType="Connecteur" icon="SysML - BGR-300_files/icon_connector.jpg" isRelationship="true" name="" refid="_17_0_4_2_b1402db_1434818260954_940228_16109"/><connector classType="Connector" humanType="Connecteur" icon="SysML - BGR-300_files/icon_connector.jpg" isRelationship="true" name="" refid="_17_0_4_2_b1402db_1434818290920_606340_16145"/><connector classType="Connector" humanType="Connecteur" icon="SysML - BGR-300_files/icon_connector.jpg" isRelationship="true" name="" refid="_17_0_4_2_b1402db_1434818341756_336361_16201"/><connector classType="Connector" humanType="Connecteur" icon="SysML - BGR-300_files/icon_connector.jpg" isRelationship="true" name="" refid="_17_0_4_2_b1402db_1434818414045_677813_16267"/><connector classType="Connector" humanType="Connecteur" icon="SysML - BGR-300_files/icon_connector.jpg" isRelationship="true" name="" refid="_17_0_4_2_b1402db_1434818447451_58301_16282"/><connector classType="Connector" humanType="Connecteur" icon="SysML - BGR-300_files/icon_connector.jpg" isRelationship="true" name="" refid="_17_0_4_2_b1402db_1434818483628_327302_16297"/><connector classType="Connector" humanType="Connecteur" icon="SysML - BGR-300_files/icon_connector.jpg" isRelationship="true" name="" refid="_17_0_4_2_b1402db_1434818522418_340736_16360"/><connector classType="Connector" humanType="Connecteur" icon="SysML - BGR-300_files/icon_connector.jpg" isRelationship="true" name="" refid="_17_0_4_2_b1402db_1434818567334_608813_16455"/><partproperty classType="Property" humanType="Part Property" icon="SysML - BGR-300_files/icon_partproperty.jpg" name="Carte 1" refid="_17_0_4_1bde048e_1433746015332_493203_13099"/><partproperty classType="Property" humanType="Part Property" icon="SysML - BGR-300_files/icon_partproperty.jpg" name="Codeur incrémental 1" refid="_17_0_4_1bde048e_1433746028421_718634_13149"/><flowport classType="Port" humanType="Flow Port" icon="SysML - BGR-300_files/icon_flowport.jpg" name="Energie élec" refid="_17_0_4_1bde048e_1434795288522_773858_12896"/><flowport classType="Port" humanType="Flow Port" icon="SysML - BGR-300_files/icon_flowport.jpg" name="Fixation axe optique" refid="_17_0_4_2_b1402db_1434812984281_90151_13704"/><partproperty classType="Property" humanType="Part Property" icon="SysML - BGR-300_files/icon_partproperty.jpg" name="MCC 1" refid="_17_0_4_1bde048e_1433746020655_121746_13123"/><port classType="Port" humanType="Port" icon="SysML - BGR-300_files/icon_port.jpg" name="Mesure position relative" refid="_17_0_4_2_b1402db_1434818329167_804496_16155"/><flowport classType="Port" humanType="Flow Port" icon="SysML - BGR-300_files/icon_flowport.jpg" name="p2" refid="_17_0_4_1bde048e_1434795315578_457460_12920"/><port classType="Port" humanType="Port" icon="SysML - BGR-300_files/icon_port.jpg" name="p3" refid="_17_0_4_2_b1402db_1434811139264_136145_13076"/><flowport classType="Port" humanType="Flow Port" icon="SysML - BGR-300_files/icon_flowport.jpg" name="p5" refid="_17_0_4_2_b1402db_1434813736899_444848_14203"/><flowport classType="Port" humanType="Flow Port" icon="SysML - BGR-300_files/icon_flowport.jpg" name="Perturbations hélico" refid="_17_0_4_2_b1402db_1434813509106_969869_14014"/><flowport classType="Port" humanType="Flow Port" icon="SysML - BGR-300_files/icon_flowport.jpg" name="Position axe boule" refid="_17_0_4_2_b1402db_1434813195774_642642_13786"/><partproperty classType="Property" humanType="Part Property" icon="SysML - BGR-300_files/icon_partproperty.jpg" name="Réducteur 1" refid="_17_0_4_1bde048e_1433746048121_211978_13175"/><partproperty classType="Property" humanType="Part Property" icon="SysML - BGR-300_files/icon_partproperty.jpg" name="Support" refid="_17_0_4_2_b1402db_1434816446631_686566_14867"/></feature><ownedConnector humanName="Connecteur avec Possesseur"><connector classType="Connector" humanType="Connecteur" icon="SysML - BGR-300_files/icon_connector.jpg" isRelationship="true" name="" refid="_17_0_4_2_b1402db_1434818088178_675447_16045"/><connector classType="Connector" humanType="Connecteur" icon="SysML - BGR-300_files/icon_connector.jpg" isRelationship="true" name="" refid="_17_0_4_2_b1402db_1434818139633_468224_16081"/><connector classType="Connector" humanType="Connecteur" icon="SysML - BGR-300_files/icon_connector.jpg" isRelationship="true" name="" refid="_17_0_4_2_b1402db_1434818208568_721683_16097"/><connector classType="Connector" humanType="Connecteur" icon="SysML - BGR-300_files/icon_connector.jpg" isRelationship="true" name="" refid="_17_0_4_2_b1402db_1434818260954_940228_16109"/><connector classType="Connector" humanType="Connecteur" icon="SysML - BGR-300_files/icon_connector.jpg" isRelationship="true" name="" refid="_17_0_4_2_b1402db_1434818290920_606340_16145"/><connector classType="Connector" humanType="Connecteur" icon="SysML - BGR-300_files/icon_connector.jpg" isRelationship="true" name="" refid="_17_0_4_2_b1402db_1434818341756_336361_16201"/><connector classType="Connector" humanType="Connecteur" icon="SysML - BGR-300_files/icon_connector.jpg" isRelationship="true" name="" refid="_17_0_4_2_b1402db_1434818414045_677813_16267"/><connector classType="Connector" humanType="Connecteur" icon="SysML - BGR-300_files/icon_connector.jpg" isRelationship="true" name="" refid="_17_0_4_2_b1402db_1434818447451_58301_16282"/><connector classType="Connector" humanType="Connecteur" icon="SysML - BGR-300_files/icon_connector.jpg" isRelationship="true" name="" refid="_17_0_4_2_b1402db_1434818483628_327302_16297"/><connector classType="Connector" humanType="Connecteur" icon="SysML - BGR-300_files/icon_connector.jpg" isRelationship="true" name="" refid="_17_0_4_2_b1402db_1434818522418_340736_16360"/><connector classType="Connector" humanType="Connecteur" icon="SysML - BGR-300_files/icon_connector.jpg" isRelationship="true" name="" refid="_17_0_4_2_b1402db_1434818567334_608813_16455"/></ownedConnector><ownedElement humanName="Elément avec Possesseur"><instancespecification classType="InstanceSpecification" humanType="Spécification d'Instance" icon="SysML - BGR-300_files/icon_instancespecification.jpg" name="" refid="_17_0_4_1bde048e_1433744957930_930159_12841"/><connector classType="Connector" humanType="Connecteur" icon="SysML - BGR-300_files/icon_connector.jpg" isRelationship="true" name="" refid="_17_0_4_2_b1402db_1434818088178_675447_16045"/><connector classType="Connector" humanType="Connecteur" icon="SysML - BGR-300_files/icon_connector.jpg" isRelationship="true" name="" refid="_17_0_4_2_b1402db_1434818139633_468224_16081"/><connector classType="Connector" humanType="Connecteur" icon="SysML - BGR-300_files/icon_connector.jpg" isRelationship="true" name="" refid="_17_0_4_2_b1402db_1434818208568_721683_16097"/><connector classType="Connector" humanType="Connecteur" icon="SysML - BGR-300_files/icon_connector.jpg" isRelationship="true" name="" refid="_17_0_4_2_b1402db_1434818260954_940228_16109"/><connector classType="Connector" humanType="Connecteur" icon="SysML - BGR-300_files/icon_connector.jpg" isRelationship="true" name="" refid="_17_0_4_2_b1402db_1434818290920_606340_16145"/><connector classType="Connector" humanType="Connecteur" icon="SysML - BGR-300_files/icon_connector.jpg" isRelationship="true" name="" refid="_17_0_4_2_b1402db_1434818341756_336361_16201"/><connector classType="Connector" humanType="Connecteur" icon="SysML - BGR-300_files/icon_connector.jpg" isRelationship="true" name="" refid="_17_0_4_2_b1402db_1434818414045_677813_16267"/><connector classType="Connector" humanType="Connecteur" icon="SysML - BGR-300_files/icon_connector.jpg" isRelationship="true" name="" refid="_17_0_4_2_b1402db_1434818447451_58301_16282"/><connector classType="Connector" humanType="Connecteur" icon="SysML - BGR-300_files/icon_connector.jpg" isRelationship="true" name="" refid="_17_0_4_2_b1402db_1434818483628_327302_16297"/><connector classType="Connector" humanType="Connecteur" icon="SysML - BGR-300_files/icon_connector.jpg" isRelationship="true" name="" refid="_17_0_4_2_b1402db_1434818522418_340736_16360"/><connector classType="Connector" humanType="Connecteur" icon="SysML - BGR-300_files/icon_connector.jpg" isRelationship="true" name="" refid="_17_0_4_2_b1402db_1434818567334_608813_16455"/><partproperty classType="Property" humanType="Part Property" icon="SysML - BGR-300_files/icon_partproperty.jpg" name="Carte 1" refid="_17_0_4_1bde048e_1433746015332_493203_13099"/><partproperty classType="Property" humanType="Part Property" icon="SysML - BGR-300_files/icon_partproperty.jpg" name="Codeur incrémental 1" refid="_17_0_4_1bde048e_1433746028421_718634_13149"/><flowport classType="Port" humanType="Flow Port" icon="SysML - BGR-300_files/icon_flowport.jpg" name="Energie élec" refid="_17_0_4_1bde048e_1434795288522_773858_12896"/><flowport classType="Port" humanType="Flow Port" icon="SysML - BGR-300_files/icon_flowport.jpg" name="Fixation axe optique" refid="_17_0_4_2_b1402db_1434812984281_90151_13704"/><partproperty classType="Property" humanType="Part Property" icon="SysML - BGR-300_files/icon_partproperty.jpg" name="MCC 1" refid="_17_0_4_1bde048e_1433746020655_121746_13123"/><port classType="Port" humanType="Port" icon="SysML - BGR-300_files/icon_port.jpg" name="Mesure position relative" refid="_17_0_4_2_b1402db_1434818329167_804496_16155"/><flowport classType="Port" humanType="Flow Port" icon="SysML - BGR-300_files/icon_flowport.jpg" name="p2" refid="_17_0_4_1bde048e_1434795315578_457460_12920"/><port classType="Port" humanType="Port" icon="SysML - BGR-300_files/icon_port.jpg" name="p3" refid="_17_0_4_2_b1402db_1434811139264_136145_13076"/><flowport classType="Port" humanType="Flow Port" icon="SysML - BGR-300_files/icon_flowport.jpg" name="p5" refid="_17_0_4_2_b1402db_1434813736899_444848_14203"/><flowport classType="Port" humanType="Flow Port" icon="SysML - BGR-300_files/icon_flowport.jpg" name="Perturbations hélico" refid="_17_0_4_2_b1402db_1434813509106_969869_14014"/><flowport classType="Port" humanType="Flow Port" icon="SysML - BGR-300_files/icon_flowport.jpg" name="Position axe boule" refid="_17_0_4_2_b1402db_1434813195774_642642_13786"/><partproperty classType="Property" humanType="Part Property" icon="SysML - BGR-300_files/icon_partproperty.jpg" name="Réducteur 1" refid="_17_0_4_1bde048e_1433746048121_211978_13175"/><partproperty classType="Property" humanType="Part Property" icon="SysML - BGR-300_files/icon_partproperty.jpg" name="Support" refid="_17_0_4_2_b1402db_1434816446631_686566_14867"/></ownedElement><namespace classType="Package" humanName="Espace de Nommage" humanType="Paquet" icon="SysML - BGR-300_files/icon_package.jpg" name="Etage boule (gros)" refid="_17_0_4_1bde048e_1433354627169_728308_12925"/><isAbstract humanName="Est Abstrait" mode="standard,expert">false</isAbstract><isActive humanName="Est Actif" mode="standard,expert">false</isActive><isFinalSpecialization humanName="Est Final Spécialisation" mode="expert">false</isFinalSpecialization><isLeaf humanName="Est une Feuille" mode="expert">false</isLeaf><appliedStereotypeInstance classType="InstanceSpecification" humanName="Instance de Stéréotype Appliqué" humanType="Spécification d'Instance" icon="SysML - BGR-300_files/icon_instancespecification.jpg" name="" refid="_17_0_4_1bde048e_1433744957930_930159_12841"/><member humanName="Membre"><connector classType="Connector" humanType="Connecteur" icon="SysML - BGR-300_files/icon_connector.jpg" isRelationship="true" name="" refid="_17_0_4_2_b1402db_1434818088178_675447_16045"/><connector classType="Connector" humanType="Connecteur" icon="SysML - BGR-300_files/icon_connector.jpg" isRelationship="true" name="" refid="_17_0_4_2_b1402db_1434818139633_468224_16081"/><connector classType="Connector" humanType="Connecteur" icon="SysML - BGR-300_files/icon_connector.jpg" isRelationship="true" name="" refid="_17_0_4_2_b1402db_1434818208568_721683_16097"/><connector classType="Connector" humanType="Connecteur" icon="SysML - BGR-300_files/icon_connector.jpg" isRelationship="true" name="" refid="_17_0_4_2_b1402db_1434818260954_940228_16109"/><connector classType="Connector" humanType="Connecteur" icon="SysML - BGR-300_files/icon_connector.jpg" isRelationship="true" name="" refid="_17_0_4_2_b1402db_1434818290920_606340_16145"/><connector classType="Connector" humanType="Connecteur" icon="SysML - BGR-300_files/icon_connector.jpg" isRelationship="true" name="" refid="_17_0_4_2_b1402db_1434818341756_336361_16201"/><connector classType="Connector" humanType="Connecteur" icon="SysML - BGR-300_files/icon_connector.jpg" isRelationship="true" name="" refid="_17_0_4_2_b1402db_1434818414045_677813_16267"/><connector classType="Connector" humanType="Connecteur" icon="SysML - BGR-300_files/icon_connector.jpg" isRelationship="true" name="" refid="_17_0_4_2_b1402db_1434818447451_58301_16282"/><connector classType="Connector" humanType="Connecteur" icon="SysML - BGR-300_files/icon_connector.jpg" isRelationship="true" name="" refid="_17_0_4_2_b1402db_1434818483628_327302_16297"/><connector classType="Connector" humanType="Connecteur" icon="SysML - BGR-300_files/icon_connector.jpg" isRelationship="true" name="" refid="_17_0_4_2_b1402db_1434818522418_340736_16360"/><connector classType="Connector" humanType="Connecteur" icon="SysML - BGR-300_files/icon_connector.jpg" isRelationship="true" name="" refid="_17_0_4_2_b1402db_1434818567334_608813_16455"/><partproperty classType="Property" humanType="Part Property" icon="SysML - BGR-300_files/icon_partproperty.jpg" name="Carte 1" refid="_17_0_4_1bde048e_1433746015332_493203_13099"/><partproperty classType="Property" humanType="Part Property" icon="SysML - BGR-300_files/icon_partproperty.jpg" name="Codeur incrémental 1" refid="_17_0_4_1bde048e_1433746028421_718634_13149"/><flowport classType="Port" humanType="Flow Port" icon="SysML - BGR-300_files/icon_flowport.jpg" name="Energie élec" refid="_17_0_4_1bde048e_1434795288522_773858_12896"/><flowport classType="Port" humanType="Flow Port" icon="SysML - BGR-300_files/icon_flowport.jpg" name="Fixation axe optique" refid="_17_0_4_2_b1402db_1434812984281_90151_13704"/><partproperty classType="Property" humanType="Part Property" icon="SysML - BGR-300_files/icon_partproperty.jpg" name="MCC 1" refid="_17_0_4_1bde048e_1433746020655_121746_13123"/><port classType="Port" humanType="Port" icon="SysML - BGR-300_files/icon_port.jpg" name="Mesure position relative" refid="_17_0_4_2_b1402db_1434818329167_804496_16155"/><flowport classType="Port" humanType="Flow Port" icon="SysML - BGR-300_files/icon_flowport.jpg" name="p2" refid="_17_0_4_1bde048e_1434795315578_457460_12920"/><port classType="Port" humanType="Port" icon="SysML - BGR-300_files/icon_port.jpg" name="p3" refid="_17_0_4_2_b1402db_1434811139264_136145_13076"/><flowport classType="Port" humanType="Flow Port" icon="SysML - BGR-300_files/icon_flowport.jpg" name="p5" refid="_17_0_4_2_b1402db_1434813736899_444848_14203"/><flowport classType="Port" humanType="Flow Port" icon="SysML - BGR-300_files/icon_flowport.jpg" name="Perturbations hélico" refid="_17_0_4_2_b1402db_1434813509106_969869_14014"/><flowport classType="Port" humanType="Flow Port" icon="SysML - BGR-300_files/icon_flowport.jpg" name="Position axe boule" refid="_17_0_4_2_b1402db_1434813195774_642642_13786"/><partproperty classType="Property" humanType="Part Property" icon="SysML - BGR-300_files/icon_partproperty.jpg" name="Réducteur 1" refid="_17_0_4_1bde048e_1433746048121_211978_13175"/><partproperty classType="Property" humanType="Part Property" icon="SysML - BGR-300_files/icon_partproperty.jpg" name="Support" refid="_17_0_4_2_b1402db_1434816446631_686566_14867"/></member><ownedMember humanName="Membre avec Possesseur"><connector classType="Connector" humanType="Connecteur" icon="SysML - BGR-300_files/icon_connector.jpg" isRelationship="true" name="" refid="_17_0_4_2_b1402db_1434818088178_675447_16045"/><connector classType="Connector" humanType="Connecteur" icon="SysML - BGR-300_files/icon_connector.jpg" isRelationship="true" name="" refid="_17_0_4_2_b1402db_1434818139633_468224_16081"/><connector classType="Connector" humanType="Connecteur" icon="SysML - BGR-300_files/icon_connector.jpg" isRelationship="true" name="" refid="_17_0_4_2_b1402db_1434818208568_721683_16097"/><connector classType="Connector" humanType="Connecteur" icon="SysML - BGR-300_files/icon_connector.jpg" isRelationship="true" name="" refid="_17_0_4_2_b1402db_1434818260954_940228_16109"/><connector classType="Connector" humanType="Connecteur" icon="SysML - BGR-300_files/icon_connector.jpg" isRelationship="true" name="" refid="_17_0_4_2_b1402db_1434818290920_606340_16145"/><connector classType="Connector" humanType="Connecteur" icon="SysML - BGR-300_files/icon_connector.jpg" isRelationship="true" name="" refid="_17_0_4_2_b1402db_1434818341756_336361_16201"/><connector classType="Connector" humanType="Connecteur" icon="SysML - BGR-300_files/icon_connector.jpg" isRelationship="true" name="" refid="_17_0_4_2_b1402db_1434818414045_677813_16267"/><connector classType="Connector" humanType="Connecteur" icon="SysML - BGR-300_files/icon_connector.jpg" isRelationship="true" name="" refid="_17_0_4_2_b1402db_1434818447451_58301_16282"/><connector classType="Connector" humanType="Connecteur" icon="SysML - BGR-300_files/icon_connector.jpg" isRelationship="true" name="" refid="_17_0_4_2_b1402db_1434818483628_327302_16297"/><connector classType="Connector" humanType="Connecteur" icon="SysML - BGR-300_files/icon_connector.jpg" isRelationship="true" name="" refid="_17_0_4_2_b1402db_1434818522418_340736_16360"/><connector classType="Connector" humanType="Connecteur" icon="SysML - BGR-300_files/icon_connector.jpg" isRelationship="true" name="" refid="_17_0_4_2_b1402db_1434818567334_608813_16455"/><partproperty classType="Property" humanType="Part Property" icon="SysML - BGR-300_files/icon_partproperty.jpg" name="Carte 1" refid="_17_0_4_1bde048e_1433746015332_493203_13099"/><partproperty classType="Property" humanType="Part Property" icon="SysML - BGR-300_files/icon_partproperty.jpg" name="Codeur incrémental 1" refid="_17_0_4_1bde048e_1433746028421_718634_13149"/><flowport classType="Port" humanType="Flow Port" icon="SysML - BGR-300_files/icon_flowport.jpg" name="Energie élec" refid="_17_0_4_1bde048e_1434795288522_773858_12896"/><flowport classType="Port" humanType="Flow Port" icon="SysML - BGR-300_files/icon_flowport.jpg" name="Fixation axe optique" refid="_17_0_4_2_b1402db_1434812984281_90151_13704"/><partproperty classType="Property" humanType="Part Property" icon="SysML - BGR-300_files/icon_partproperty.jpg" name="MCC 1" refid="_17_0_4_1bde048e_1433746020655_121746_13123"/><port classType="Port" humanType="Port" icon="SysML - BGR-300_files/icon_port.jpg" name="Mesure position relative" refid="_17_0_4_2_b1402db_1434818329167_804496_16155"/><flowport classType="Port" humanType="Flow Port" icon="SysML - BGR-300_files/icon_flowport.jpg" name="p2" refid="_17_0_4_1bde048e_1434795315578_457460_12920"/><port classType="Port" humanType="Port" icon="SysML - BGR-300_files/icon_port.jpg" name="p3" refid="_17_0_4_2_b1402db_1434811139264_136145_13076"/><flowport classType="Port" humanType="Flow Port" icon="SysML - BGR-300_files/icon_flowport.jpg" name="p5" refid="_17_0_4_2_b1402db_1434813736899_444848_14203"/><flowport classType="Port" humanType="Flow Port" icon="SysML - BGR-300_files/icon_flowport.jpg" name="Perturbations hélico" refid="_17_0_4_2_b1402db_1434813509106_969869_14014"/><flowport classType="Port" humanType="Flow Port" icon="SysML - BGR-300_files/icon_flowport.jpg" name="Position axe boule" refid="_17_0_4_2_b1402db_1434813195774_642642_13786"/><partproperty classType="Property" humanType="Part Property" icon="SysML - BGR-300_files/icon_partproperty.jpg" name="Réducteur 1" refid="_17_0_4_1bde048e_1433746048121_211978_13175"/><partproperty classType="Property" humanType="Part Property" icon="SysML - BGR-300_files/icon_partproperty.jpg" name="Support" refid="_17_0_4_2_b1402db_1434816446631_686566_14867"/></ownedMember><name humanName="Nom" mode="standard,expert">Etage boule (gros)</name><qualifiedName humanName="Nom Qualifié" mode="expert">Etage boule (gros)::Etage boule (gros)</qualifiedName><package classType="Package" humanName="Paquetage" humanType="Paquet" icon="SysML - BGR-300_files/icon_package.jpg" name="Etage boule (gros)" refid="_17_0_4_1bde048e_1433354627169_728308_12925"/><owningPackage classType="Package" humanName="Paquetage de Possession" humanType="Paquet" icon="SysML - BGR-300_files/icon_package.jpg" name="Etage boule (gros)" refid="_17_0_4_1bde048e_1433354627169_728308_12925"/><part humanName="Partie"><partproperty classType="Property" humanType="Part Property" icon="SysML - BGR-300_files/icon_partproperty.jpg" name="Carte 1" refid="_17_0_4_1bde048e_1433746015332_493203_13099"/><partproperty classType="Property" humanType="Part Property" icon="SysML - BGR-300_files/icon_partproperty.jpg" name="Codeur incrémental 1" refid="_17_0_4_1bde048e_1433746028421_718634_13149"/><flowport classType="Port" humanType="Flow Port" icon="SysML - BGR-300_files/icon_flowport.jpg" name="Energie élec" refid="_17_0_4_1bde048e_1434795288522_773858_12896"/><flowport classType="Port" humanType="Flow Port" icon="SysML - BGR-300_files/icon_flowport.jpg" name="Fixation axe optique" refid="_17_0_4_2_b1402db_1434812984281_90151_13704"/><partproperty classType="Property" humanType="Part Property" icon="SysML - BGR-300_files/icon_partproperty.jpg" name="MCC 1" refid="_17_0_4_1bde048e_1433746020655_121746_13123"/><port classType="Port" humanType="Port" icon="SysML - BGR-300_files/icon_port.jpg" name="Mesure position relative" refid="_17_0_4_2_b1402db_1434818329167_804496_16155"/><flowport classType="Port" humanType="Flow Port" icon="SysML - BGR-300_files/icon_flowport.jpg" name="p2" refid="_17_0_4_1bde048e_1434795315578_457460_12920"/><port classType="Port" humanType="Port" icon="SysML - BGR-300_files/icon_port.jpg" name="p3" refid="_17_0_4_2_b1402db_1434811139264_136145_13076"/><flowport classType="Port" humanType="Flow Port" icon="SysML - BGR-300_files/icon_flowport.jpg" name="p5" refid="_17_0_4_2_b1402db_1434813736899_444848_14203"/><flowport classType="Port" humanType="Flow Port" icon="SysML - BGR-300_files/icon_flowport.jpg" name="Perturbations hélico" refid="_17_0_4_2_b1402db_1434813509106_969869_14014"/><flowport classType="Port" humanType="Flow Port" icon="SysML - BGR-300_files/icon_flowport.jpg" name="Position axe boule" refid="_17_0_4_2_b1402db_1434813195774_642642_13786"/><partproperty classType="Property" humanType="Part Property" icon="SysML - BGR-300_files/icon_partproperty.jpg" name="Réducteur 1" refid="_17_0_4_1bde048e_1433746048121_211978_13175"/><partproperty classType="Property" humanType="Part Property" icon="SysML - BGR-300_files/icon_partproperty.jpg" name="Support" refid="_17_0_4_2_b1402db_1434816446631_686566_14867"/></part><ownedPort humanName="Port avec Possesseur"><flowport classType="Port" humanType="Flow Port" icon="SysML - BGR-300_files/icon_flowport.jpg" name="Energie élec" refid="_17_0_4_1bde048e_1434795288522_773858_12896"/><flowport classType="Port" humanType="Flow Port" icon="SysML - BGR-300_files/icon_flowport.jpg" name="Fixation axe optique" refid="_17_0_4_2_b1402db_1434812984281_90151_13704"/><port classType="Port" humanType="Port" icon="SysML - BGR-300_files/icon_port.jpg" name="Mesure position relative" refid="_17_0_4_2_b1402db_1434818329167_804496_16155"/><flowport classType="Port" humanType="Flow Port" icon="SysML - BGR-300_files/icon_flowport.jpg" name="p2" refid="_17_0_4_1bde048e_1434795315578_457460_12920"/><port classType="Port" humanType="Port" icon="SysML - BGR-300_files/icon_port.jpg" name="p3" refid="_17_0_4_2_b1402db_1434811139264_136145_13076"/><flowport classType="Port" humanType="Flow Port" icon="SysML - BGR-300_files/icon_flowport.jpg" name="p5" refid="_17_0_4_2_b1402db_1434813736899_444848_14203"/><flowport classType="Port" humanType="Flow Port" icon="SysML - BGR-300_files/icon_flowport.jpg" name="Perturbations hélico" refid="_17_0_4_2_b1402db_1434813509106_969869_14014"/><flowport classType="Port" humanType="Flow Port" icon="SysML - BGR-300_files/icon_flowport.jpg" name="Position axe boule" refid="_17_0_4_2_b1402db_1434813195774_642642_13786"/></ownedPort><owner classType="Package" humanName="Possesseur" humanType="Paquet" icon="SysML - BGR-300_files/icon_package.jpg" mode="standard,expert" name="Etage boule (gros)" refid="_17_0_4_1bde048e_1433354627169_728308_12925"/><role humanName="Rôle"><partproperty classType="Property" humanType="Part Property" icon="SysML - BGR-300_files/icon_partproperty.jpg" name="Carte 1" refid="_17_0_4_1bde048e_1433746015332_493203_13099"/><partproperty classType="Property" humanType="Part Property" icon="SysML - BGR-300_files/icon_partproperty.jpg" name="Codeur incrémental 1" refid="_17_0_4_1bde048e_1433746028421_718634_13149"/><flowport classType="Port" humanType="Flow Port" icon="SysML - BGR-300_files/icon_flowport.jpg" name="Energie élec" refid="_17_0_4_1bde048e_1434795288522_773858_12896"/><flowport classType="Port" humanType="Flow Port" icon="SysML - BGR-300_files/icon_flowport.jpg" name="Fixation axe optique" refid="_17_0_4_2_b1402db_1434812984281_90151_13704"/><partproperty classType="Property" humanType="Part Property" icon="SysML - BGR-300_files/icon_partproperty.jpg" name="MCC 1" refid="_17_0_4_1bde048e_1433746020655_121746_13123"/><port classType="Port" humanType="Port" icon="SysML - BGR-300_files/icon_port.jpg" name="Mesure position relative" refid="_17_0_4_2_b1402db_1434818329167_804496_16155"/><flowport classType="Port" humanType="Flow Port" icon="SysML - BGR-300_files/icon_flowport.jpg" name="p2" refid="_17_0_4_1bde048e_1434795315578_457460_12920"/><port classType="Port" humanType="Port" icon="SysML - BGR-300_files/icon_port.jpg" name="p3" refid="_17_0_4_2_b1402db_1434811139264_136145_13076"/><flowport classType="Port" humanType="Flow Port" icon="SysML - BGR-300_files/icon_flowport.jpg" name="p5" refid="_17_0_4_2_b1402db_1434813736899_444848_14203"/><flowport classType="Port" humanType="Flow Port" icon="SysML - BGR-300_files/icon_flowport.jpg" name="Perturbations hélico" refid="_17_0_4_2_b1402db_1434813509106_969869_14014"/><flowport classType="Port" humanType="Flow Port" icon="SysML - BGR-300_files/icon_flowport.jpg" name="Position axe boule" refid="_17_0_4_2_b1402db_1434813195774_642642_13786"/><partproperty classType="Property" humanType="Part Property" icon="SysML - BGR-300_files/icon_partproperty.jpg" name="Réducteur 1" refid="_17_0_4_1bde048e_1433746048121_211978_13175"/><partproperty classType="Property" humanType="Part Property" icon="SysML - BGR-300_files/icon_partproperty.jpg" name="Support" refid="_17_0_4_2_b1402db_1434816446631_686566_14867"/></role><APPLIED_STEREOTYPES humanName="Stéréotype Appliqué" mode="expert"><stereotype classType="Stereotype" humanType="Stéréotype" icon="SysML - BGR-300_files/icon_stereotype.jpg" name="Subsystem" refid="_12_1_8740266_1172578094265_898135_1579"/></APPLIED_STEREOTYPES><appliedStereotype humanName="Stéréotype Appliqué" mode="expert"><stereotype classType="Stereotype" humanType="Stéréotype" icon="SysML - BGR-300_files/icon_stereotype.jpg" name="Subsystem" refid="_12_1_8740266_1172578094265_898135_1579"><property classType="Property" humanName="base_Class" humanType="Propriété" icon="SysML - BGR-300_files/icon_property.jpg" name="base_Class" refid="_11_5EAPbeta_be00301_1147424181797_326831_961"/><property classType="Property" humanName="base_Class" humanType="Propriété" icon="SysML - BGR-300_files/icon_property.jpg" name="base_Class" refid="_12_1_8740266_1172578094296_485640_1633"/><property classType="Property" humanName="isEncapsulated" humanType="Propriété" icon="SysML - BGR-300_files/icon_property.jpg" name="isEncapsulated" refid="_11_5EAPbeta_be00301_1147424201876_860708_1049"/></stereotype></appliedStereotype><visibility humanName="Visibilité" mode="standard,expert">public</visibility></subsystem></magicdraw>