<?xml version="1.0" encoding="UTF-8"?>
<magicdraw><instancespecification classType="InstanceSpecification" humanType="Spécification d'Instance" icon="SysML - BGR-300_files/icon_instancespecification.jpg" id="_17_0_4_1bde048e_1433354650076_183029_12932"><TO_DO humanName="A Faire" mode="standard,expert"></TO_DO><classifier humanName="Classificateur" mode="standard,expert"><stereotype classType="Stereotype" humanType="Stéréotype" icon="SysML - BGR-300_files/icon_stereotype.jpg" name="useCaseOwner" refid="_9_0_2_be00301_1112964642046_825187_87"/></classifier><ownedElement humanName="Elément avec Possesseur"><slot classType="Slot" humanType="Emplacement" icon="SysML - BGR-300_files/icon_slot.jpg" refid="_17_0_4_1bde048e_1474540236522_36761_7156"/><slot classType="Slot" humanType="Emplacement" icon="SysML - BGR-300_files/icon_slot.jpg" refid="_17_0_4_1bde048e_1474540236522_962268_7158"/></ownedElement><stereotypedElement classType="Package" humanName="Elément Stéréotypé" humanType="Paquet" icon="SysML - BGR-300_files/icon_package.jpg" name="Etage optique (fin)" refid="_17_0_4_1bde048e_1433354650071_969389_12931"/><slot humanName="Emplacement"><slot classType="Slot" humanType="Emplacement" icon="SysML - BGR-300_files/icon_slot.jpg" refid="_17_0_4_1bde048e_1474540236522_36761_7156"/><slot classType="Slot" humanType="Emplacement" icon="SysML - BGR-300_files/icon_slot.jpg" refid="_17_0_4_1bde048e_1474540236522_962268_7158"/></slot><name humanName="Nom" mode="standard,expert"></name><qualifiedName humanName="Nom Qualifié" mode="expert">Etage optique (fin)::</qualifiedName><owner classType="Package" humanName="Possesseur" humanType="Paquet" icon="SysML - BGR-300_files/icon_package.jpg" mode="standard,expert" name="Etage optique (fin)" refid="_17_0_4_1bde048e_1433354650071_969389_12931"/><visibility humanName="Visibilité">public</visibility></instancespecification></magicdraw>