<?xml version="1.0" encoding="UTF-8"?>
<magicdraw><slot classType="Slot" humanType="Emplacement" icon="SysML - BGR-300_files/icon_slot.jpg" id="_17_0_4_1bde048e_1474540236431_538073_6740"><TO_DO humanName="A Faire" mode="standard,expert"></TO_DO><definingFeature classType="Property" humanName="Définir la Caractéristique" humanType="Propriété" icon="SysML - BGR-300_files/icon_property.jpg" mode="standard,expert" name="Creation date" refid="_be00301_1073306188629_537791_2"/><ownedElement humanName="Elément avec Possesseur"><literalstring classType="LiteralString" humanType="Littéral Chaîne de Caractères" icon="SysML - BGR-300_files/icon_literalstring.jpg" name="" refid="_17_0_4_1bde048e_1474540236431_853907_6741" text="27/05/15 08:47"/></ownedElement><owningInstance classType="InstanceSpecification" humanName="Instance de Possession" humanType="Spécification d'Instance" icon="SysML - BGR-300_files/icon_instancespecification.jpg" name="" refid="_17_0_4_1bde048e_1432709244517_993575_11237"/><owner classType="InstanceSpecification" humanName="Possesseur" humanType="Spécification d'Instance" icon="SysML - BGR-300_files/icon_instancespecification.jpg" mode="standard,expert" name="" refid="_17_0_4_1bde048e_1432709244517_993575_11237"/><value humanName="Valeur" mode="standard,expert"><literalstring classType="LiteralString" humanType="Littéral Chaîne de Caractères" icon="SysML - BGR-300_files/icon_literalstring.jpg" name="" refid="_17_0_4_1bde048e_1474540236431_853907_6741" text="27/05/15 08:47"/></value></slot></magicdraw>