<?xml version="1.0" encoding="UTF-8"?>
<magicdraw><diagram classType="Diagram" diagramType="SysML Package Diagram" height="391" humanType="Diagramme" icon="SysML - BGR-300_files/icon_SysML Package Diagram.jpg" id="_17_0_4_1bde048e_1432709244512_1622_11226" src="SysML - BGR-300_files/_17_0_4_1bde048e_1432709244512_1622_11226.jpg" width="762"><TO_DO humanName="A Faire" mode="standard,expert"></TO_DO><ownedElement humanName="Elément avec Possesseur"><instancespecification classType="InstanceSpecification" humanType="Spécification d'Instance" icon="SysML - BGR-300_files/icon_instancespecification.jpg" name="" refid="_17_0_4_1bde048e_1432709244517_993575_11237"/></ownedElement><appliedStereotypeInstance classType="InstanceSpecification" humanName="Instance de Stéréotype Appliqué" humanType="Spécification d'Instance" icon="SysML - BGR-300_files/icon_instancespecification.jpg" name="" refid="_17_0_4_1bde048e_1432709244517_993575_11237"/><map><area name="Diagramme uc" refid="_17_0_4_1bde048e_1432708093527_226016_10836" shape="rect"><point x="24" y="201"/><point x="60" y="201"/><point x="60" y="218"/><point x="24" y="218"/></area><area name="Diagramme req" refid="_17_0_4_1bde048e_1432708709813_24558_10982" shape="rect"><point x="255" y="201"/><point x="296" y="201"/><point x="296" y="218"/><point x="255" y="218"/></area><area name="Diagramme ibd étage boule (gros)" refid="_17_0_4_2_b1402db_1434817867544_642048_15747" shape="rect"><point x="500" y="265"/><point x="657" y="265"/><point x="657" y="282"/><point x="500" y="282"/></area><area name="Diagramme ibd étage optique (fin)" refid="_17_0_4_2_b1402db_1434816162966_926722_14526" shape="rect"><point x="500" y="281"/><point x="657" y="281"/><point x="657" y="298"/><point x="500" y="298"/></area><area name="Diagramme bdd étage optique (fin)" refid="_17_0_4_1bde048e_1432881103782_844960_11580" shape="rect"><point x="500" y="201"/><point x="661" y="201"/><point x="661" y="218"/><point x="500" y="218"/></area><area name="Diagramme bdd étage boule (gros)" refid="_17_0_4_1bde048e_1432881241596_206873_11611" shape="rect"><point x="500" y="217"/><point x="661" y="217"/><point x="661" y="234"/><point x="500" y="234"/></area><area name="Paquet Diagrammes comportementaux" refid="_17_0_4_1bde048e_1432709395344_147366_11269" shape="rect"><point x="21" y="161"/><point x="229" y="161"/><point x="229" y="272"/><point x="21" y="272"/></area><area name="Modèle Boule gyrostabilisée" refid="eee_1045467100313_135436_1" shape="rect"><point x="252" y="42"/><point x="467" y="42"/><point x="467" y="120"/><point x="252" y="120"/></area><area name="Paquet Diagramme d'exigence" refid="_17_0_4_1bde048e_1432709431411_744676_11298" shape="rect"><point x="252" y="161"/><point x="470" y="161"/><point x="470" y="224"/><point x="252" y="224"/></area><area name="Diagramme ibd boule gyrostabilisée globale" refid="_17_0_4_1bde048e_1434796113972_35741_13481" shape="rect"><point x="500" y="249"/><point x="721" y="249"/><point x="721" y="266"/><point x="500" y="266"/></area><area name="Diagramme bdd boule gyrostabilisée globale" refid="_17_0_4_1bde048e_1434795525063_622956_13051" shape="rect"><point x="500" y="233"/><point x="725" y="233"/><point x="725" y="250"/><point x="500" y="250"/></area><area name="Paquet Diagrammes structurels" refid="_17_0_4_1bde048e_1432709420229_900021_11285" shape="rect"><point x="497" y="161"/><point x="728" y="161"/><point x="728" y="352"/><point x="497" y="352"/></area></map><name humanName="Nom" mode="standard,expert">Accueil</name><qualifiedName humanName="Nom Qualifié" mode="expert">Accueil</qualifiedName><owner classType="Model" humanName="Possesseur" humanType="Modèle" icon="SysML - BGR-300_files/icon_model.jpg" mode="standard,expert" name="Boule gyrostabilisée" refid="eee_1045467100313_135436_1"/><ownerOfDiagram classType="Model" humanName="Possesseur du Diagramme" humanType="Modèle" icon="SysML - BGR-300_files/icon_model.jpg" name="Boule gyrostabilisée" refid="eee_1045467100313_135436_1"/><APPLIED_STEREOTYPES humanName="Stéréotype Appliqué" mode="standard,expert"><stereotype classType="Stereotype" humanType="Stéréotype" icon="SysML - BGR-300_files/icon_stereotype.jpg" name="DiagramInfo" refid="_9_0_be00301_1108044380615_150487_0"/></APPLIED_STEREOTYPES><appliedStereotype humanName="Stéréotype Appliqué" mode="standard,expert"><stereotype classType="Stereotype" humanType="Stéréotype" icon="SysML - BGR-300_files/icon_stereotype.jpg" name="DiagramInfo" refid="_9_0_be00301_1108044380615_150487_0"><property classType="Property" humanName="Author" humanType="Propriété" icon="SysML - BGR-300_files/icon_property.jpg" name="Author" refid="_be00301_1077726770128_871366_1"><String>svillacampa</String></property><property classType="Property" humanName="base_Diagram" humanType="Propriété" icon="SysML - BGR-300_files/icon_property.jpg" name="base_Diagram" refid="_10_0EAPbeta_be00301_1123081772498_901864_356"/><property classType="Property" humanName="base_Element" humanType="Propriété" icon="SysML - BGR-300_files/icon_property.jpg" name="base_Element" refid="_10_0EAPbeta_be00301_1123081772098_411862_275"/><property classType="Property" humanName="Creation date" humanType="Propriété" icon="SysML - BGR-300_files/icon_property.jpg" name="Creation date" refid="_be00301_1073306188629_537791_2"><String>27/05/15 08:47</String></property><property classType="Property" humanName="Last modified by" humanType="Propriété" icon="SysML - BGR-300_files/icon_property.jpg" name="Last modified by" refid="_16_8beta_8ca0285_1257244649124_794756_344"><String>Olivier</String></property><property classType="Property" humanName="Modification date" humanType="Propriété" icon="SysML - BGR-300_files/icon_property.jpg" name="Modification date" refid="_be00301_1073394345322_922552_1"><String>20/06/15 18:51</String></property></stereotype></appliedStereotype><visibility humanName="Visibilité">public</visibility></diagram></magicdraw>