<?xml version="1.0" encoding="UTF-8"?>
<magicdraw><flowport classType="Port" humanType="Flow Port" icon="SysML - BGR-300_files/icon_flowport.jpg" id="_17_0_4_1bde048e_1433746379688_810666_13582"><TO_DO humanName="A Faire" mode="standard,expert"></TO_DO><aggregation humanName="Agrégation">composite</aggregation><featuringClassifier humanName="Caractérise le Classificateur"><block classType="Class" humanType="Block" icon="SysML - BGR-300_files/icon_block.jpg" name="Moteur CC" refid="_17_0_4_1bde048e_1433745179721_547522_12892"/></featuringClassifier><UMLClass classType="Class" humanName="Classe" humanType="Block" icon="SysML - BGR-300_files/icon_block.jpg" name="Moteur CC" refid="_17_0_4_1bde048e_1433745179721_547522_12892"/><classifier classType="Class" humanName="Classificateur" humanType="Block" icon="SysML - BGR-300_files/icon_block.jpg" name="Moteur CC" refid="_17_0_4_1bde048e_1433745179721_547522_12892"/><default humanName="Défaut"></default><ownedElement humanName="Elément avec Possesseur"><instancespecification classType="InstanceSpecification" humanType="Spécification d'Instance" icon="SysML - BGR-300_files/icon_instancespecification.jpg" name="" refid="_17_0_4_1bde048e_1433746379688_735373_13583"/></ownedElement><namespace classType="Class" humanName="Espace de Nommage" humanType="Block" icon="SysML - BGR-300_files/icon_block.jpg" name="Moteur CC" refid="_17_0_4_1bde048e_1433745179721_547522_12892"/><isBehavior humanName="Est Comportemental" mode="standard,expert">false</isBehavior><isComposite humanName="Est Composite">true</isComposite><isConjugated humanName="Est Conjugué" mode="standard,expert">false</isConjugated><isDerived humanName="Est Dérivé">false</isDerived><isReadOnly humanName="Est en Lecture Seulement">false</isReadOnly><isID humanName="Est ID">false</isID><isOrdered humanName="Est Ordonné">false</isOrdered><isService humanName="Est Service" mode="standard,expert">true</isService><isStatic humanName="Est Statique">false</isStatic><isLeaf humanName="Est une Feuille">false</isLeaf><isDerivedUnion humanName="Est une Union Dérivée">false</isDerivedUnion><isUnique humanName="Est Unique">true</isUnique><end humanName="Fin"><connectorend classType="ConnectorEnd" humanType="Fin de Connecteur" icon="SysML - BGR-300_files/icon_connectorend.jpg" refid="_17_0_4_2_b1402db_1434818483628_761099_16299"/></end><appliedStereotypeInstance classType="InstanceSpecification" humanName="Instance de Stéréotype Appliqué" humanType="Spécification d'Instance" icon="SysML - BGR-300_files/icon_instancespecification.jpg" name="" refid="_17_0_4_1bde048e_1433746379688_735373_13583"/><multiplicity humanName="Multiplicité" mode="expert"></multiplicity><navigable humanName="Navigable">true</navigable><name humanName="Nom" mode="standard,expert">p1</name><qualifiedName humanName="Nom Qualifié" mode="expert">Etage boule (gros)::Moteur CC::p1</qualifiedName><lower humanName="Plus bas">1</lower><owner classType="Class" humanName="Possesseur" humanType="Block" icon="SysML - BGR-300_files/icon_block.jpg" mode="standard,expert" name="Moteur CC" refid="_17_0_4_1bde048e_1433745179721_547522_12892"/><ownedBy classType="Class" humanName="Possédé par" humanType="Block" icon="SysML - BGR-300_files/icon_block.jpg" name="Moteur CC" refid="_17_0_4_1bde048e_1433745179721_547522_12892"/><redefinitionContext humanName="Redéfinition de Contexte"><block classType="Class" humanType="Block" icon="SysML - BGR-300_files/icon_block.jpg" name="Moteur CC" refid="_17_0_4_1bde048e_1433745179721_547522_12892"/></redefinitionContext><APPLIED_STEREOTYPES humanName="Stéréotype Appliqué" mode="expert"><stereotype classType="Stereotype" humanType="Stéréotype" icon="SysML - BGR-300_files/icon_stereotype.jpg" name="FlowPort" refid="_11_0_be00301_1147682946132_981479_8"/></APPLIED_STEREOTYPES><appliedStereotype humanName="Stéréotype Appliqué" mode="expert"><stereotype classType="Stereotype" humanType="Stéréotype" icon="SysML - BGR-300_files/icon_stereotype.jpg" name="FlowPort" refid="_11_0_be00301_1147682946132_981479_8"><property classType="Property" humanName="base_Port" humanType="Propriété" icon="SysML - BGR-300_files/icon_property.jpg" name="base_Port" refid="_11_0_be00301_1147682950728_698804_11"/><property classType="Property" humanName="direction" humanType="Propriété" icon="SysML - BGR-300_files/icon_property.jpg" name="direction" refid="_11_0_be00301_1147682986961_237223_97"><enumerationliteral classType="EnumerationLiteral" humanType="Littéral d'Enumération" icon="SysML - BGR-300_files/icon_enumerationliteral.jpg" name="in" refid="_11_0_be00301_1147682907476_320772_1"/></property><property classType="Property" humanName="isAtomic" humanType="Propriété" icon="SysML - BGR-300_files/icon_property.jpg" name="isAtomic" refid="_11_0_be00301_1147683150866_622773_103"><Boolean>true</Boolean></property></stereotype></appliedStereotype><upper humanName="Supérieur">1</upper><TYPE_MODIFIER humanName="Type de Modificateur" mode="expert"></TYPE_MODIFIER><visibility humanName="Visibilité" mode="standard,expert">public</visibility></flowport></magicdraw>