<?xml version="1.0" encoding="UTF-8"?>
<magicdraw><block classType="Class" humanType="Block" icon="SysML - BGR-300_files/icon_block.jpg" id="_17_0_4_1bde048e_1432881856459_500872_11706"><TO_DO humanName="A Faire" mode="standard,expert"></TO_DO><attribute humanName="Attribut"><flowport classType="Port" humanType="Flow Port" icon="SysML - BGR-300_files/icon_flowport.jpg" name="Energie méca" refid="_17_0_4_1bde048e_1433489595828_568443_12985"/><flowport classType="Port" humanType="Flow Port" icon="SysML - BGR-300_files/icon_flowport.jpg" name="p1" refid="_17_0_4_1bde048e_1433489590924_516306_12961"/><valueproperty classType="Property" humanType="Value Property" icon="SysML - BGR-300_files/icon_valueproperty.jpg" name="Rapport de transmission r2" refid="_17_0_4_1bde048e_1432881920157_373425_11747"/><referenceproperty classType="Property" humanType="Reference Property" icon="SysML - BGR-300_files/icon_referenceproperty.jpg" name="Référence" refid="_17_0_4_1bde048e_1432881874100_380649_11743"/></attribute><ownedAttribute humanName="Attribut avec Possesseur"><flowport classType="Port" humanType="Flow Port" icon="SysML - BGR-300_files/icon_flowport.jpg" name="Energie méca" refid="_17_0_4_1bde048e_1433489595828_568443_12985"/><flowport classType="Port" humanType="Flow Port" icon="SysML - BGR-300_files/icon_flowport.jpg" name="p1" refid="_17_0_4_1bde048e_1433489590924_516306_12961"/><valueproperty classType="Property" humanType="Value Property" icon="SysML - BGR-300_files/icon_valueproperty.jpg" name="Rapport de transmission r2" refid="_17_0_4_1bde048e_1432881920157_373425_11747"/><referenceproperty classType="Property" humanType="Reference Property" icon="SysML - BGR-300_files/icon_referenceproperty.jpg" name="Référence" refid="_17_0_4_1bde048e_1432881874100_380649_11743"/></ownedAttribute><feature humanName="Caractéristique"><flowport classType="Port" humanType="Flow Port" icon="SysML - BGR-300_files/icon_flowport.jpg" name="Energie méca" refid="_17_0_4_1bde048e_1433489595828_568443_12985"/><flowport classType="Port" humanType="Flow Port" icon="SysML - BGR-300_files/icon_flowport.jpg" name="p1" refid="_17_0_4_1bde048e_1433489590924_516306_12961"/><valueproperty classType="Property" humanType="Value Property" icon="SysML - BGR-300_files/icon_valueproperty.jpg" name="Rapport de transmission r2" refid="_17_0_4_1bde048e_1432881920157_373425_11747"/><referenceproperty classType="Property" humanType="Reference Property" icon="SysML - BGR-300_files/icon_referenceproperty.jpg" name="Référence" refid="_17_0_4_1bde048e_1432881874100_380649_11743"/></feature><ownedElement humanName="Elément avec Possesseur"><instancespecification classType="InstanceSpecification" humanType="Spécification d'Instance" icon="SysML - BGR-300_files/icon_instancespecification.jpg" name="" refid="_17_0_4_1bde048e_1432881856460_611805_11707"/><flowport classType="Port" humanType="Flow Port" icon="SysML - BGR-300_files/icon_flowport.jpg" name="Energie méca" refid="_17_0_4_1bde048e_1433489595828_568443_12985"/><flowport classType="Port" humanType="Flow Port" icon="SysML - BGR-300_files/icon_flowport.jpg" name="p1" refid="_17_0_4_1bde048e_1433489590924_516306_12961"/><valueproperty classType="Property" humanType="Value Property" icon="SysML - BGR-300_files/icon_valueproperty.jpg" name="Rapport de transmission r2" refid="_17_0_4_1bde048e_1432881920157_373425_11747"/><referenceproperty classType="Property" humanType="Reference Property" icon="SysML - BGR-300_files/icon_referenceproperty.jpg" name="Référence" refid="_17_0_4_1bde048e_1432881874100_380649_11743"/></ownedElement><namespace classType="Package" humanName="Espace de Nommage" humanType="Paquet" icon="SysML - BGR-300_files/icon_package.jpg" name="Etage optique (fin)" refid="_17_0_4_1bde048e_1433354650071_969389_12931"/><isAbstract humanName="Est Abstrait" mode="standard,expert">false</isAbstract><isActive humanName="Est Actif" mode="standard,expert">false</isActive><isFinalSpecialization humanName="Est Final Spécialisation" mode="expert">false</isFinalSpecialization><isLeaf humanName="Est une Feuille" mode="expert">false</isLeaf><appliedStereotypeInstance classType="InstanceSpecification" humanName="Instance de Stéréotype Appliqué" humanType="Spécification d'Instance" icon="SysML - BGR-300_files/icon_instancespecification.jpg" name="" refid="_17_0_4_1bde048e_1432881856460_611805_11707"/><member humanName="Membre"><flowport classType="Port" humanType="Flow Port" icon="SysML - BGR-300_files/icon_flowport.jpg" name="Energie méca" refid="_17_0_4_1bde048e_1433489595828_568443_12985"/><flowport classType="Port" humanType="Flow Port" icon="SysML - BGR-300_files/icon_flowport.jpg" name="p1" refid="_17_0_4_1bde048e_1433489590924_516306_12961"/><valueproperty classType="Property" humanType="Value Property" icon="SysML - BGR-300_files/icon_valueproperty.jpg" name="Rapport de transmission r2" refid="_17_0_4_1bde048e_1432881920157_373425_11747"/><referenceproperty classType="Property" humanType="Reference Property" icon="SysML - BGR-300_files/icon_referenceproperty.jpg" name="Référence" refid="_17_0_4_1bde048e_1432881874100_380649_11743"/></member><ownedMember humanName="Membre avec Possesseur"><flowport classType="Port" humanType="Flow Port" icon="SysML - BGR-300_files/icon_flowport.jpg" name="Energie méca" refid="_17_0_4_1bde048e_1433489595828_568443_12985"/><flowport classType="Port" humanType="Flow Port" icon="SysML - BGR-300_files/icon_flowport.jpg" name="p1" refid="_17_0_4_1bde048e_1433489590924_516306_12961"/><valueproperty classType="Property" humanType="Value Property" icon="SysML - BGR-300_files/icon_valueproperty.jpg" name="Rapport de transmission r2" refid="_17_0_4_1bde048e_1432881920157_373425_11747"/><referenceproperty classType="Property" humanType="Reference Property" icon="SysML - BGR-300_files/icon_referenceproperty.jpg" name="Référence" refid="_17_0_4_1bde048e_1432881874100_380649_11743"/></ownedMember><name humanName="Nom" mode="standard,expert">Réducteur</name><qualifiedName humanName="Nom Qualifié" mode="expert">Etage optique (fin)::Réducteur</qualifiedName><package classType="Package" humanName="Paquetage" humanType="Paquet" icon="SysML - BGR-300_files/icon_package.jpg" name="Etage optique (fin)" refid="_17_0_4_1bde048e_1433354650071_969389_12931"/><owningPackage classType="Package" humanName="Paquetage de Possession" humanType="Paquet" icon="SysML - BGR-300_files/icon_package.jpg" name="Etage optique (fin)" refid="_17_0_4_1bde048e_1433354650071_969389_12931"/><part humanName="Partie"><flowport classType="Port" humanType="Flow Port" icon="SysML - BGR-300_files/icon_flowport.jpg" name="Energie méca" refid="_17_0_4_1bde048e_1433489595828_568443_12985"/><flowport classType="Port" humanType="Flow Port" icon="SysML - BGR-300_files/icon_flowport.jpg" name="p1" refid="_17_0_4_1bde048e_1433489590924_516306_12961"/><valueproperty classType="Property" humanType="Value Property" icon="SysML - BGR-300_files/icon_valueproperty.jpg" name="Rapport de transmission r2" refid="_17_0_4_1bde048e_1432881920157_373425_11747"/></part><ownedPort humanName="Port avec Possesseur"><flowport classType="Port" humanType="Flow Port" icon="SysML - BGR-300_files/icon_flowport.jpg" name="Energie méca" refid="_17_0_4_1bde048e_1433489595828_568443_12985"/><flowport classType="Port" humanType="Flow Port" icon="SysML - BGR-300_files/icon_flowport.jpg" name="p1" refid="_17_0_4_1bde048e_1433489590924_516306_12961"/></ownedPort><owner classType="Package" humanName="Possesseur" humanType="Paquet" icon="SysML - BGR-300_files/icon_package.jpg" mode="standard,expert" name="Etage optique (fin)" refid="_17_0_4_1bde048e_1433354650071_969389_12931"/><role humanName="Rôle"><flowport classType="Port" humanType="Flow Port" icon="SysML - BGR-300_files/icon_flowport.jpg" name="Energie méca" refid="_17_0_4_1bde048e_1433489595828_568443_12985"/><flowport classType="Port" humanType="Flow Port" icon="SysML - BGR-300_files/icon_flowport.jpg" name="p1" refid="_17_0_4_1bde048e_1433489590924_516306_12961"/><valueproperty classType="Property" humanType="Value Property" icon="SysML - BGR-300_files/icon_valueproperty.jpg" name="Rapport de transmission r2" refid="_17_0_4_1bde048e_1432881920157_373425_11747"/><referenceproperty classType="Property" humanType="Reference Property" icon="SysML - BGR-300_files/icon_referenceproperty.jpg" name="Référence" refid="_17_0_4_1bde048e_1432881874100_380649_11743"/></role><APPLIED_STEREOTYPES humanName="Stéréotype Appliqué" mode="expert"><stereotype classType="Stereotype" humanType="Stéréotype" icon="SysML - BGR-300_files/icon_stereotype.jpg" name="Block" refid="_11_5EAPbeta_be00301_1147424179914_458922_958"/></APPLIED_STEREOTYPES><appliedStereotype humanName="Stéréotype Appliqué" mode="expert"><stereotype classType="Stereotype" humanType="Stéréotype" icon="SysML - BGR-300_files/icon_stereotype.jpg" name="Block" refid="_11_5EAPbeta_be00301_1147424179914_458922_958"><property classType="Property" humanName="base_Class" humanType="Propriété" icon="SysML - BGR-300_files/icon_property.jpg" name="base_Class" refid="_11_5EAPbeta_be00301_1147424181797_326831_961"/><property classType="Property" humanName="isEncapsulated" humanType="Propriété" icon="SysML - BGR-300_files/icon_property.jpg" name="isEncapsulated" refid="_11_5EAPbeta_be00301_1147424201876_860708_1049"/></stereotype></appliedStereotype><visibility humanName="Visibilité" mode="standard,expert">public</visibility></block></magicdraw>