<?xml version="1.0" encoding="UTF-8"?>
<magicdraw><literalstring classType="LiteralString" humanType="Littéral Chaîne de Caractères" icon="SysML - BGR-300_files/icon_literalstring.jpg" id="_17_0_4_1bde048e_1432881898771_488491_11746"><TO_DO humanName="A Faire"></TO_DO><name humanName="Nom"></name><qualifiedName humanName="Nom Qualifié">Etage optique (fin)::Réducteur::Référence::</qualifiedName><owner classType="Property" humanName="Possesseur" humanType="Reference Property" icon="SysML - BGR-300_files/icon_referenceproperty.jpg" mode="expert" name="Référence" refid="_17_0_4_1bde048e_1432881874100_380649_11743"/><owningProperty classType="Property" humanName="Propriété de Possession" humanType="Reference Property" icon="SysML - BGR-300_files/icon_referenceproperty.jpg" name="Référence" refid="_17_0_4_1bde048e_1432881874100_380649_11743"/><text humanName="Text" mode="standard">GPX16 A</text><TYPE_MODIFIER humanName="Type de Modificateur"></TYPE_MODIFIER><value humanName="Valeur" mode="standard,expert">GPX16 A</value><visibility humanName="Visibilité">public</visibility></literalstring></magicdraw>