<?xml version="1.0" encoding="UTF-8"?>
<magicdraw><requirement classType="Class" humanType="Requirement" icon="SysML - BGR-300_files/icon_requirement.jpg" id="_17_0_4_1bde048e_1432804916642_616949_11154"><TO_DO humanName="A Faire" mode="standard,expert"></TO_DO><UMLClass classType="Class" humanName="Classe" humanType="Requirement" icon="SysML - BGR-300_files/icon_requirement.jpg" name="Exigences fonctionnelles" refid="_17_0_4_1bde048e_1432709031164_308042_11152"/><nestedClassifier humanName="Classificateur Imbriqué"><requirement classType="Class" humanType="Requirement" icon="SysML - BGR-300_files/icon_requirement.jpg" name="Perturbations aérodynamiques du vol" refid="_17_0_4_1bde048e_1432805503529_165955_11258"/><requirement classType="Class" humanType="Requirement" icon="SysML - BGR-300_files/icon_requirement.jpg" name="Perturbations dynamiques du vol" refid="_17_0_4_1bde048e_1432805549542_692769_11330"/><requirement classType="Class" humanType="Requirement" icon="SysML - BGR-300_files/icon_requirement.jpg" name="Perturbations vibratoires du porteur" refid="_17_0_4_1bde048e_1432805526155_566199_11294"/></nestedClassifier><ownedElement humanName="Elément avec Possesseur"><instancespecification classType="InstanceSpecification" humanType="Spécification d'Instance" icon="SysML - BGR-300_files/icon_instancespecification.jpg" name="" refid="_17_0_4_1bde048e_1432804916642_43978_11155"/><requirement classType="Class" humanType="Requirement" icon="SysML - BGR-300_files/icon_requirement.jpg" name="Perturbations aérodynamiques du vol" refid="_17_0_4_1bde048e_1432805503529_165955_11258"/><requirement classType="Class" humanType="Requirement" icon="SysML - BGR-300_files/icon_requirement.jpg" name="Perturbations dynamiques du vol" refid="_17_0_4_1bde048e_1432805549542_692769_11330"/><requirement classType="Class" humanType="Requirement" icon="SysML - BGR-300_files/icon_requirement.jpg" name="Perturbations vibratoires du porteur" refid="_17_0_4_1bde048e_1432805526155_566199_11294"/></ownedElement><namespace classType="Class" humanName="Espace de Nommage" humanType="Requirement" icon="SysML - BGR-300_files/icon_requirement.jpg" name="Exigences fonctionnelles" refid="_17_0_4_1bde048e_1432709031164_308042_11152"/><isAbstract humanName="Est Abstrait" mode="standard,expert">false</isAbstract><isActive humanName="Est Actif" mode="standard,expert">false</isActive><isFinalSpecialization humanName="Est Final Spécialisation" mode="expert">false</isFinalSpecialization><isLeaf humanName="Est une Feuille" mode="expert">false</isLeaf><appliedStereotypeInstance classType="InstanceSpecification" humanName="Instance de Stéréotype Appliqué" humanType="Spécification d'Instance" icon="SysML - BGR-300_files/icon_instancespecification.jpg" name="" refid="_17_0_4_1bde048e_1432804916642_43978_11155"/><member humanName="Membre"><requirement classType="Class" humanType="Requirement" icon="SysML - BGR-300_files/icon_requirement.jpg" name="Perturbations aérodynamiques du vol" refid="_17_0_4_1bde048e_1432805503529_165955_11258"/><requirement classType="Class" humanType="Requirement" icon="SysML - BGR-300_files/icon_requirement.jpg" name="Perturbations dynamiques du vol" refid="_17_0_4_1bde048e_1432805549542_692769_11330"/><requirement classType="Class" humanType="Requirement" icon="SysML - BGR-300_files/icon_requirement.jpg" name="Perturbations vibratoires du porteur" refid="_17_0_4_1bde048e_1432805526155_566199_11294"/></member><ownedMember humanName="Membre avec Possesseur"><requirement classType="Class" humanType="Requirement" icon="SysML - BGR-300_files/icon_requirement.jpg" name="Perturbations aérodynamiques du vol" refid="_17_0_4_1bde048e_1432805503529_165955_11258"/><requirement classType="Class" humanType="Requirement" icon="SysML - BGR-300_files/icon_requirement.jpg" name="Perturbations dynamiques du vol" refid="_17_0_4_1bde048e_1432805549542_692769_11330"/><requirement classType="Class" humanType="Requirement" icon="SysML - BGR-300_files/icon_requirement.jpg" name="Perturbations vibratoires du porteur" refid="_17_0_4_1bde048e_1432805526155_566199_11294"/></ownedMember><name humanName="Nom" mode="standard,expert">Sensibilité aux perturbations</name><qualifiedName humanName="Nom Qualifié" mode="expert">Divers::Exigence globale::Exigences fonctionnelles::Sensibilité aux perturbations</qualifiedName><owner classType="Class" humanName="Possesseur" humanType="Requirement" icon="SysML - BGR-300_files/icon_requirement.jpg" mode="standard,expert" name="Exigences fonctionnelles" refid="_17_0_4_1bde048e_1432709031164_308042_11152"/><redefinitionContext humanName="Redéfinition de Contexte"><requirement classType="Class" humanType="Requirement" icon="SysML - BGR-300_files/icon_requirement.jpg" name="Exigences fonctionnelles" refid="_17_0_4_1bde048e_1432709031164_308042_11152"/></redefinitionContext><APPLIED_STEREOTYPES humanName="Stéréotype Appliqué" mode="expert"><stereotype classType="Stereotype" humanType="Stéréotype" icon="SysML - BGR-300_files/icon_stereotype.jpg" name="Requirement" refid="_11_5EAPbeta_be00301_1147873190330_159934_2220"/></APPLIED_STEREOTYPES><appliedStereotype humanName="Stéréotype Appliqué" mode="expert"><stereotype classType="Stereotype" humanType="Stéréotype" icon="SysML - BGR-300_files/icon_stereotype.jpg" name="Requirement" refid="_11_5EAPbeta_be00301_1147873190330_159934_2220"><property classType="Property" humanName="base_Class" humanType="Propriété" icon="SysML - BGR-300_files/icon_property.jpg" name="base_Class" refid="_11_5EAPbeta_be00301_1147873202657_657868_2245"/><property classType="Property" humanName="Derived" humanType="Propriété" icon="SysML - BGR-300_files/icon_property.jpg" name="Derived" refid="_11_5EAPbeta_be00301_1147873270395_224246_2315"/><property classType="Property" humanName="DerivedFrom" humanType="Propriété" icon="SysML - BGR-300_files/icon_property.jpg" name="DerivedFrom" refid="_11_5EAPbeta_be00301_1147873420921_577811_2428"/><property classType="Property" humanName="Id" humanType="Propriété" icon="SysML - BGR-300_files/icon_property.jpg" name="Id" refid="_11_5EAPbeta_be00301_1147873236436_846958_2313"><String>23.1.1</String></property><property classType="Property" humanName="Master" humanType="Propriété" icon="SysML - BGR-300_files/icon_property.jpg" name="Master" refid="_11_5EAPbeta_be00301_1147873471464_579660_2432"/><property classType="Property" humanName="RefinedBy" humanType="Propriété" icon="SysML - BGR-300_files/icon_property.jpg" name="RefinedBy" refid="_11_5EAPbeta_be00301_1147937729182_464142_2439"/><property classType="Property" humanName="SatisfiedBy" humanType="Propriété" icon="SysML - BGR-300_files/icon_property.jpg" name="SatisfiedBy" refid="_11_5EAPbeta_be00301_1147873686663_144388_2435"/><property classType="Property" humanName="Text" humanType="Propriété" icon="SysML - BGR-300_files/icon_property.jpg" name="Text" refid="_11_5EAPbeta_be00301_1147873226632_528960_2311"><String>Le système doit être insensible aux perturbations qu'il subit.</String></property><property classType="Property" humanName="TracedTo" humanType="Propriété" icon="SysML - BGR-300_files/icon_property.jpg" name="TracedTo" refid="_11_5EAPbeta_be00301_1147937745866_238216_2443"/><property classType="Property" humanName="VerifiedBy" humanType="Propriété" icon="SysML - BGR-300_files/icon_property.jpg" name="VerifiedBy" refid="_11_5EAPbeta_be00301_1147937806133_309234_2611"/></stereotype></appliedStereotype><visibility humanName="Visibilité" mode="standard,expert">public</visibility></requirement></magicdraw>