<?xml version="1.0" encoding="UTF-8"?>
<magicdraw><slot classType="Slot" humanType="Emplacement" icon="SysML - BGR-300_files/icon_slot.jpg" id="_17_0_4_1bde048e_1474540236439_633454_6768"><TO_DO humanName="A Faire" mode="standard,expert"></TO_DO><definingFeature classType="Property" humanName="Définir la Caractéristique" humanType="Propriété" icon="SysML - BGR-300_files/icon_property.jpg" mode="standard,expert" name="Component Complexity" refid="_86b026b_1101133929591_761242_5"/><ownedElement humanName="Elément avec Possesseur"><instancevalue classType="InstanceValue" humanType="Valeur d'Instance" icon="SysML - BGR-300_files/icon_instancevalue.jpg" name="" refid="_17_0_4_1bde048e_1474540236439_691137_6769" text="Average Complexity"/></ownedElement><owningInstance classType="InstanceSpecification" humanName="Instance de Possession" humanType="Spécification d'Instance" icon="SysML - BGR-300_files/icon_instancespecification.jpg" name="" refid="_17_0_4_1bde048e_1434793586235_706872_12708"/><owner classType="InstanceSpecification" humanName="Possesseur" humanType="Spécification d'Instance" icon="SysML - BGR-300_files/icon_instancespecification.jpg" mode="standard,expert" name="" refid="_17_0_4_1bde048e_1434793586235_706872_12708"/><value humanName="Valeur" mode="standard,expert"><instancevalue classType="InstanceValue" humanType="Valeur d'Instance" icon="SysML - BGR-300_files/icon_instancevalue.jpg" name="" refid="_17_0_4_1bde048e_1474540236439_691137_6769" text="Average Complexity"/></value></slot></magicdraw>