<?xml version="1.0" encoding="UTF-8"?>
<magicdraw><literalstring classType="LiteralString" humanType="Littéral Chaîne de Caractères" icon="SysML - BGR-300_files/icon_literalstring.jpg" id="_17_0_4_1bde048e_1474540236449_642172_6821"><TO_DO humanName="A Faire"></TO_DO><owningSlot classType="Slot" humanName="Emplacement de Possession" humanType="Emplacement" icon="SysML - BGR-300_files/icon_slot.jpg" refid="_17_0_4_1bde048e_1474540236449_398431_6820"/><name humanName="Nom"></name><qualifiedName humanName="Nom Qualifié">Divers::Exigence globale::Exigences fonctionnelles::Sensibilité aux perturbations::::</qualifiedName><owner classType="Slot" humanName="Possesseur" humanType="Emplacement" icon="SysML - BGR-300_files/icon_slot.jpg" mode="expert" refid="_17_0_4_1bde048e_1474540236449_398431_6820"/><text humanName="Text" mode="standard">Le système doit être insensible aux perturbations qu'il subit.</text><TYPE_MODIFIER humanName="Type de Modificateur"></TYPE_MODIFIER><value humanName="Valeur" mode="standard,expert">Le système doit être insensible aux perturbations qu'il subit.</value><visibility humanName="Visibilité">public</visibility></literalstring></magicdraw>