<?xml version="1.0" encoding="UTF-8"?>
<magicdraw><usecase classType="UseCase" humanType="Cas d'Utilisation" icon="SysML - BGR-300_files/icon_usecase.jpg" id="_17_0_4_1bde048e_1432708214449_154489_10903"><TO_DO humanName="A Faire" mode="standard,expert"></TO_DO><namespace classType="Package" humanName="Espace de Nommage" humanType="Paquet" icon="SysML - BGR-300_files/icon_package.jpg" name="Divers" refid="_17_0_4_2_b1402db_1434819072685_820867_16616"/><isAbstract humanName="Est Abstrait">false</isAbstract><isFinalSpecialization humanName="Est Final Spécialisation">false</isFinalSpecialization><isLeaf humanName="Est une Feuille">false</isLeaf><name humanName="Nom" mode="standard,expert">Obtenir une image fidèle suivant la ligne de visée</name><qualifiedName humanName="Nom Qualifié" mode="expert">Divers::Obtenir une image fidèle suivant la ligne de visée</qualifiedName><package classType="Package" humanName="Paquetage" humanType="Paquet" icon="SysML - BGR-300_files/icon_package.jpg" name="Divers" refid="_17_0_4_2_b1402db_1434819072685_820867_16616"/><owningPackage classType="Package" humanName="Paquetage de Possession" humanType="Paquet" icon="SysML - BGR-300_files/icon_package.jpg" name="Divers" refid="_17_0_4_2_b1402db_1434819072685_820867_16616"/><owner classType="Package" humanName="Possesseur" humanType="Paquet" icon="SysML - BGR-300_files/icon_package.jpg" mode="standard,expert" name="Divers" refid="_17_0_4_2_b1402db_1434819072685_820867_16616"/><visibility humanName="Visibilité">public</visibility></usecase></magicdraw>