<?xml version="1.0" encoding="UTF-8"?>
<magicdraw><requirement classType="Class" humanType="Requirement" icon="SysML - BGR-300_files/icon_requirement.jpg" id="_17_0_4_1bde048e_1432804893528_303826_11118"><TO_DO humanName="A Faire" mode="standard,expert"></TO_DO><UMLClass classType="Class" humanName="Classe" humanType="Requirement" icon="SysML - BGR-300_files/icon_requirement.jpg" name="Alignement parfait de la ligne de visée du pilote avec l'axe optique des caméras de la boule gyrostabilisée" refid="_17_0_4_1bde048e_1432804318286_455859_11041"/><clientDependency humanName="Dépendance Client"><refine classType="Abstraction" humanType="Refine" icon="SysML - BGR-300_files/icon_refine.jpg" isRelationship="true" name="" refid="_17_0_4_2_b1402db_1434807536548_472369_12927"/></clientDependency><ownedElement humanName="Elément avec Possesseur"><instancespecification classType="InstanceSpecification" humanType="Spécification d'Instance" icon="SysML - BGR-300_files/icon_instancespecification.jpg" name="" refid="_17_0_4_1bde048e_1432804893528_120905_11119"/></ownedElement><namespace classType="Class" humanName="Espace de Nommage" humanType="Requirement" icon="SysML - BGR-300_files/icon_requirement.jpg" name="Alignement parfait de la ligne de visée du pilote avec l'axe optique des caméras de la boule gyrostabilisée" refid="_17_0_4_1bde048e_1432804318286_455859_11041"/><isAbstract humanName="Est Abstrait" mode="standard,expert">false</isAbstract><isActive humanName="Est Actif" mode="standard,expert">false</isActive><isFinalSpecialization humanName="Est Final Spécialisation" mode="expert">false</isFinalSpecialization><isLeaf humanName="Est une Feuille" mode="expert">false</isLeaf><appliedStereotypeInstance classType="InstanceSpecification" humanName="Instance de Stéréotype Appliqué" humanType="Spécification d'Instance" icon="SysML - BGR-300_files/icon_instancespecification.jpg" name="" refid="_17_0_4_1bde048e_1432804893528_120905_11119"/><name humanName="Nom" mode="standard,expert">Précision</name><qualifiedName humanName="Nom Qualifié" mode="expert">Divers::Exigence globale::Exigences fonctionnelles::Alignement parfait de la ligne de visée du pilote avec l'axe optique des caméras de la boule gyrostabilisée::Précision</qualifiedName><owner classType="Class" humanName="Possesseur" humanType="Requirement" icon="SysML - BGR-300_files/icon_requirement.jpg" mode="standard,expert" name="Alignement parfait de la ligne de visée du pilote avec l'axe optique des caméras de la boule gyrostabilisée" refid="_17_0_4_1bde048e_1432804318286_455859_11041"/><redefinitionContext humanName="Redéfinition de Contexte"><requirement classType="Class" humanType="Requirement" icon="SysML - BGR-300_files/icon_requirement.jpg" name="Alignement parfait de la ligne de visée du pilote avec l'axe optique des caméras de la boule gyrostabilisée" refid="_17_0_4_1bde048e_1432804318286_455859_11041"/></redefinitionContext><APPLIED_STEREOTYPES humanName="Stéréotype Appliqué" mode="expert"><stereotype classType="Stereotype" humanType="Stéréotype" icon="SysML - BGR-300_files/icon_stereotype.jpg" name="Requirement" refid="_11_5EAPbeta_be00301_1147873190330_159934_2220"/><stereotype classType="Stereotype" humanType="Stéréotype" icon="SysML - BGR-300_files/icon_stereotype.jpg" name="RequirementRelated" refid="_11_5EAPbeta_be00301_1147937995745_366126_2645"/></APPLIED_STEREOTYPES><appliedStereotype humanName="Stéréotype Appliqué" mode="expert"><stereotype classType="Stereotype" humanType="Stéréotype" icon="SysML - BGR-300_files/icon_stereotype.jpg" name="Requirement" refid="_11_5EAPbeta_be00301_1147873190330_159934_2220"><property classType="Property" humanName="base_Class" humanType="Propriété" icon="SysML - BGR-300_files/icon_property.jpg" name="base_Class" refid="_11_5EAPbeta_be00301_1147873202657_657868_2245"/><property classType="Property" humanName="Derived" humanType="Propriété" icon="SysML - BGR-300_files/icon_property.jpg" name="Derived" refid="_11_5EAPbeta_be00301_1147873270395_224246_2315"/><property classType="Property" humanName="DerivedFrom" humanType="Propriété" icon="SysML - BGR-300_files/icon_property.jpg" name="DerivedFrom" refid="_11_5EAPbeta_be00301_1147873420921_577811_2428"/><property classType="Property" humanName="Id" humanType="Propriété" icon="SysML - BGR-300_files/icon_property.jpg" name="Id" refid="_11_5EAPbeta_be00301_1147873236436_846958_2313"><String>23.1.2.1</String></property><property classType="Property" humanName="Master" humanType="Propriété" icon="SysML - BGR-300_files/icon_property.jpg" name="Master" refid="_11_5EAPbeta_be00301_1147873471464_579660_2432"/><property classType="Property" humanName="RefinedBy" humanType="Propriété" icon="SysML - BGR-300_files/icon_property.jpg" name="RefinedBy" refid="_11_5EAPbeta_be00301_1147937729182_464142_2439"/><property classType="Property" humanName="SatisfiedBy" humanType="Propriété" icon="SysML - BGR-300_files/icon_property.jpg" name="SatisfiedBy" refid="_11_5EAPbeta_be00301_1147873686663_144388_2435"/><property classType="Property" humanName="Text" humanType="Propriété" icon="SysML - BGR-300_files/icon_property.jpg" name="Text" refid="_11_5EAPbeta_be00301_1147873226632_528960_2311"><String>L'écart angulaire maximum entre la ligne de visée du pilote et l'axe optique de la boule gyrostabilisée est de 680µrad.</String></property><property classType="Property" humanName="TracedTo" humanType="Propriété" icon="SysML - BGR-300_files/icon_property.jpg" name="TracedTo" refid="_11_5EAPbeta_be00301_1147937745866_238216_2443"/><property classType="Property" humanName="VerifiedBy" humanType="Propriété" icon="SysML - BGR-300_files/icon_property.jpg" name="VerifiedBy" refid="_11_5EAPbeta_be00301_1147937806133_309234_2611"/></stereotype><stereotype classType="Stereotype" humanType="Stéréotype" icon="SysML - BGR-300_files/icon_stereotype.jpg" name="RequirementRelated" refid="_11_5EAPbeta_be00301_1147937995745_366126_2645"><property classType="Property" humanName="base_NamedElement" humanType="Propriété" icon="SysML - BGR-300_files/icon_property.jpg" name="base_NamedElement" refid="_11_5EAPbeta_be00301_1147937998790_477441_2648"/><property classType="Property" humanName="Refines" humanType="Propriété" icon="SysML - BGR-300_files/icon_property.jpg" name="Refines" refid="_11_5EAPbeta_be00301_1147938133754_549891_2749"><requirement classType="Class" humanType="Requirement" icon="SysML - BGR-300_files/icon_requirement.jpg" name="Alignement parfait de la ligne de visée du pilote avec l'axe optique des caméras de la boule gyrostabilisée" refid="_17_0_4_1bde048e_1432804318286_455859_11041"/></property><property classType="Property" humanName="Satisfies" humanType="Propriété" icon="SysML - BGR-300_files/icon_property.jpg" name="Satisfies" refid="_11_5EAPbeta_be00301_1147938121626_96044_2745"/><property classType="Property" humanName="TracedFrom" humanType="Propriété" icon="SysML - BGR-300_files/icon_property.jpg" name="TracedFrom" refid="_11_5EAPbeta_be00301_1147938082139_206262_2741"/><property classType="Property" humanName="Verifies" humanType="Propriété" icon="SysML - BGR-300_files/icon_property.jpg" name="Verifies" refid="_11_5EAPbeta_be00301_1147938029954_525271_2736"/></stereotype></appliedStereotype><visibility humanName="Visibilité" mode="standard,expert">public</visibility></requirement></magicdraw>