<?xml version="1.0" encoding="UTF-8"?>
<magicdraw><literalboolean classType="LiteralBoolean" humanType="Littéral Booléen" icon="SysML - BGR-300_files/icon_literalboolean.jpg" id="_17_0_4_1bde048e_1474540236444_10837_6797"><TO_DO humanName="A Faire"></TO_DO><owningSlot classType="Slot" humanName="Emplacement de Possession" humanType="Emplacement" icon="SysML - BGR-300_files/icon_slot.jpg" refid="_17_0_4_1bde048e_1474540236444_884462_6796"/><name humanName="Nom"></name><qualifiedName humanName="Nom Qualifié">Etage optique (fin)::Carte EPOS::p5::::</qualifiedName><owner classType="Slot" humanName="Possesseur" humanType="Emplacement" icon="SysML - BGR-300_files/icon_slot.jpg" mode="expert" refid="_17_0_4_1bde048e_1474540236444_884462_6796"/><text humanName="Text" mode="standard">true</text><TYPE_MODIFIER humanName="Type de Modificateur"></TYPE_MODIFIER><value humanName="Valeur" mode="standard,expert">true</value><visibility humanName="Visibilité">public</visibility></literalboolean></magicdraw>